order_id,customer_id,sku_id,sku_name
T00000,C0069,SKU_001,尿布
T00000,C0069,SKU_003,啤酒
T00000,C0069,SKU_024,口香糖
T00001,C0092,SKU_009,礦泉水
T00001,C0092,SKU_025,衛生紙
T00001,C0092,SKU_029,SKU_NEW_001
T00002,C0974,SKU_001,尿布
T00002,C0974,SKU_007,可樂
T00002,C0974,SKU_028,茶包
T00003,C0625,SKU_001,尿布
T00003,C0625,SKU_002,起司
T00003,C0625,SKU_003,啤酒
T00003,C0625,SKU_004,紅酒
T00003,C0625,SKU_006,米
T00003,C0625,SKU_007,可樂
T00003,C0625,SKU_008,醬油
T00003,C0625,SKU_011,杯麵
T00003,C0625,SKU_013,果醬
T00003,C0625,SKU_020,葡萄
T00004,C0158,SKU_003,啤酒
T00004,C0158,SKU_009,礦泉水
T00004,C0158,SKU_013,果醬
T00005,C0268,SKU_012,麵包
T00006,C0474,SKU_007,可樂
T00006,C0474,SKU_024,口香糖
T00007,C0093,SKU_009,礦泉水
T00007,C0093,SKU_014,雪碧
T00008,C0286,SKU_009,礦泉水
T00008,C0286,SKU_024,口香糖
T00009,C0488,SKU_001,尿布
T00009,C0488,SKU_003,啤酒
T00009,C0488,SKU_006,米
T00009,C0488,SKU_008,醬油
T00009,C0488,SKU_012,麵包
T00009,C0488,SKU_013,果醬
T00009,C0488,SKU_023,洋芋片
T00009,C0488,SKU_025,衛生紙
T00010,C0406,SKU_004,紅酒
T00010,C0406,SKU_006,米
T00010,C0406,SKU_008,醬油
T00010,C0406,SKU_009,礦泉水
T00010,C0406,SKU_010,寶特瓶飲料
T00010,C0406,SKU_015,牛奶
T00010,C0406,SKU_019,橘子
T00010,C0406,SKU_023,洋芋片
T00010,C0406,SKU_025,衛生紙
T00011,C0255,SKU_007,可樂
T00011,C0255,SKU_017,蘋果
T00011,C0255,SKU_030,SKU_NEW_002
T00012,C0132,SKU_005,塑膠袋
T00012,C0132,SKU_007,可樂
T00012,C0132,SKU_010,寶特瓶飲料
T00012,C0132,SKU_019,橘子
T00012,C0132,SKU_021,餅乾
T00012,C0132,SKU_028,茶包
T00013,C0802,SKU_009,礦泉水
T00013,C0802,SKU_013,果醬
T00013,C0802,SKU_020,葡萄
T00013,C0802,SKU_025,衛生紙
T00013,C0802,SKU_028,茶包
T00014,C0578,SKU_010,寶特瓶飲料
T00014,C0578,SKU_014,雪碧
T00014,C0578,SKU_027,洗髮精
T00014,C0578,SKU_028,茶包
T00014,C0578,SKU_029,SKU_NEW_001
T00015,C0652,SKU_003,啤酒
T00015,C0652,SKU_007,可樂
T00016,C0381,SKU_024,口香糖
T00017,C0035,SKU_010,寶特瓶飲料
T00017,C0035,SKU_015,牛奶
T00018,C0621,SKU_004,紅酒
T00019,C0758,SKU_002,起司
T00019,C0758,SKU_003,啤酒
T00019,C0758,SKU_004,紅酒
T00019,C0758,SKU_014,雪碧
T00019,C0758,SKU_015,牛奶
T00019,C0758,SKU_022,巧克力
T00020,C0553,SKU_001,尿布
T00020,C0553,SKU_002,起司
T00020,C0553,SKU_004,紅酒
T00020,C0553,SKU_005,塑膠袋
T00020,C0553,SKU_006,米
T00020,C0553,SKU_007,可樂
T00020,C0553,SKU_008,醬油
T00020,C0553,SKU_009,礦泉水
T00020,C0553,SKU_022,巧克力
T00020,C0553,SKU_025,衛生紙
T00021,C0437,SKU_011,杯麵
T00021,C0437,SKU_022,巧克力
T00022,C1257,SKU_004,紅酒
T00022,C1257,SKU_007,可樂
T00022,C1257,SKU_008,醬油
T00022,C1257,SKU_009,礦泉水
T00022,C1257,SKU_016,豆漿
T00023,C0823,SKU_001,尿布
T00023,C0823,SKU_010,寶特瓶飲料
T00023,C0823,SKU_015,牛奶
T00023,C0823,SKU_024,口香糖
T00024,C0761,SKU_024,口香糖
T00025,C1305,SKU_001,尿布
T00025,C1305,SKU_003,啤酒
T00025,C1305,SKU_009,礦泉水
T00025,C1305,SKU_010,寶特瓶飲料
T00025,C1305,SKU_016,豆漿
T00025,C1305,SKU_030,SKU_NEW_002
T00026,C0140,SKU_002,起司
T00026,C0140,SKU_004,紅酒
T00026,C0140,SKU_009,礦泉水
T00026,C0140,SKU_023,洋芋片
T00027,C0053,SKU_009,礦泉水
T00027,C0053,SKU_021,餅乾
T00027,C0053,SKU_024,口香糖
T00028,C0454,SKU_002,起司
T00028,C0454,SKU_004,紅酒
T00028,C0454,SKU_027,洗髮精
T00029,C0210,SKU_001,尿布
T00029,C0210,SKU_003,啤酒
T00029,C0210,SKU_008,醬油
T00029,C0210,SKU_017,蘋果
T00030,C0576,SKU_001,尿布
T00030,C0576,SKU_003,啤酒
T00030,C0576,SKU_005,塑膠袋
T00030,C0576,SKU_007,可樂
T00030,C0576,SKU_008,醬油
T00030,C0576,SKU_010,寶特瓶飲料
T00031,C0942,SKU_006,米
T00031,C0942,SKU_008,醬油
T00031,C0942,SKU_011,杯麵
T00031,C0942,SKU_013,果醬
T00031,C0942,SKU_018,香蕉
T00032,C0010,SKU_005,塑膠袋
T00032,C0010,SKU_009,礦泉水
T00032,C0010,SKU_013,果醬
T00032,C0010,SKU_030,SKU_NEW_002
T00033,C0192,SKU_007,可樂
T00033,C0192,SKU_008,醬油
T00033,C0192,SKU_009,礦泉水
T00033,C0192,SKU_015,牛奶
T00033,C0192,SKU_021,餅乾
T00034,C0024,SKU_005,塑膠袋
T00034,C0024,SKU_018,香蕉
T00034,C0024,SKU_026,牙膏
T00035,C0184,SKU_001,尿布
T00035,C0184,SKU_010,寶特瓶飲料
T00036,C0471,SKU_006,米
T00036,C0471,SKU_008,醬油
T00036,C0471,SKU_022,巧克力
T00036,C0471,SKU_027,洗髮精
T00036,C0471,SKU_030,SKU_NEW_002
T00037,C0513,SKU_001,尿布
T00037,C0513,SKU_003,啤酒
T00037,C0513,SKU_008,醬油
T00037,C0513,SKU_015,牛奶
T00037,C0513,SKU_029,SKU_NEW_001
T00038,C0547,SKU_005,塑膠袋
T00038,C0547,SKU_012,麵包
T00038,C0547,SKU_019,橘子
T00039,C0046,SKU_001,尿布
T00039,C0046,SKU_003,啤酒
T00039,C0046,SKU_005,塑膠袋
T00039,C0046,SKU_009,礦泉水
T00039,C0046,SKU_011,杯麵
T00039,C0046,SKU_014,雪碧
T00039,C0046,SKU_017,蘋果
T00039,C0046,SKU_028,茶包
T00040,C0027,SKU_003,啤酒
T00040,C0027,SKU_006,米
T00041,C0615,SKU_001,尿布
T00041,C0615,SKU_003,啤酒
T00041,C0615,SKU_025,衛生紙
T00042,C0326,SKU_003,啤酒
T00042,C0326,SKU_005,塑膠袋
T00042,C0326,SKU_008,醬油
T00042,C0326,SKU_019,橘子
T00042,C0326,SKU_027,洗髮精
T00043,C0705,SKU_017,蘋果
T00043,C0705,SKU_027,洗髮精
T00044,C0813,SKU_001,尿布
T00044,C0813,SKU_003,啤酒
T00044,C0813,SKU_005,塑膠袋
T00044,C0813,SKU_006,米
T00044,C0813,SKU_007,可樂
T00044,C0813,SKU_008,醬油
T00044,C0813,SKU_013,果醬
T00044,C0813,SKU_019,橘子
T00044,C0813,SKU_022,巧克力
T00045,C0715,SKU_002,起司
T00045,C0715,SKU_006,米
T00045,C0715,SKU_007,可樂
T00045,C0715,SKU_020,葡萄
T00045,C0715,SKU_030,SKU_NEW_002
T00046,C0966,SKU_001,尿布
T00046,C0966,SKU_026,牙膏
T00046,C0966,SKU_029,SKU_NEW_001
T00047,C0741,SKU_001,尿布
T00047,C0741,SKU_008,醬油
T00047,C0741,SKU_009,礦泉水
T00047,C0741,SKU_010,寶特瓶飲料
T00047,C0741,SKU_030,SKU_NEW_002
T00048,C0439,SKU_001,尿布
T00048,C0439,SKU_003,啤酒
T00048,C0439,SKU_006,米
T00048,C0439,SKU_008,醬油
T00049,C0652,SKU_007,可樂
T00049,C0652,SKU_009,礦泉水
T00049,C0652,SKU_013,果醬
T00050,C0406,SKU_001,尿布
T00050,C0406,SKU_003,啤酒
T00050,C0406,SKU_029,SKU_NEW_001
T00051,C0121,SKU_001,尿布
T00051,C0121,SKU_003,啤酒
T00051,C0121,SKU_006,米
T00051,C0121,SKU_009,礦泉水
T00051,C0121,SKU_010,寶特瓶飲料
T00051,C0121,SKU_018,香蕉
T00052,C0436,SKU_001,尿布
T00052,C0436,SKU_003,啤酒
T00052,C0436,SKU_010,寶特瓶飲料
T00052,C0436,SKU_011,杯麵
T00052,C0436,SKU_022,巧克力
T00052,C0436,SKU_025,衛生紙
T00053,C0006,SKU_009,礦泉水
T00053,C0006,SKU_014,雪碧
T00053,C0006,SKU_027,洗髮精
T00054,C0180,SKU_001,尿布
T00054,C0180,SKU_008,醬油
T00054,C0180,SKU_014,雪碧
T00054,C0180,SKU_020,葡萄
T00055,C0047,SKU_007,可樂
T00055,C0047,SKU_011,杯麵
T00055,C0047,SKU_024,口香糖
T00056,C0392,SKU_007,可樂
T00057,C0103,SKU_006,米
T00057,C0103,SKU_009,礦泉水
T00058,C0519,SKU_001,尿布
T00058,C0519,SKU_003,啤酒
T00058,C0519,SKU_007,可樂
T00058,C0519,SKU_014,雪碧
T00058,C0519,SKU_022,巧克力
T00059,C0198,SKU_009,礦泉水
T00059,C0198,SKU_021,餅乾
T00059,C0198,SKU_022,巧克力
T00060,C1295,SKU_004,紅酒
T00060,C1295,SKU_012,麵包
T00060,C1295,SKU_016,豆漿
T00061,C1180,SKU_004,紅酒
T00061,C1180,SKU_005,塑膠袋
T00061,C1180,SKU_008,醬油
T00061,C1180,SKU_016,豆漿
T00061,C1180,SKU_027,洗髮精
T00062,C1307,SKU_005,塑膠袋
T00062,C1307,SKU_019,橘子
T00062,C1307,SKU_026,牙膏
T00063,C0871,SKU_006,米
T00063,C0871,SKU_008,醬油
T00063,C0871,SKU_009,礦泉水
T00063,C0871,SKU_020,葡萄
T00064,C0921,SKU_002,起司
T00064,C0921,SKU_004,紅酒
T00064,C0921,SKU_007,可樂
T00065,C0667,SKU_005,塑膠袋
T00065,C0667,SKU_023,洋芋片
T00065,C0667,SKU_029,SKU_NEW_001
T00066,C0116,SKU_002,起司
T00066,C0116,SKU_007,可樂
T00066,C0116,SKU_013,果醬
T00066,C0116,SKU_020,葡萄
T00066,C0116,SKU_025,衛生紙
T00067,C1086,SKU_006,米
T00067,C1086,SKU_008,醬油
T00067,C1086,SKU_010,寶特瓶飲料
T00067,C1086,SKU_011,杯麵
T00067,C1086,SKU_015,牛奶
T00067,C1086,SKU_017,蘋果
T00068,C0053,SKU_001,尿布
T00068,C0053,SKU_003,啤酒
T00068,C0053,SKU_007,可樂
T00068,C0053,SKU_023,洋芋片
T00069,C0098,SKU_004,紅酒
T00069,C0098,SKU_007,可樂
T00069,C0098,SKU_009,礦泉水
T00069,C0098,SKU_010,寶特瓶飲料
T00069,C0098,SKU_018,香蕉
T00069,C0098,SKU_021,餅乾
T00069,C0098,SKU_026,牙膏
T00070,C1093,SKU_003,啤酒
T00070,C1093,SKU_008,醬油
T00070,C1093,SKU_009,礦泉水
T00070,C1093,SKU_012,麵包
T00070,C1093,SKU_018,香蕉
T00071,C0899,SKU_005,塑膠袋
T00071,C0899,SKU_010,寶特瓶飲料
T00071,C0899,SKU_015,牛奶
T00072,C0883,SKU_006,米
T00072,C0883,SKU_007,可樂
T00072,C0883,SKU_008,醬油
T00072,C0883,SKU_009,礦泉水
T00073,C1136,SKU_008,醬油
T00074,C0108,SKU_018,香蕉
T00074,C0108,SKU_021,餅乾
T00074,C0108,SKU_023,洋芋片
T00074,C0108,SKU_029,SKU_NEW_001
T00075,C0189,SKU_001,尿布
T00075,C0189,SKU_003,啤酒
T00075,C0189,SKU_010,寶特瓶飲料
T00075,C0189,SKU_012,麵包
T00075,C0189,SKU_016,豆漿
T00075,C0189,SKU_017,蘋果
T00076,C0759,SKU_009,礦泉水
T00077,C0254,SKU_002,起司
T00077,C0254,SKU_004,紅酒
T00077,C0254,SKU_011,杯麵
T00077,C0254,SKU_014,雪碧
T00077,C0254,SKU_015,牛奶
T00077,C0254,SKU_016,豆漿
T00078,C0331,SKU_001,尿布
T00078,C0331,SKU_003,啤酒
T00078,C0331,SKU_023,洋芋片
T00079,C0836,SKU_005,塑膠袋
T00079,C0836,SKU_008,醬油
T00079,C0836,SKU_014,雪碧
T00079,C0836,SKU_023,洋芋片
T00080,C1307,SKU_008,醬油
T00080,C1307,SKU_010,寶特瓶飲料
T00080,C1307,SKU_024,口香糖
T00081,C1436,SKU_002,起司
T00081,C1436,SKU_004,紅酒
T00082,C0537,SKU_005,塑膠袋
T00082,C0537,SKU_009,礦泉水
T00082,C0537,SKU_010,寶特瓶飲料
T00082,C0537,SKU_022,巧克力
T00082,C0537,SKU_029,SKU_NEW_001
T00083,C0293,SKU_005,塑膠袋
T00083,C0293,SKU_006,米
T00083,C0293,SKU_007,可樂
T00083,C0293,SKU_008,醬油
T00083,C0293,SKU_012,麵包
T00084,C0829,SKU_002,起司
T00084,C0829,SKU_004,紅酒
T00084,C0829,SKU_014,雪碧
T00084,C0829,SKU_018,香蕉
T00085,C0380,SKU_007,可樂
T00085,C0380,SKU_019,橘子
T00086,C0319,SKU_007,可樂
T00086,C0319,SKU_010,寶特瓶飲料
T00086,C0319,SKU_013,果醬
T00086,C0319,SKU_029,SKU_NEW_001
T00087,C1288,SKU_001,尿布
T00087,C1288,SKU_002,起司
T00087,C1288,SKU_003,啤酒
T00087,C1288,SKU_007,可樂
T00087,C1288,SKU_016,豆漿
T00087,C1288,SKU_018,香蕉
T00087,C1288,SKU_021,餅乾
T00088,C0681,SKU_010,寶特瓶飲料
T00089,C0354,SKU_005,塑膠袋
T00089,C0354,SKU_007,可樂
T00089,C0354,SKU_010,寶特瓶飲料
T00089,C0354,SKU_012,麵包
T00089,C0354,SKU_013,果醬
T00089,C0354,SKU_019,橘子
T00089,C0354,SKU_021,餅乾
T00089,C0354,SKU_025,衛生紙
T00090,C0629,SKU_006,米
T00090,C0629,SKU_007,可樂
T00090,C0629,SKU_008,醬油
T00090,C0629,SKU_009,礦泉水
T00090,C0629,SKU_014,雪碧
T00091,C0755,SKU_004,紅酒
T00091,C0755,SKU_007,可樂
T00091,C0755,SKU_024,口香糖
T00091,C0755,SKU_028,茶包
T00092,C0202,SKU_020,葡萄
T00092,C0202,SKU_027,洗髮精
T00093,C0775,SKU_004,紅酒
T00093,C0775,SKU_006,米
T00093,C0775,SKU_008,醬油
T00093,C0775,SKU_020,葡萄
T00094,C0878,SKU_006,米
T00094,C0878,SKU_008,醬油
T00094,C0878,SKU_018,香蕉
T00094,C0878,SKU_020,葡萄
T00095,C0265,SKU_001,尿布
T00095,C0265,SKU_002,起司
T00095,C0265,SKU_015,牛奶
T00095,C0265,SKU_023,洋芋片
T00096,C0333,SKU_001,尿布
T00096,C0333,SKU_003,啤酒
T00096,C0333,SKU_004,紅酒
T00096,C0333,SKU_026,牙膏
T00097,C1233,SKU_002,起司
T00097,C1233,SKU_019,橘子
T00097,C1233,SKU_024,口香糖
T00097,C1233,SKU_027,洗髮精
T00098,C0158,SKU_001,尿布
T00098,C0158,SKU_003,啤酒
T00098,C0158,SKU_005,塑膠袋
T00098,C0158,SKU_007,可樂
T00098,C0158,SKU_008,醬油
T00098,C0158,SKU_009,礦泉水
T00098,C0158,SKU_019,橘子
T00098,C0158,SKU_029,SKU_NEW_001
T00098,C0158,SKU_030,SKU_NEW_002
T00099,C0287,SKU_011,杯麵
T00099,C0287,SKU_026,牙膏
T00100,C0613,SKU_001,尿布
T00100,C0613,SKU_003,啤酒
T00100,C0613,SKU_006,米
T00100,C0613,SKU_007,可樂
T00100,C0613,SKU_008,醬油
T00100,C0613,SKU_009,礦泉水
T00101,C0064,SKU_007,可樂
T00101,C0064,SKU_009,礦泉水
T00101,C0064,SKU_019,橘子
T00101,C0064,SKU_020,葡萄
T00102,C0735,SKU_005,塑膠袋
T00102,C0735,SKU_006,米
T00102,C0735,SKU_008,醬油
T00102,C0735,SKU_010,寶特瓶飲料
T00102,C0735,SKU_012,麵包
T00103,C1073,SKU_002,起司
T00103,C1073,SKU_004,紅酒
T00103,C1073,SKU_006,米
T00103,C1073,SKU_007,可樂
T00103,C1073,SKU_008,醬油
T00104,C0180,SKU_007,可樂
T00104,C0180,SKU_012,麵包
T00105,C1189,SKU_006,米
T00105,C1189,SKU_008,醬油
T00105,C1189,SKU_010,寶特瓶飲料
T00105,C1189,SKU_024,口香糖
T00105,C1189,SKU_026,牙膏
T00106,C0242,SKU_001,尿布
T00106,C0242,SKU_003,啤酒
T00106,C0242,SKU_018,香蕉
T00106,C0242,SKU_026,牙膏
T00107,C0378,SKU_008,醬油
T00107,C0378,SKU_013,果醬
T00108,C0573,SKU_004,紅酒
T00108,C0573,SKU_005,塑膠袋
T00108,C0573,SKU_022,巧克力
T00108,C0573,SKU_027,洗髮精
T00109,C0048,SKU_001,尿布
T00109,C0048,SKU_005,塑膠袋
T00109,C0048,SKU_013,果醬
T00109,C0048,SKU_024,口香糖
T00110,C0313,SKU_002,起司
T00110,C0313,SKU_004,紅酒
T00110,C0313,SKU_007,可樂
T00110,C0313,SKU_021,餅乾
T00111,C0150,SKU_001,尿布
T00111,C0150,SKU_014,雪碧
T00112,C0444,SKU_001,尿布
T00112,C0444,SKU_009,礦泉水
T00112,C0444,SKU_010,寶特瓶飲料
T00112,C0444,SKU_016,豆漿
T00113,C0603,SKU_024,口香糖
T00114,C0153,SKU_004,紅酒
T00114,C0153,SKU_008,醬油
T00114,C0153,SKU_009,礦泉水
T00114,C0153,SKU_012,麵包
T00114,C0153,SKU_015,牛奶
T00114,C0153,SKU_020,葡萄
T00115,C0175,SKU_019,橘子
T00115,C0175,SKU_023,洋芋片
T00115,C0175,SKU_027,洗髮精
T00116,C0742,SKU_001,尿布
T00116,C0742,SKU_006,米
T00116,C0742,SKU_016,豆漿
T00116,C0742,SKU_028,茶包
T00117,C0863,SKU_001,尿布
T00117,C0863,SKU_003,啤酒
T00117,C0863,SKU_006,米
T00117,C0863,SKU_008,醬油
T00118,C0088,SKU_016,豆漿
T00119,C0068,SKU_015,牛奶
T00119,C0068,SKU_017,蘋果
T00119,C0068,SKU_025,衛生紙
T00120,C1001,SKU_002,起司
T00120,C1001,SKU_004,紅酒
T00120,C1001,SKU_014,雪碧
T00120,C1001,SKU_026,牙膏
T00121,C0772,SKU_006,米
T00121,C0772,SKU_008,醬油
T00121,C0772,SKU_009,礦泉水
T00121,C0772,SKU_018,香蕉
T00121,C0772,SKU_024,口香糖
T00121,C0772,SKU_030,SKU_NEW_002
T00122,C1070,SKU_002,起司
T00122,C1070,SKU_004,紅酒
T00122,C1070,SKU_010,寶特瓶飲料
T00122,C1070,SKU_020,葡萄
T00123,C0079,SKU_001,尿布
T00123,C0079,SKU_004,紅酒
T00123,C0079,SKU_006,米
T00123,C0079,SKU_009,礦泉水
T00123,C0079,SKU_027,洗髮精
T00124,C0067,SKU_001,尿布
T00124,C0067,SKU_003,啤酒
T00124,C0067,SKU_005,塑膠袋
T00124,C0067,SKU_008,醬油
T00124,C0067,SKU_014,雪碧
T00124,C0067,SKU_020,葡萄
T00125,C0560,SKU_007,可樂
T00125,C0560,SKU_009,礦泉水
T00125,C0560,SKU_016,豆漿
T00125,C0560,SKU_018,香蕉
T00125,C0560,SKU_026,牙膏
T00126,C0548,SKU_001,尿布
T00126,C0548,SKU_010,寶特瓶飲料
T00126,C0548,SKU_018,香蕉
T00127,C0325,SKU_002,起司
T00127,C0325,SKU_004,紅酒
T00127,C0325,SKU_022,巧克力
T00128,C1112,SKU_005,塑膠袋
T00128,C1112,SKU_010,寶特瓶飲料
T00129,C0363,SKU_002,起司
T00129,C0363,SKU_004,紅酒
T00129,C0363,SKU_005,塑膠袋
T00129,C0363,SKU_007,可樂
T00129,C0363,SKU_023,洋芋片
T00129,C0363,SKU_029,SKU_NEW_001
T00130,C0546,SKU_002,起司
T00130,C0546,SKU_004,紅酒
T00130,C0546,SKU_010,寶特瓶飲料
T00130,C0546,SKU_011,杯麵
T00130,C0546,SKU_020,葡萄
T00130,C0546,SKU_029,SKU_NEW_001
T00131,C0464,SKU_001,尿布
T00131,C0464,SKU_002,起司
T00131,C0464,SKU_009,礦泉水
T00131,C0464,SKU_017,蘋果
T00131,C0464,SKU_020,葡萄
T00131,C0464,SKU_021,餅乾
T00131,C0464,SKU_022,巧克力
T00132,C0174,SKU_005,塑膠袋
T00132,C0174,SKU_010,寶特瓶飲料
T00133,C1222,SKU_001,尿布
T00133,C1222,SKU_002,起司
T00133,C1222,SKU_004,紅酒
T00133,C1222,SKU_006,米
T00133,C1222,SKU_008,醬油
T00133,C1222,SKU_010,寶特瓶飲料
T00133,C1222,SKU_011,杯麵
T00134,C0022,SKU_001,尿布
T00134,C0022,SKU_003,啤酒
T00134,C0022,SKU_009,礦泉水
T00134,C0022,SKU_018,香蕉
T00134,C0022,SKU_028,茶包
T00134,C0022,SKU_030,SKU_NEW_002
T00135,C0003,SKU_005,塑膠袋
T00135,C0003,SKU_011,杯麵
T00136,C0662,SKU_001,尿布
T00136,C0662,SKU_004,紅酒
T00136,C0662,SKU_007,可樂
T00136,C0662,SKU_009,礦泉水
T00136,C0662,SKU_024,口香糖
T00137,C0135,SKU_002,起司
T00137,C0135,SKU_004,紅酒
T00137,C0135,SKU_018,香蕉
T00137,C0135,SKU_029,SKU_NEW_001
T00138,C0412,SKU_007,可樂
T00138,C0412,SKU_009,礦泉水
T00138,C0412,SKU_010,寶特瓶飲料
T00138,C0412,SKU_011,杯麵
T00138,C0412,SKU_019,橘子
T00139,C0762,SKU_002,起司
T00139,C0762,SKU_016,豆漿
T00140,C0120,SKU_019,橘子
T00140,C0120,SKU_027,洗髮精
T00141,C0323,SKU_003,啤酒
T00141,C0323,SKU_010,寶特瓶飲料
T00141,C0323,SKU_018,香蕉
T00142,C0768,SKU_009,礦泉水
T00142,C0768,SKU_015,牛奶
T00142,C0768,SKU_027,洗髮精
T00142,C0768,SKU_028,茶包
T00142,C0768,SKU_030,SKU_NEW_002
T00143,C0669,SKU_002,起司
T00143,C0669,SKU_004,紅酒
T00143,C0669,SKU_024,口香糖
T00144,C0800,SKU_001,尿布
T00144,C0800,SKU_003,啤酒
T00144,C0800,SKU_004,紅酒
T00145,C0281,SKU_001,尿布
T00145,C0281,SKU_021,餅乾
T00145,C0281,SKU_027,洗髮精
T00145,C0281,SKU_028,茶包
T00146,C0650,SKU_001,尿布
T00146,C0650,SKU_003,啤酒
T00146,C0650,SKU_005,塑膠袋
T00146,C0650,SKU_010,寶特瓶飲料
T00146,C0650,SKU_016,豆漿
T00146,C0650,SKU_024,口香糖
T00146,C0650,SKU_027,洗髮精
T00146,C0650,SKU_028,茶包
T00147,C0490,SKU_001,尿布
T00147,C0490,SKU_002,起司
T00147,C0490,SKU_004,紅酒
T00147,C0490,SKU_006,米
T00147,C0490,SKU_007,可樂
T00147,C0490,SKU_030,SKU_NEW_002
T00148,C0795,SKU_002,起司
T00148,C0795,SKU_004,紅酒
T00148,C0795,SKU_007,可樂
T00148,C0795,SKU_013,果醬
T00148,C0795,SKU_017,蘋果
T00148,C0795,SKU_030,SKU_NEW_002
T00149,C0128,SKU_003,啤酒
T00149,C0128,SKU_016,豆漿
T00149,C0128,SKU_029,SKU_NEW_001
T00150,C0127,SKU_004,紅酒
T00150,C0127,SKU_012,麵包
T00150,C0127,SKU_016,豆漿
T00150,C0127,SKU_018,香蕉
T00150,C0127,SKU_023,洋芋片
T00151,C0141,SKU_004,紅酒
T00151,C0141,SKU_023,洋芋片
T00151,C0141,SKU_024,口香糖
T00152,C0110,SKU_004,紅酒
T00152,C0110,SKU_007,可樂
T00152,C0110,SKU_016,豆漿
T00152,C0110,SKU_024,口香糖
T00153,C0193,SKU_006,米
T00153,C0193,SKU_008,醬油
T00153,C0193,SKU_009,礦泉水
T00153,C0193,SKU_028,茶包
T00153,C0193,SKU_030,SKU_NEW_002
T00154,C0879,SKU_030,SKU_NEW_002
T00155,C0537,SKU_007,可樂
T00155,C0537,SKU_011,杯麵
T00155,C0537,SKU_016,豆漿
T00156,C0189,SKU_001,尿布
T00156,C0189,SKU_003,啤酒
T00156,C0189,SKU_006,米
T00156,C0189,SKU_008,醬油
T00157,C0453,SKU_005,塑膠袋
T00157,C0453,SKU_023,洋芋片
T00158,C0212,SKU_001,尿布
T00158,C0212,SKU_003,啤酒
T00158,C0212,SKU_005,塑膠袋
T00158,C0212,SKU_006,米
T00158,C0212,SKU_023,洋芋片
T00158,C0212,SKU_025,衛生紙
T00158,C0212,SKU_028,茶包
T00159,C0317,SKU_005,塑膠袋
T00159,C0317,SKU_019,橘子
T00159,C0317,SKU_028,茶包
T00160,C1028,SKU_001,尿布
T00160,C1028,SKU_003,啤酒
T00160,C1028,SKU_004,紅酒
T00160,C1028,SKU_006,米
T00160,C1028,SKU_008,醬油
T00160,C1028,SKU_010,寶特瓶飲料
T00160,C1028,SKU_019,橘子
T00160,C1028,SKU_022,巧克力
T00160,C1028,SKU_023,洋芋片
T00161,C0194,SKU_002,起司
T00161,C0194,SKU_004,紅酒
T00161,C0194,SKU_011,杯麵
T00161,C0194,SKU_017,蘋果
T00162,C0654,SKU_007,可樂
T00162,C0654,SKU_010,寶特瓶飲料
T00162,C0654,SKU_013,果醬
T00162,C0654,SKU_014,雪碧
T00163,C0673,SKU_006,米
T00163,C0673,SKU_011,杯麵
T00164,C0805,SKU_003,啤酒
T00164,C0805,SKU_006,米
T00164,C0805,SKU_008,醬油
T00164,C0805,SKU_009,礦泉水
T00164,C0805,SKU_013,果醬
T00164,C0805,SKU_016,豆漿
T00165,C0624,SKU_004,紅酒
T00165,C0624,SKU_005,塑膠袋
T00166,C0897,SKU_024,口香糖
T00166,C0897,SKU_030,SKU_NEW_002
T00167,C0084,SKU_009,礦泉水
T00167,C0084,SKU_012,麵包
T00168,C0931,SKU_004,紅酒
T00168,C0931,SKU_005,塑膠袋
T00168,C0931,SKU_007,可樂
T00168,C0931,SKU_009,礦泉水
T00168,C0931,SKU_016,豆漿
T00169,C0198,SKU_007,可樂
T00169,C0198,SKU_008,醬油
T00169,C0198,SKU_021,餅乾
T00169,C0198,SKU_023,洋芋片
T00169,C0198,SKU_028,茶包
T00170,C0666,SKU_003,啤酒
T00170,C0666,SKU_005,塑膠袋
T00170,C0666,SKU_007,可樂
T00170,C0666,SKU_017,蘋果
T00170,C0666,SKU_019,橘子
T00171,C0876,SKU_005,塑膠袋
T00171,C0876,SKU_024,口香糖
T00171,C0876,SKU_025,衛生紙
T00171,C0876,SKU_026,牙膏
T00172,C0936,SKU_010,寶特瓶飲料
T00172,C0936,SKU_025,衛生紙
T00173,C0164,SKU_004,紅酒
T00173,C0164,SKU_025,衛生紙
T00174,C0834,SKU_006,米
T00174,C0834,SKU_008,醬油
T00174,C0834,SKU_014,雪碧
T00175,C0380,SKU_004,紅酒
T00175,C0380,SKU_008,醬油
T00175,C0380,SKU_015,牛奶
T00175,C0380,SKU_017,蘋果
T00176,C0516,SKU_001,尿布
T00176,C0516,SKU_006,米
T00176,C0516,SKU_008,醬油
T00176,C0516,SKU_009,礦泉水
T00176,C0516,SKU_010,寶特瓶飲料
T00176,C0516,SKU_027,洗髮精
T00177,C0870,SKU_003,啤酒
T00178,C0855,SKU_003,啤酒
T00178,C0855,SKU_009,礦泉水
T00178,C0855,SKU_014,雪碧
T00178,C0855,SKU_019,橘子
T00178,C0855,SKU_022,巧克力
T00179,C0919,SKU_022,巧克力
T00179,C0919,SKU_023,洋芋片
T00180,C0704,SKU_006,米
T00180,C0704,SKU_012,麵包
T00180,C0704,SKU_018,香蕉
T00180,C0704,SKU_022,巧克力
T00180,C0704,SKU_028,茶包
T00181,C0027,SKU_009,礦泉水
T00181,C0027,SKU_015,牛奶
T00181,C0027,SKU_016,豆漿
T00181,C0027,SKU_025,衛生紙
T00181,C0027,SKU_026,牙膏
T00181,C0027,SKU_030,SKU_NEW_002
T00182,C1111,SKU_004,紅酒
T00182,C1111,SKU_010,寶特瓶飲料
T00183,C0292,SKU_005,塑膠袋
T00183,C0292,SKU_017,蘋果
T00184,C0483,SKU_006,米
T00184,C0483,SKU_007,可樂
T00184,C0483,SKU_008,醬油
T00184,C0483,SKU_013,果醬
T00184,C0483,SKU_021,餅乾
T00185,C1178,SKU_021,餅乾
T00185,C1178,SKU_022,巧克力
T00185,C1178,SKU_028,茶包
T00186,C0734,SKU_001,尿布
T00186,C0734,SKU_003,啤酒
T00186,C0734,SKU_022,巧克力
T00187,C0236,SKU_005,塑膠袋
T00187,C0236,SKU_007,可樂
T00187,C0236,SKU_010,寶特瓶飲料
T00187,C0236,SKU_019,橘子
T00187,C0236,SKU_024,口香糖
T00188,C0532,SKU_002,起司
T00188,C0532,SKU_004,紅酒
T00188,C0532,SKU_007,可樂
T00188,C0532,SKU_015,牛奶
T00188,C0532,SKU_028,茶包
T00189,C0067,SKU_002,起司
T00189,C0067,SKU_004,紅酒
T00189,C0067,SKU_006,米
T00189,C0067,SKU_007,可樂
T00189,C0067,SKU_008,醬油
T00189,C0067,SKU_010,寶特瓶飲料
T00190,C0685,SKU_004,紅酒
T00190,C0685,SKU_008,醬油
T00191,C0613,SKU_001,尿布
T00191,C0613,SKU_003,啤酒
T00191,C0613,SKU_007,可樂
T00191,C0613,SKU_021,餅乾
T00191,C0613,SKU_025,衛生紙
T00192,C0309,SKU_020,葡萄
T00192,C0309,SKU_027,洗髮精
T00193,C0474,SKU_012,麵包
T00194,C0735,SKU_001,尿布
T00194,C0735,SKU_002,起司
T00194,C0735,SKU_006,米
T00194,C0735,SKU_008,醬油
T00194,C0735,SKU_009,礦泉水
T00194,C0735,SKU_023,洋芋片
T00195,C0085,SKU_004,紅酒
T00195,C0085,SKU_006,米
T00195,C0085,SKU_015,牛奶
T00195,C0085,SKU_025,衛生紙
T00195,C0085,SKU_026,牙膏
T00195,C0085,SKU_028,茶包
T00196,C0325,SKU_006,米
T00196,C0325,SKU_008,醬油
T00196,C0325,SKU_016,豆漿
T00196,C0325,SKU_020,葡萄
T00196,C0325,SKU_021,餅乾
T00196,C0325,SKU_022,巧克力
T00196,C0325,SKU_023,洋芋片
T00197,C0490,SKU_007,可樂
T00197,C0490,SKU_012,麵包
T00197,C0490,SKU_013,果醬
T00197,C0490,SKU_017,蘋果
T00198,C0092,SKU_007,可樂
T00198,C0092,SKU_009,礦泉水
T00198,C0092,SKU_016,豆漿
T00199,C0285,SKU_008,醬油
T00199,C0285,SKU_024,口香糖
T00199,C0285,SKU_028,茶包
T00200,C0407,SKU_002,起司
T00201,C0460,SKU_005,塑膠袋
T00201,C0460,SKU_007,可樂
T00201,C0460,SKU_008,醬油
T00201,C0460,SKU_011,杯麵
T00202,C0139,SKU_005,塑膠袋
T00202,C0139,SKU_029,SKU_NEW_001
T00203,C0194,SKU_002,起司
T00203,C0194,SKU_004,紅酒
T00203,C0194,SKU_015,牛奶
T00203,C0194,SKU_019,橘子
T00203,C0194,SKU_029,SKU_NEW_001
T00203,C0194,SKU_030,SKU_NEW_002
T00204,C0043,SKU_022,巧克力
T00205,C0386,SKU_009,礦泉水
T00205,C0386,SKU_029,SKU_NEW_001
T00206,C0275,SKU_004,紅酒
T00206,C0275,SKU_007,可樂
T00206,C0275,SKU_014,雪碧
T00206,C0275,SKU_021,餅乾
T00206,C0275,SKU_023,洋芋片
T00206,C0275,SKU_026,牙膏
T00206,C0275,SKU_029,SKU_NEW_001
T00207,C0003,SKU_010,寶特瓶飲料
T00207,C0003,SKU_014,雪碧
T00207,C0003,SKU_027,洗髮精
T00208,C0385,SKU_002,起司
T00208,C0385,SKU_004,紅酒
T00208,C0385,SKU_007,可樂
T00209,C0148,SKU_002,起司
T00209,C0148,SKU_015,牛奶
T00210,C0036,SKU_001,尿布
T00210,C0036,SKU_006,米
T00210,C0036,SKU_010,寶特瓶飲料
T00210,C0036,SKU_017,蘋果
T00211,C0315,SKU_029,SKU_NEW_001
T00212,C0857,SKU_008,醬油
T00212,C0857,SKU_029,SKU_NEW_001
T00213,C0664,SKU_002,起司
T00213,C0664,SKU_005,塑膠袋
T00213,C0664,SKU_007,可樂
T00214,C0514,SKU_002,起司
T00214,C0514,SKU_004,紅酒
T00214,C0514,SKU_007,可樂
T00214,C0514,SKU_009,礦泉水
T00214,C0514,SKU_023,洋芋片
T00215,C0264,SKU_004,紅酒
T00215,C0264,SKU_007,可樂
T00215,C0264,SKU_020,葡萄
T00215,C0264,SKU_025,衛生紙
T00215,C0264,SKU_027,洗髮精
T00215,C0264,SKU_029,SKU_NEW_001
T00216,C0349,SKU_002,起司
T00216,C0349,SKU_004,紅酒
T00216,C0349,SKU_007,可樂
T00216,C0349,SKU_010,寶特瓶飲料
T00216,C0349,SKU_019,橘子
T00216,C0349,SKU_027,洗髮精
T00217,C0829,SKU_004,紅酒
T00217,C0829,SKU_009,礦泉水
T00217,C0829,SKU_019,橘子
T00218,C0935,SKU_001,尿布
T00218,C0935,SKU_005,塑膠袋
T00218,C0935,SKU_009,礦泉水
T00218,C0935,SKU_012,麵包
T00218,C0935,SKU_021,餅乾
T00218,C0935,SKU_024,口香糖
T00219,C1440,SKU_007,可樂
T00219,C1440,SKU_008,醬油
T00219,C1440,SKU_024,口香糖
T00220,C0865,SKU_010,寶特瓶飲料
T00221,C0211,SKU_006,米
T00221,C0211,SKU_007,可樂
T00221,C0211,SKU_008,醬油
T00222,C0115,SKU_004,紅酒
T00222,C0115,SKU_007,可樂
T00222,C0115,SKU_027,洗髮精
T00223,C0740,SKU_001,尿布
T00223,C0740,SKU_003,啤酒
T00223,C0740,SKU_009,礦泉水
T00223,C0740,SKU_019,橘子
T00223,C0740,SKU_028,茶包
T00223,C0740,SKU_030,SKU_NEW_002
T00224,C0738,SKU_008,醬油
T00224,C0738,SKU_017,蘋果
T00224,C0738,SKU_026,牙膏
T00225,C0066,SKU_001,尿布
T00225,C0066,SKU_003,啤酒
T00225,C0066,SKU_005,塑膠袋
T00225,C0066,SKU_008,醬油
T00225,C0066,SKU_010,寶特瓶飲料
T00225,C0066,SKU_022,巧克力
T00225,C0066,SKU_028,茶包
T00226,C0261,SKU_027,洗髮精
T00226,C0261,SKU_030,SKU_NEW_002
T00227,C0144,SKU_001,尿布
T00227,C0144,SKU_002,起司
T00227,C0144,SKU_003,啤酒
T00227,C0144,SKU_004,紅酒
T00227,C0144,SKU_006,米
T00227,C0144,SKU_018,香蕉
T00227,C0144,SKU_024,口香糖
T00227,C0144,SKU_030,SKU_NEW_002
T00228,C1297,SKU_008,醬油
T00228,C1297,SKU_014,雪碧
T00228,C1297,SKU_022,巧克力
T00229,C0067,SKU_002,起司
T00229,C0067,SKU_004,紅酒
T00229,C0067,SKU_012,麵包
T00229,C0067,SKU_022,巧克力
T00229,C0067,SKU_023,洋芋片
T00230,C0720,SKU_001,尿布
T00230,C0720,SKU_005,塑膠袋
T00230,C0720,SKU_018,香蕉
T00230,C0720,SKU_022,巧克力
T00231,C1035,SKU_001,尿布
T00231,C1035,SKU_003,啤酒
T00231,C1035,SKU_006,米
T00231,C1035,SKU_008,醬油
T00231,C1035,SKU_010,寶特瓶飲料
T00231,C1035,SKU_014,雪碧
T00231,C1035,SKU_019,橘子
T00231,C1035,SKU_024,口香糖
T00232,C1472,SKU_003,啤酒
T00232,C1472,SKU_007,可樂
T00232,C1472,SKU_008,醬油
T00232,C1472,SKU_010,寶特瓶飲料
T00232,C1472,SKU_024,口香糖
T00233,C0101,SKU_002,起司
T00233,C0101,SKU_005,塑膠袋
T00233,C0101,SKU_009,礦泉水
T00233,C0101,SKU_021,餅乾
T00234,C0982,SKU_006,米
T00234,C0982,SKU_008,醬油
T00234,C0982,SKU_014,雪碧
T00234,C0982,SKU_021,餅乾
T00234,C0982,SKU_023,洋芋片
T00234,C0982,SKU_027,洗髮精
T00235,C0488,SKU_012,麵包
T00235,C0488,SKU_028,茶包
T00236,C0649,SKU_019,橘子
T00237,C0868,SKU_004,紅酒
T00237,C0868,SKU_005,塑膠袋
T00237,C0868,SKU_006,米
T00237,C0868,SKU_007,可樂
T00237,C0868,SKU_008,醬油
T00237,C0868,SKU_009,礦泉水
T00237,C0868,SKU_027,洗髮精
T00238,C0906,SKU_006,米
T00238,C0906,SKU_008,醬油
T00238,C0906,SKU_020,葡萄
T00238,C0906,SKU_021,餅乾
T00239,C0051,SKU_001,尿布
T00239,C0051,SKU_003,啤酒
T00239,C0051,SKU_015,牛奶
T00239,C0051,SKU_017,蘋果
T00239,C0051,SKU_024,口香糖
T00240,C0412,SKU_005,塑膠袋
T00240,C0412,SKU_020,葡萄
T00240,C0412,SKU_023,洋芋片
T00241,C0049,SKU_009,礦泉水
T00242,C0310,SKU_008,醬油
T00242,C0310,SKU_015,牛奶
T00242,C0310,SKU_022,巧克力
T00242,C0310,SKU_030,SKU_NEW_002
T00243,C0776,SKU_002,起司
T00243,C0776,SKU_004,紅酒
T00243,C0776,SKU_007,可樂
T00243,C0776,SKU_015,牛奶
T00243,C0776,SKU_017,蘋果
T00243,C0776,SKU_024,口香糖
T00243,C0776,SKU_028,茶包
T00244,C0826,SKU_002,起司
T00244,C0826,SKU_006,米
T00244,C0826,SKU_007,可樂
T00244,C0826,SKU_026,牙膏
T00245,C0165,SKU_002,起司
T00245,C0165,SKU_004,紅酒
T00245,C0165,SKU_013,果醬
T00246,C0581,SKU_005,塑膠袋
T00246,C0581,SKU_007,可樂
T00246,C0581,SKU_012,麵包
T00246,C0581,SKU_015,牛奶
T00246,C0581,SKU_018,香蕉
T00247,C0906,SKU_007,可樂
T00247,C0906,SKU_012,麵包
T00248,C0821,SKU_005,塑膠袋
T00248,C0821,SKU_008,醬油
T00248,C0821,SKU_010,寶特瓶飲料
T00249,C0869,SKU_005,塑膠袋
T00249,C0869,SKU_006,米
T00249,C0869,SKU_007,可樂
T00249,C0869,SKU_008,醬油
T00249,C0869,SKU_022,巧克力
T00249,C0869,SKU_027,洗髮精
T00250,C0170,SKU_001,尿布
T00250,C0170,SKU_003,啤酒
T00250,C0170,SKU_005,塑膠袋
T00250,C0170,SKU_013,果醬
T00250,C0170,SKU_017,蘋果
T00250,C0170,SKU_020,葡萄
T00250,C0170,SKU_022,巧克力
T00251,C0842,SKU_002,起司
T00251,C0842,SKU_004,紅酒
T00251,C0842,SKU_008,醬油
T00251,C0842,SKU_024,口香糖
T00251,C0842,SKU_030,SKU_NEW_002
T00252,C0628,SKU_002,起司
T00252,C0628,SKU_004,紅酒
T00252,C0628,SKU_005,塑膠袋
T00252,C0628,SKU_016,豆漿
T00253,C0158,SKU_009,礦泉水
T00253,C0158,SKU_014,雪碧
T00254,C0820,SKU_014,雪碧
T00254,C0820,SKU_019,橘子
T00254,C0820,SKU_025,衛生紙
T00254,C0820,SKU_027,洗髮精
T00255,C0143,SKU_002,起司
T00255,C0143,SKU_004,紅酒
T00255,C0143,SKU_009,礦泉水
T00255,C0143,SKU_018,香蕉
T00256,C0766,SKU_001,尿布
T00256,C0766,SKU_027,洗髮精
T00257,C0647,SKU_007,可樂
T00257,C0647,SKU_008,醬油
T00257,C0647,SKU_010,寶特瓶飲料
T00257,C0647,SKU_027,洗髮精
T00258,C1265,SKU_004,紅酒
T00258,C1265,SKU_005,塑膠袋
T00258,C1265,SKU_007,可樂
T00258,C1265,SKU_025,衛生紙
T00258,C1265,SKU_028,茶包
T00259,C0135,SKU_006,米
T00259,C0135,SKU_008,醬油
T00259,C0135,SKU_009,礦泉水
T00259,C0135,SKU_010,寶特瓶飲料
T00259,C0135,SKU_016,豆漿
T00259,C0135,SKU_024,口香糖
T00259,C0135,SKU_025,衛生紙
T00260,C0089,SKU_003,啤酒
T00260,C0089,SKU_007,可樂
T00260,C0089,SKU_011,杯麵
T00260,C0089,SKU_021,餅乾
T00261,C0900,SKU_010,寶特瓶飲料
T00261,C0900,SKU_017,蘋果
T00261,C0900,SKU_030,SKU_NEW_002
T00262,C0584,SKU_002,起司
T00262,C0584,SKU_004,紅酒
T00263,C1491,SKU_001,尿布
T00263,C1491,SKU_003,啤酒
T00263,C1491,SKU_006,米
T00263,C1491,SKU_008,醬油
T00263,C1491,SKU_012,麵包
T00263,C1491,SKU_025,衛生紙
T00264,C0204,SKU_009,礦泉水
T00264,C0204,SKU_025,衛生紙
T00265,C0024,SKU_001,尿布
T00265,C0024,SKU_002,起司
T00265,C0024,SKU_004,紅酒
T00265,C0024,SKU_007,可樂
T00265,C0024,SKU_010,寶特瓶飲料
T00266,C0770,SKU_002,起司
T00266,C0770,SKU_004,紅酒
T00266,C0770,SKU_011,杯麵
T00266,C0770,SKU_012,麵包
T00266,C0770,SKU_023,洋芋片
T00266,C0770,SKU_027,洗髮精
T00267,C0232,SKU_002,起司
T00267,C0232,SKU_005,塑膠袋
T00267,C0232,SKU_008,醬油
T00267,C0232,SKU_009,礦泉水
T00268,C0606,SKU_016,豆漿
T00268,C0606,SKU_019,橘子
T00269,C1279,SKU_001,尿布
T00269,C1279,SKU_003,啤酒
T00269,C1279,SKU_007,可樂
T00269,C1279,SKU_008,醬油
T00269,C1279,SKU_015,牛奶
T00269,C1279,SKU_020,葡萄
T00269,C1279,SKU_021,餅乾
T00269,C1279,SKU_022,巧克力
T00270,C0526,SKU_005,塑膠袋
T00270,C0526,SKU_006,米
T00270,C0526,SKU_008,醬油
T00270,C0526,SKU_010,寶特瓶飲料
T00270,C0526,SKU_014,雪碧
T00270,C0526,SKU_026,牙膏
T00271,C0305,SKU_001,尿布
T00271,C0305,SKU_002,起司
T00271,C0305,SKU_003,啤酒
T00271,C0305,SKU_006,米
T00271,C0305,SKU_008,醬油
T00271,C0305,SKU_009,礦泉水
T00272,C0833,SKU_004,紅酒
T00272,C0833,SKU_008,醬油
T00272,C0833,SKU_009,礦泉水
T00272,C0833,SKU_014,雪碧
T00272,C0833,SKU_020,葡萄
T00272,C0833,SKU_026,牙膏
T00272,C0833,SKU_029,SKU_NEW_001
T00273,C0442,SKU_001,尿布
T00273,C0442,SKU_002,起司
T00273,C0442,SKU_003,啤酒
T00273,C0442,SKU_004,紅酒
T00274,C0194,SKU_001,尿布
T00274,C0194,SKU_009,礦泉水
T00274,C0194,SKU_010,寶特瓶飲料
T00274,C0194,SKU_030,SKU_NEW_002
T00275,C0078,SKU_006,米
T00275,C0078,SKU_007,可樂
T00275,C0078,SKU_008,醬油
T00275,C0078,SKU_018,香蕉
T00276,C0970,SKU_012,麵包
T00277,C0046,SKU_005,塑膠袋
T00277,C0046,SKU_008,醬油
T00277,C0046,SKU_012,麵包
T00277,C0046,SKU_019,橘子
T00277,C0046,SKU_029,SKU_NEW_001
T00278,C0013,SKU_001,尿布
T00278,C0013,SKU_002,起司
T00278,C0013,SKU_004,紅酒
T00278,C0013,SKU_015,牛奶
T00278,C0013,SKU_025,衛生紙
T00279,C0813,SKU_001,尿布
T00279,C0813,SKU_020,葡萄
T00279,C0813,SKU_023,洋芋片
T00279,C0813,SKU_025,衛生紙
T00280,C0354,SKU_001,尿布
T00280,C0354,SKU_003,啤酒
T00280,C0354,SKU_005,塑膠袋
T00280,C0354,SKU_006,米
T00280,C0354,SKU_008,醬油
T00280,C0354,SKU_010,寶特瓶飲料
T00281,C0155,SKU_001,尿布
T00281,C0155,SKU_003,啤酒
T00281,C0155,SKU_028,茶包
T00282,C0267,SKU_002,起司
T00282,C0267,SKU_004,紅酒
T00282,C0267,SKU_005,塑膠袋
T00282,C0267,SKU_008,醬油
T00282,C0267,SKU_017,蘋果
T00282,C0267,SKU_029,SKU_NEW_001
T00283,C1346,SKU_009,礦泉水
T00283,C1346,SKU_026,牙膏
T00284,C0309,SKU_007,可樂
T00284,C0309,SKU_009,礦泉水
T00285,C0404,SKU_005,塑膠袋
T00285,C0404,SKU_029,SKU_NEW_001
T00286,C0295,SKU_002,起司
T00286,C0295,SKU_005,塑膠袋
T00286,C0295,SKU_010,寶特瓶飲料
T00286,C0295,SKU_020,葡萄
T00286,C0295,SKU_024,口香糖
T00287,C0445,SKU_006,米
T00287,C0445,SKU_008,醬油
T00287,C0445,SKU_009,礦泉水
T00287,C0445,SKU_011,杯麵
T00287,C0445,SKU_028,茶包
T00288,C0551,SKU_003,啤酒
T00288,C0551,SKU_005,塑膠袋
T00288,C0551,SKU_014,雪碧
T00288,C0551,SKU_026,牙膏
T00289,C0819,SKU_008,醬油
T00289,C0819,SKU_011,杯麵
T00290,C0877,SKU_001,尿布
T00290,C0877,SKU_005,塑膠袋
T00291,C1293,SKU_002,起司
T00291,C1293,SKU_005,塑膠袋
T00291,C1293,SKU_009,礦泉水
T00291,C1293,SKU_010,寶特瓶飲料
T00291,C1293,SKU_011,杯麵
T00291,C1293,SKU_026,牙膏
T00292,C0375,SKU_005,塑膠袋
T00292,C0375,SKU_008,醬油
T00292,C0375,SKU_014,雪碧
T00292,C0375,SKU_015,牛奶
T00292,C0375,SKU_026,牙膏
T00293,C0019,SKU_014,雪碧
T00293,C0019,SKU_022,巧克力
T00293,C0019,SKU_024,口香糖
T00294,C0398,SKU_001,尿布
T00294,C0398,SKU_006,米
T00294,C0398,SKU_007,可樂
T00294,C0398,SKU_008,醬油
T00294,C0398,SKU_017,蘋果
T00295,C0324,SKU_006,米
T00296,C1493,SKU_004,紅酒
T00296,C1493,SKU_009,礦泉水
T00296,C1493,SKU_011,杯麵
T00297,C0599,SKU_001,尿布
T00297,C0599,SKU_002,起司
T00297,C0599,SKU_003,啤酒
T00297,C0599,SKU_005,塑膠袋
T00297,C0599,SKU_006,米
T00297,C0599,SKU_008,醬油
T00297,C0599,SKU_009,礦泉水
T00297,C0599,SKU_019,橘子
T00297,C0599,SKU_026,牙膏
T00297,C0599,SKU_027,洗髮精
T00298,C0594,SKU_001,尿布
T00299,C0070,SKU_007,可樂
T00299,C0070,SKU_018,香蕉
T00300,C0638,SKU_006,米
T00300,C0638,SKU_008,醬油
T00300,C0638,SKU_015,牛奶
T00300,C0638,SKU_018,香蕉
T00300,C0638,SKU_027,洗髮精
T00301,C0070,SKU_002,起司
T00301,C0070,SKU_010,寶特瓶飲料
T00301,C0070,SKU_019,橘子
T00301,C0070,SKU_021,餅乾
T00302,C0193,SKU_010,寶特瓶飲料
T00303,C0596,SKU_001,尿布
T00303,C0596,SKU_003,啤酒
T00303,C0596,SKU_004,紅酒
T00303,C0596,SKU_010,寶特瓶飲料
T00303,C0596,SKU_012,麵包
T00304,C0506,SKU_001,尿布
T00304,C0506,SKU_003,啤酒
T00304,C0506,SKU_013,果醬
T00305,C0076,SKU_004,紅酒
T00305,C0076,SKU_005,塑膠袋
T00305,C0076,SKU_007,可樂
T00305,C0076,SKU_009,礦泉水
T00305,C0076,SKU_012,麵包
T00306,C0232,SKU_005,塑膠袋
T00306,C0232,SKU_010,寶特瓶飲料
T00307,C0046,SKU_001,尿布
T00307,C0046,SKU_003,啤酒
T00307,C0046,SKU_005,塑膠袋
T00307,C0046,SKU_014,雪碧
T00307,C0046,SKU_028,茶包
T00308,C0723,SKU_001,尿布
T00308,C0723,SKU_003,啤酒
T00308,C0723,SKU_007,可樂
T00308,C0723,SKU_010,寶特瓶飲料
T00308,C0723,SKU_019,橘子
T00308,C0723,SKU_026,牙膏
T00308,C0723,SKU_029,SKU_NEW_001
T00309,C0463,SKU_001,尿布
T00309,C0463,SKU_003,啤酒
T00309,C0463,SKU_005,塑膠袋
T00309,C0463,SKU_009,礦泉水
T00310,C0618,SKU_028,茶包
T00311,C0870,SKU_003,啤酒
T00311,C0870,SKU_009,礦泉水
T00311,C0870,SKU_010,寶特瓶飲料
T00312,C0790,SKU_019,橘子
T00312,C0790,SKU_022,巧克力
T00312,C0790,SKU_027,洗髮精
T00313,C0817,SKU_007,可樂
T00314,C1440,SKU_008,醬油
T00314,C1440,SKU_015,牛奶
T00314,C1440,SKU_016,豆漿
T00314,C1440,SKU_019,橘子
T00315,C0374,SKU_014,雪碧
T00315,C0374,SKU_018,香蕉
T00316,C0823,SKU_010,寶特瓶飲料
T00316,C0823,SKU_020,葡萄
T00317,C0043,SKU_007,可樂
T00317,C0043,SKU_010,寶特瓶飲料
T00317,C0043,SKU_014,雪碧
T00317,C0043,SKU_028,茶包
T00318,C0075,SKU_005,塑膠袋
T00318,C0075,SKU_006,米
T00318,C0075,SKU_008,醬油
T00318,C0075,SKU_025,衛生紙
T00318,C0075,SKU_030,SKU_NEW_002
T00319,C1031,SKU_009,礦泉水
T00319,C1031,SKU_010,寶特瓶飲料
T00319,C1031,SKU_023,洋芋片
T00320,C0289,SKU_002,起司
T00320,C0289,SKU_003,啤酒
T00320,C0289,SKU_004,紅酒
T00320,C0289,SKU_010,寶特瓶飲料
T00320,C0289,SKU_019,橘子
T00321,C0447,SKU_002,起司
T00321,C0447,SKU_003,啤酒
T00321,C0447,SKU_004,紅酒
T00321,C0447,SKU_006,米
T00321,C0447,SKU_008,醬油
T00321,C0447,SKU_009,礦泉水
T00321,C0447,SKU_029,SKU_NEW_001
T00321,C0447,SKU_030,SKU_NEW_002
T00322,C0437,SKU_010,寶特瓶飲料
T00322,C0437,SKU_030,SKU_NEW_002
T00323,C0348,SKU_001,尿布
T00323,C0348,SKU_006,米
T00323,C0348,SKU_008,醬油
T00323,C0348,SKU_017,蘋果
T00324,C0218,SKU_005,塑膠袋
T00324,C0218,SKU_007,可樂
T00325,C0482,SKU_002,起司
T00325,C0482,SKU_003,啤酒
T00325,C0482,SKU_004,紅酒
T00325,C0482,SKU_007,可樂
T00325,C0482,SKU_009,礦泉水
T00325,C0482,SKU_011,杯麵
T00326,C0034,SKU_001,尿布
T00326,C0034,SKU_003,啤酒
T00326,C0034,SKU_009,礦泉水
T00326,C0034,SKU_014,雪碧
T00327,C0138,SKU_005,塑膠袋
T00327,C0138,SKU_028,茶包
T00328,C0135,SKU_017,蘋果
T00328,C0135,SKU_020,葡萄
T00329,C0335,SKU_010,寶特瓶飲料
T00329,C0335,SKU_024,口香糖
T00330,C0768,SKU_004,紅酒
T00330,C0768,SKU_022,巧克力
T00331,C0898,SKU_008,醬油
T00331,C0898,SKU_013,果醬
T00332,C0803,SKU_001,尿布
T00332,C0803,SKU_018,香蕉
T00332,C0803,SKU_030,SKU_NEW_002
T00333,C0598,SKU_001,尿布
T00333,C0598,SKU_003,啤酒
T00333,C0598,SKU_005,塑膠袋
T00333,C0598,SKU_011,杯麵
T00333,C0598,SKU_016,豆漿
T00333,C0598,SKU_024,口香糖
T00333,C0598,SKU_027,洗髮精
T00334,C0375,SKU_007,可樂
T00334,C0375,SKU_010,寶特瓶飲料
T00334,C0375,SKU_015,牛奶
T00334,C0375,SKU_026,牙膏
T00335,C0272,SKU_001,尿布
T00335,C0272,SKU_005,塑膠袋
T00335,C0272,SKU_006,米
T00335,C0272,SKU_008,醬油
T00335,C0272,SKU_019,橘子
T00336,C0423,SKU_001,尿布
T00336,C0423,SKU_003,啤酒
T00336,C0423,SKU_004,紅酒
T00336,C0423,SKU_006,米
T00336,C0423,SKU_008,醬油
T00336,C0423,SKU_018,香蕉
T00336,C0423,SKU_027,洗髮精
T00337,C0048,SKU_001,尿布
T00337,C0048,SKU_003,啤酒
T00337,C0048,SKU_004,紅酒
T00338,C0005,SKU_005,塑膠袋
T00338,C0005,SKU_006,米
T00338,C0005,SKU_008,醬油
T00338,C0005,SKU_010,寶特瓶飲料
T00338,C0005,SKU_014,雪碧
T00338,C0005,SKU_030,SKU_NEW_002
T00339,C0023,SKU_001,尿布
T00339,C0023,SKU_006,米
T00339,C0023,SKU_008,醬油
T00339,C0023,SKU_009,礦泉水
T00339,C0023,SKU_010,寶特瓶飲料
T00339,C0023,SKU_015,牛奶
T00340,C0050,SKU_007,可樂
T00341,C0008,SKU_001,尿布
T00341,C0008,SKU_002,起司
T00341,C0008,SKU_003,啤酒
T00341,C0008,SKU_004,紅酒
T00341,C0008,SKU_005,塑膠袋
T00342,C0621,SKU_003,啤酒
T00342,C0621,SKU_004,紅酒
T00342,C0621,SKU_018,香蕉
T00342,C0621,SKU_021,餅乾
T00343,C0217,SKU_005,塑膠袋
T00343,C0217,SKU_024,口香糖
T00344,C0597,SKU_001,尿布
T00344,C0597,SKU_003,啤酒
T00344,C0597,SKU_024,口香糖
T00345,C0132,SKU_005,塑膠袋
T00345,C0132,SKU_007,可樂
T00345,C0132,SKU_008,醬油
T00345,C0132,SKU_024,口香糖
T00346,C0635,SKU_007,可樂
T00346,C0635,SKU_018,香蕉
T00346,C0635,SKU_026,牙膏
T00347,C0653,SKU_003,啤酒
T00347,C0653,SKU_030,SKU_NEW_002
T00348,C0003,SKU_001,尿布
T00348,C0003,SKU_003,啤酒
T00348,C0003,SKU_004,紅酒
T00348,C0003,SKU_005,塑膠袋
T00348,C0003,SKU_024,口香糖
T00349,C0656,SKU_003,啤酒
T00349,C0656,SKU_012,麵包
T00349,C0656,SKU_017,蘋果
T00349,C0656,SKU_023,洋芋片
T00350,C0049,SKU_007,可樂
T00350,C0049,SKU_009,礦泉水
T00350,C0049,SKU_026,牙膏
T00350,C0049,SKU_027,洗髮精
T00350,C0049,SKU_028,茶包
T00351,C0207,SKU_012,麵包
T00351,C0207,SKU_016,豆漿
T00351,C0207,SKU_019,橘子
T00351,C0207,SKU_021,餅乾
T00351,C0207,SKU_024,口香糖
T00351,C0207,SKU_025,衛生紙
T00351,C0207,SKU_026,牙膏
T00352,C0075,SKU_007,可樂
T00352,C0075,SKU_024,口香糖
T00352,C0075,SKU_028,茶包
T00353,C0657,SKU_009,礦泉水
T00354,C0881,SKU_005,塑膠袋
T00354,C0881,SKU_007,可樂
T00354,C0881,SKU_017,蘋果
T00355,C1295,SKU_025,衛生紙
T00355,C1295,SKU_028,茶包
T00355,C1295,SKU_030,SKU_NEW_002
T00356,C0620,SKU_004,紅酒
T00356,C0620,SKU_009,礦泉水
T00356,C0620,SKU_028,茶包
T00357,C0299,SKU_018,香蕉
T00357,C0299,SKU_025,衛生紙
T00358,C0055,SKU_002,起司
T00358,C0055,SKU_003,啤酒
T00358,C0055,SKU_005,塑膠袋
T00358,C0055,SKU_007,可樂
T00359,C0530,SKU_001,尿布
T00359,C0530,SKU_003,啤酒
T00359,C0530,SKU_006,米
T00359,C0530,SKU_007,可樂
T00359,C0530,SKU_008,醬油
T00359,C0530,SKU_010,寶特瓶飲料
T00359,C0530,SKU_014,雪碧
T00359,C0530,SKU_027,洗髮精
T00360,C0441,SKU_012,麵包
T00361,C1124,SKU_013,果醬
T00361,C1124,SKU_014,雪碧
T00361,C1124,SKU_029,SKU_NEW_001
T00362,C1333,SKU_005,塑膠袋
T00362,C1333,SKU_012,麵包
T00362,C1333,SKU_024,口香糖
T00363,C0458,SKU_001,尿布
T00363,C0458,SKU_002,起司
T00363,C0458,SKU_004,紅酒
T00363,C0458,SKU_005,塑膠袋
T00363,C0458,SKU_006,米
T00363,C0458,SKU_008,醬油
T00363,C0458,SKU_009,礦泉水
T00363,C0458,SKU_015,牛奶
T00363,C0458,SKU_022,巧克力
T00364,C0194,SKU_010,寶特瓶飲料
T00364,C0194,SKU_011,杯麵
T00364,C0194,SKU_013,果醬
T00364,C0194,SKU_016,豆漿
T00364,C0194,SKU_025,衛生紙
T00365,C0403,SKU_005,塑膠袋
T00365,C0403,SKU_007,可樂
T00365,C0403,SKU_009,礦泉水
T00366,C1368,SKU_006,米
T00366,C1368,SKU_007,可樂
T00366,C1368,SKU_008,醬油
T00367,C1422,SKU_001,尿布
T00367,C1422,SKU_003,啤酒
T00367,C1422,SKU_004,紅酒
T00367,C1422,SKU_007,可樂
T00367,C1422,SKU_009,礦泉水
T00367,C1422,SKU_010,寶特瓶飲料
T00367,C1422,SKU_015,牛奶
T00367,C1422,SKU_028,茶包
T00368,C1240,SKU_004,紅酒
T00368,C1240,SKU_005,塑膠袋
T00368,C1240,SKU_029,SKU_NEW_001
T00369,C0822,SKU_008,醬油
T00369,C0822,SKU_012,麵包
T00370,C0874,SKU_001,尿布
T00370,C0874,SKU_003,啤酒
T00370,C0874,SKU_006,米
T00370,C0874,SKU_008,醬油
T00370,C0874,SKU_010,寶特瓶飲料
T00371,C0121,SKU_007,可樂
T00372,C0277,SKU_009,礦泉水
T00372,C0277,SKU_012,麵包
T00372,C0277,SKU_015,牛奶
T00372,C0277,SKU_019,橘子
T00372,C0277,SKU_022,巧克力
T00373,C0277,SKU_007,可樂
T00373,C0277,SKU_024,口香糖
T00374,C0207,SKU_005,塑膠袋
T00374,C0207,SKU_007,可樂
T00374,C0207,SKU_009,礦泉水
T00374,C0207,SKU_014,雪碧
T00374,C0207,SKU_029,SKU_NEW_001
T00375,C0626,SKU_006,米
T00375,C0626,SKU_017,蘋果
T00375,C0626,SKU_024,口香糖
T00376,C0549,SKU_004,紅酒
T00376,C0549,SKU_007,可樂
T00376,C0549,SKU_025,衛生紙
T00377,C0478,SKU_006,米
T00377,C0478,SKU_008,醬油
T00377,C0478,SKU_015,牛奶
T00377,C0478,SKU_025,衛生紙
T00377,C0478,SKU_026,牙膏
T00378,C0119,SKU_027,洗髮精
T00379,C0145,SKU_002,起司
T00379,C0145,SKU_004,紅酒
T00379,C0145,SKU_010,寶特瓶飲料
T00380,C0236,SKU_009,礦泉水
T00381,C0029,SKU_007,可樂
T00381,C0029,SKU_010,寶特瓶飲料
T00381,C0029,SKU_018,香蕉
T00382,C0274,SKU_003,啤酒
T00382,C0274,SKU_007,可樂
T00382,C0274,SKU_016,豆漿
T00383,C0634,SKU_020,葡萄
T00383,C0634,SKU_025,衛生紙
T00383,C0634,SKU_027,洗髮精
T00383,C0634,SKU_029,SKU_NEW_001
T00384,C0089,SKU_013,果醬
T00385,C0295,SKU_006,米
T00385,C0295,SKU_008,醬油
T00385,C0295,SKU_009,礦泉水
T00386,C1327,SKU_005,塑膠袋
T00386,C1327,SKU_010,寶特瓶飲料
T00386,C1327,SKU_025,衛生紙
T00387,C0325,SKU_002,起司
T00387,C0325,SKU_004,紅酒
T00387,C0325,SKU_008,醬油
T00388,C0624,SKU_010,寶特瓶飲料
T00388,C0624,SKU_022,巧克力
T00388,C0624,SKU_030,SKU_NEW_002
T00389,C0046,SKU_006,米
T00389,C0046,SKU_007,可樂
T00389,C0046,SKU_008,醬油
T00390,C0084,SKU_002,起司
T00390,C0084,SKU_004,紅酒
T00390,C0084,SKU_023,洋芋片
T00391,C0656,SKU_010,寶特瓶飲料
T00391,C0656,SKU_014,雪碧
T00391,C0656,SKU_015,牛奶
T00392,C0256,SKU_002,起司
T00392,C0256,SKU_005,塑膠袋
T00392,C0256,SKU_007,可樂
T00392,C0256,SKU_008,醬油
T00392,C0256,SKU_013,果醬
T00392,C0256,SKU_022,巧克力
T00393,C0077,SKU_004,紅酒
T00393,C0077,SKU_009,礦泉水
T00393,C0077,SKU_010,寶特瓶飲料
T00393,C0077,SKU_027,洗髮精
T00394,C0097,SKU_008,醬油
T00394,C0097,SKU_010,寶特瓶飲料
T00394,C0097,SKU_029,SKU_NEW_001
T00394,C0097,SKU_030,SKU_NEW_002
T00395,C0619,SKU_007,可樂
T00395,C0619,SKU_009,礦泉水
T00395,C0619,SKU_025,衛生紙
T00396,C0133,SKU_001,尿布
T00396,C0133,SKU_003,啤酒
T00396,C0133,SKU_008,醬油
T00397,C0991,SKU_001,尿布
T00397,C0991,SKU_015,牛奶
T00397,C0991,SKU_019,橘子
T00397,C0991,SKU_023,洋芋片
T00398,C0395,SKU_001,尿布
T00398,C0395,SKU_003,啤酒
T00398,C0395,SKU_005,塑膠袋
T00398,C0395,SKU_012,麵包
T00399,C0818,SKU_001,尿布
T00399,C0818,SKU_003,啤酒
T00399,C0818,SKU_005,塑膠袋
T00399,C0818,SKU_008,醬油
T00399,C0818,SKU_014,雪碧
T00399,C0818,SKU_021,餅乾
T00400,C0441,SKU_001,尿布
T00400,C0441,SKU_005,塑膠袋
T00400,C0441,SKU_011,杯麵
T00400,C0441,SKU_016,豆漿
T00400,C0441,SKU_024,口香糖
T00401,C0077,SKU_002,起司
T00401,C0077,SKU_004,紅酒
T00401,C0077,SKU_010,寶特瓶飲料
T00401,C0077,SKU_012,麵包
T00402,C1309,SKU_007,可樂
T00402,C1309,SKU_019,橘子
T00402,C1309,SKU_021,餅乾
T00402,C1309,SKU_028,茶包
T00403,C0839,SKU_012,麵包
T00404,C0829,SKU_001,尿布
T00404,C0829,SKU_003,啤酒
T00404,C0829,SKU_004,紅酒
T00404,C0829,SKU_006,米
T00404,C0829,SKU_016,豆漿
T00404,C0829,SKU_028,茶包
T00405,C0073,SKU_002,起司
T00405,C0073,SKU_006,米
T00405,C0073,SKU_008,醬油
T00405,C0073,SKU_030,SKU_NEW_002
T00406,C0073,SKU_001,尿布
T00406,C0073,SKU_006,米
T00406,C0073,SKU_007,可樂
T00406,C0073,SKU_008,醬油
T00406,C0073,SKU_010,寶特瓶飲料
T00406,C0073,SKU_013,果醬
T00406,C0073,SKU_027,洗髮精
T00407,C0875,SKU_001,尿布
T00407,C0875,SKU_002,起司
T00407,C0875,SKU_003,啤酒
T00407,C0875,SKU_009,礦泉水
T00407,C0875,SKU_010,寶特瓶飲料
T00408,C0128,SKU_005,塑膠袋
T00408,C0128,SKU_018,香蕉
T00409,C0557,SKU_011,杯麵
T00409,C0557,SKU_020,葡萄
T00410,C0608,SKU_001,尿布
T00410,C0608,SKU_009,礦泉水
T00410,C0608,SKU_015,牛奶
T00411,C0197,SKU_001,尿布
T00411,C0197,SKU_006,米
T00411,C0197,SKU_008,醬油
T00411,C0197,SKU_017,蘋果
T00411,C0197,SKU_022,巧克力
T00412,C0864,SKU_001,尿布
T00412,C0864,SKU_004,紅酒
T00412,C0864,SKU_007,可樂
T00412,C0864,SKU_010,寶特瓶飲料
T00412,C0864,SKU_022,巧克力
T00412,C0864,SKU_023,洋芋片
T00412,C0864,SKU_029,SKU_NEW_001
T00413,C0010,SKU_002,起司
T00413,C0010,SKU_004,紅酒
T00413,C0010,SKU_005,塑膠袋
T00413,C0010,SKU_010,寶特瓶飲料
T00413,C0010,SKU_030,SKU_NEW_002
T00414,C0057,SKU_008,醬油
T00414,C0057,SKU_011,杯麵
T00414,C0057,SKU_020,葡萄
T00414,C0057,SKU_022,巧克力
T00414,C0057,SKU_027,洗髮精
T00414,C0057,SKU_030,SKU_NEW_002
T00415,C0087,SKU_004,紅酒
T00415,C0087,SKU_022,巧克力
T00416,C0042,SKU_001,尿布
T00416,C0042,SKU_002,起司
T00416,C0042,SKU_003,啤酒
T00416,C0042,SKU_006,米
T00416,C0042,SKU_008,醬油
T00416,C0042,SKU_010,寶特瓶飲料
T00416,C0042,SKU_027,洗髮精
T00417,C0160,SKU_006,米
T00417,C0160,SKU_008,醬油
T00417,C0160,SKU_011,杯麵
T00418,C0508,SKU_009,礦泉水
T00418,C0508,SKU_030,SKU_NEW_002
T00419,C0566,SKU_005,塑膠袋
T00419,C0566,SKU_010,寶特瓶飲料
T00420,C0335,SKU_007,可樂
T00420,C0335,SKU_011,杯麵
T00420,C0335,SKU_025,衛生紙
T00420,C0335,SKU_027,洗髮精
T00421,C0507,SKU_001,尿布
T00421,C0507,SKU_003,啤酒
T00421,C0507,SKU_006,米
T00421,C0507,SKU_008,醬油
T00421,C0507,SKU_012,麵包
T00421,C0507,SKU_014,雪碧
T00421,C0507,SKU_016,豆漿
T00422,C0053,SKU_009,礦泉水
T00422,C0053,SKU_010,寶特瓶飲料
T00423,C0410,SKU_003,啤酒
T00423,C0410,SKU_006,米
T00423,C0410,SKU_008,醬油
T00423,C0410,SKU_014,雪碧
T00424,C0189,SKU_008,醬油
T00424,C0189,SKU_017,蘋果
T00424,C0189,SKU_024,口香糖
T00424,C0189,SKU_025,衛生紙
T00424,C0189,SKU_027,洗髮精
T00425,C0290,SKU_004,紅酒
T00425,C0290,SKU_005,塑膠袋
T00425,C0290,SKU_014,雪碧
T00425,C0290,SKU_020,葡萄
T00425,C0290,SKU_025,衛生紙
T00426,C0139,SKU_026,牙膏
T00426,C0139,SKU_030,SKU_NEW_002
T00427,C0115,SKU_002,起司
T00427,C0115,SKU_010,寶特瓶飲料
T00428,C0340,SKU_010,寶特瓶飲料
T00428,C0340,SKU_013,果醬
T00428,C0340,SKU_022,巧克力
T00428,C0340,SKU_025,衛生紙
T00428,C0340,SKU_027,洗髮精
T00428,C0340,SKU_028,茶包
T00429,C0121,SKU_003,啤酒
T00430,C0913,SKU_006,米
T00430,C0913,SKU_014,雪碧
T00431,C1331,SKU_001,尿布
T00431,C1331,SKU_002,起司
T00431,C1331,SKU_003,啤酒
T00431,C1331,SKU_004,紅酒
T00431,C1331,SKU_005,塑膠袋
T00431,C1331,SKU_023,洋芋片
T00431,C1331,SKU_030,SKU_NEW_002
T00432,C0575,SKU_010,寶特瓶飲料
T00433,C0477,SKU_006,米
T00433,C0477,SKU_008,醬油
T00433,C0477,SKU_017,蘋果
T00433,C0477,SKU_027,洗髮精
T00434,C0115,SKU_002,起司
T00434,C0115,SKU_004,紅酒
T00434,C0115,SKU_005,塑膠袋
T00434,C0115,SKU_006,米
T00434,C0115,SKU_007,可樂
T00434,C0115,SKU_008,醬油
T00434,C0115,SKU_011,杯麵
T00435,C0044,SKU_023,洋芋片
T00435,C0044,SKU_029,SKU_NEW_001
T00436,C0205,SKU_007,可樂
T00436,C0205,SKU_021,餅乾
T00436,C0205,SKU_028,茶包
T00437,C0001,SKU_002,起司
T00437,C0001,SKU_007,可樂
T00437,C0001,SKU_013,果醬
T00438,C0412,SKU_006,米
T00439,C0185,SKU_001,尿布
T00439,C0185,SKU_003,啤酒
T00439,C0185,SKU_006,米
T00439,C0185,SKU_008,醬油
T00440,C0620,SKU_001,尿布
T00440,C0620,SKU_003,啤酒
T00440,C0620,SKU_006,米
T00440,C0620,SKU_014,雪碧
T00440,C0620,SKU_020,葡萄
T00440,C0620,SKU_023,洋芋片
T00441,C1203,SKU_007,可樂
T00441,C1203,SKU_008,醬油
T00441,C1203,SKU_022,巧克力
T00441,C1203,SKU_023,洋芋片
T00441,C1203,SKU_026,牙膏
T00441,C1203,SKU_030,SKU_NEW_002
T00442,C0007,SKU_008,醬油
T00443,C0234,SKU_011,杯麵
T00443,C0234,SKU_027,洗髮精
T00443,C0234,SKU_028,茶包
T00444,C0038,SKU_007,可樂
T00444,C0038,SKU_023,洋芋片
T00445,C0041,SKU_014,雪碧
T00446,C0842,SKU_007,可樂
T00446,C0842,SKU_014,雪碧
T00447,C0419,SKU_002,起司
T00447,C0419,SKU_005,塑膠袋
T00447,C0419,SKU_017,蘋果
T00447,C0419,SKU_030,SKU_NEW_002
T00448,C0221,SKU_002,起司
T00448,C0221,SKU_004,紅酒
T00448,C0221,SKU_005,塑膠袋
T00448,C0221,SKU_024,口香糖
T00448,C0221,SKU_029,SKU_NEW_001
T00449,C0041,SKU_010,寶特瓶飲料
T00449,C0041,SKU_015,牛奶
T00449,C0041,SKU_027,洗髮精
T00450,C0703,SKU_007,可樂
T00450,C0703,SKU_010,寶特瓶飲料
T00450,C0703,SKU_012,麵包
T00451,C0434,SKU_007,可樂
T00451,C0434,SKU_010,寶特瓶飲料
T00451,C0434,SKU_020,葡萄
T00452,C0047,SKU_001,尿布
T00452,C0047,SKU_005,塑膠袋
T00452,C0047,SKU_009,礦泉水
T00452,C0047,SKU_027,洗髮精
T00453,C0841,SKU_023,洋芋片
T00454,C0207,SKU_002,起司
T00454,C0207,SKU_004,紅酒
T00454,C0207,SKU_007,可樂
T00454,C0207,SKU_010,寶特瓶飲料
T00454,C0207,SKU_018,香蕉
T00454,C0207,SKU_028,茶包
T00455,C0021,SKU_004,紅酒
T00455,C0021,SKU_024,口香糖
T00455,C0021,SKU_025,衛生紙
T00456,C0010,SKU_001,尿布
T00456,C0010,SKU_002,起司
T00456,C0010,SKU_005,塑膠袋
T00456,C0010,SKU_007,可樂
T00456,C0010,SKU_008,醬油
T00456,C0010,SKU_017,蘋果
T00457,C0169,SKU_005,塑膠袋
T00457,C0169,SKU_017,蘋果
T00457,C0169,SKU_020,葡萄
T00458,C0881,SKU_002,起司
T00458,C0881,SKU_004,紅酒
T00458,C0881,SKU_009,礦泉水
T00458,C0881,SKU_013,果醬
T00458,C0881,SKU_029,SKU_NEW_001
T00459,C1180,SKU_004,紅酒
T00459,C1180,SKU_016,豆漿
T00459,C1180,SKU_024,口香糖
T00460,C0858,SKU_011,杯麵
T00460,C0858,SKU_018,香蕉
T00460,C0858,SKU_019,橘子
T00460,C0858,SKU_021,餅乾
T00461,C0216,SKU_007,可樂
T00461,C0216,SKU_010,寶特瓶飲料
T00461,C0216,SKU_019,橘子
T00462,C0668,SKU_005,塑膠袋
T00462,C0668,SKU_010,寶特瓶飲料
T00463,C1346,SKU_002,起司
T00463,C1346,SKU_004,紅酒
T00463,C1346,SKU_010,寶特瓶飲料
T00463,C1346,SKU_027,洗髮精
T00464,C0094,SKU_001,尿布
T00464,C0094,SKU_003,啤酒
T00464,C0094,SKU_005,塑膠袋
T00464,C0094,SKU_009,礦泉水
T00464,C0094,SKU_012,麵包
T00464,C0094,SKU_021,餅乾
T00464,C0094,SKU_022,巧克力
T00465,C0125,SKU_004,紅酒
T00466,C0762,SKU_006,米
T00466,C0762,SKU_008,醬油
T00466,C0762,SKU_010,寶特瓶飲料
T00466,C0762,SKU_012,麵包
T00467,C1309,SKU_002,起司
T00467,C1309,SKU_004,紅酒
T00467,C1309,SKU_013,果醬
T00467,C1309,SKU_022,巧克力
T00468,C0043,SKU_002,起司
T00468,C0043,SKU_003,啤酒
T00468,C0043,SKU_004,紅酒
T00468,C0043,SKU_009,礦泉水
T00468,C0043,SKU_010,寶特瓶飲料
T00468,C0043,SKU_013,果醬
T00468,C0043,SKU_029,SKU_NEW_001
T00469,C1080,SKU_001,尿布
T00469,C1080,SKU_003,啤酒
T00469,C1080,SKU_007,可樂
T00470,C0196,SKU_009,礦泉水
T00470,C0196,SKU_010,寶特瓶飲料
T00470,C0196,SKU_022,巧克力
T00471,C0167,SKU_001,尿布
T00471,C0167,SKU_003,啤酒
T00471,C0167,SKU_005,塑膠袋
T00471,C0167,SKU_006,米
T00471,C0167,SKU_008,醬油
T00471,C0167,SKU_018,香蕉
T00471,C0167,SKU_030,SKU_NEW_002
T00472,C0023,SKU_006,米
T00472,C0023,SKU_008,醬油
T00472,C0023,SKU_009,礦泉水
T00472,C0023,SKU_012,麵包
T00472,C0023,SKU_018,香蕉
T00472,C0023,SKU_021,餅乾
T00473,C0322,SKU_002,起司
T00473,C0322,SKU_005,塑膠袋
T00473,C0322,SKU_014,雪碧
T00473,C0322,SKU_022,巧克力
T00473,C0322,SKU_026,牙膏
T00473,C0322,SKU_030,SKU_NEW_002
T00474,C1305,SKU_005,塑膠袋
T00474,C1305,SKU_006,米
T00474,C1305,SKU_008,醬油
T00474,C1305,SKU_013,果醬
T00474,C1305,SKU_018,香蕉
T00474,C1305,SKU_030,SKU_NEW_002
T00475,C0211,SKU_015,牛奶
T00475,C0211,SKU_028,茶包
T00475,C0211,SKU_029,SKU_NEW_001
T00476,C0281,SKU_016,豆漿
T00476,C0281,SKU_018,香蕉
T00477,C1077,SKU_004,紅酒
T00477,C1077,SKU_005,塑膠袋
T00477,C1077,SKU_007,可樂
T00477,C1077,SKU_010,寶特瓶飲料
T00477,C1077,SKU_013,果醬
T00477,C1077,SKU_017,蘋果
T00477,C1077,SKU_018,香蕉
T00477,C1077,SKU_030,SKU_NEW_002
T00478,C1272,SKU_002,起司
T00478,C1272,SKU_012,麵包
T00478,C1272,SKU_013,果醬
T00478,C1272,SKU_014,雪碧
T00478,C1272,SKU_015,牛奶
T00479,C0286,SKU_008,醬油
T00479,C0286,SKU_009,礦泉水
T00479,C0286,SKU_013,果醬
T00480,C0403,SKU_002,起司
T00480,C0403,SKU_004,紅酒
T00480,C0403,SKU_009,礦泉水
T00480,C0403,SKU_010,寶特瓶飲料
T00480,C0403,SKU_011,杯麵
T00480,C0403,SKU_015,牛奶
T00481,C0603,SKU_004,紅酒
T00481,C0603,SKU_015,牛奶
T00481,C0603,SKU_016,豆漿
T00481,C0603,SKU_030,SKU_NEW_002
T00482,C0346,SKU_005,塑膠袋
T00482,C0346,SKU_010,寶特瓶飲料
T00482,C0346,SKU_011,杯麵
T00482,C0346,SKU_029,SKU_NEW_001
T00482,C0346,SKU_030,SKU_NEW_002
T00483,C0590,SKU_001,尿布
T00483,C0590,SKU_003,啤酒
T00483,C0590,SKU_006,米
T00483,C0590,SKU_026,牙膏
T00484,C0876,SKU_009,礦泉水
T00484,C0876,SKU_013,果醬
T00484,C0876,SKU_014,雪碧
T00484,C0876,SKU_028,茶包
T00485,C0231,SKU_007,可樂
T00485,C0231,SKU_009,礦泉水
T00485,C0231,SKU_016,豆漿
T00485,C0231,SKU_022,巧克力
T00485,C0231,SKU_027,洗髮精
T00486,C0101,SKU_015,牛奶
T00487,C0880,SKU_020,葡萄
T00487,C0880,SKU_026,牙膏
T00487,C0880,SKU_028,茶包
T00488,C0806,SKU_001,尿布
T00488,C0806,SKU_005,塑膠袋
T00488,C0806,SKU_007,可樂
T00488,C0806,SKU_019,橘子
T00489,C1386,SKU_009,礦泉水
T00489,C1386,SKU_023,洋芋片
T00489,C1386,SKU_025,衛生紙
T00489,C1386,SKU_028,茶包
T00490,C0079,SKU_006,米
T00490,C0079,SKU_008,醬油
T00490,C0079,SKU_022,巧克力
T00490,C0079,SKU_027,洗髮精
T00490,C0079,SKU_029,SKU_NEW_001
T00491,C0367,SKU_006,米
T00491,C0367,SKU_008,醬油
T00491,C0367,SKU_026,牙膏
T00491,C0367,SKU_030,SKU_NEW_002
T00492,C0376,SKU_005,塑膠袋
T00492,C0376,SKU_006,米
T00492,C0376,SKU_008,醬油
T00492,C0376,SKU_018,香蕉
T00492,C0376,SKU_023,洋芋片
T00493,C0024,SKU_008,醬油
T00493,C0024,SKU_017,蘋果
T00493,C0024,SKU_023,洋芋片
T00494,C0205,SKU_008,醬油
T00494,C0205,SKU_029,SKU_NEW_001
T00495,C0831,SKU_001,尿布
T00495,C0831,SKU_005,塑膠袋
T00495,C0831,SKU_009,礦泉水
T00495,C0831,SKU_010,寶特瓶飲料
T00495,C0831,SKU_016,豆漿
T00495,C0831,SKU_022,巧克力
T00495,C0831,SKU_029,SKU_NEW_001
T00496,C0722,SKU_001,尿布
T00496,C0722,SKU_003,啤酒
T00497,C0291,SKU_001,尿布
T00497,C0291,SKU_003,啤酒
T00497,C0291,SKU_006,米
T00497,C0291,SKU_008,醬油
T00497,C0291,SKU_010,寶特瓶飲料
T00497,C0291,SKU_024,口香糖
T00498,C1344,SKU_004,紅酒
T00498,C1344,SKU_017,蘋果
T00498,C1344,SKU_023,洋芋片
T00499,C0887,SKU_005,塑膠袋
T00499,C0887,SKU_008,醬油
T00499,C0887,SKU_009,礦泉水
T00499,C0887,SKU_030,SKU_NEW_002
T00500,C0208,SKU_009,礦泉水
T00500,C0208,SKU_013,果醬
T00501,C0046,SKU_001,尿布
T00501,C0046,SKU_005,塑膠袋
T00501,C0046,SKU_007,可樂
T00501,C0046,SKU_010,寶特瓶飲料
T00501,C0046,SKU_014,雪碧
T00501,C0046,SKU_017,蘋果
T00501,C0046,SKU_025,衛生紙
T00502,C0566,SKU_002,起司
T00502,C0566,SKU_012,麵包
T00502,C0566,SKU_016,豆漿
T00503,C0843,SKU_009,礦泉水
T00503,C0843,SKU_010,寶特瓶飲料
T00503,C0843,SKU_016,豆漿
T00504,C1115,SKU_002,起司
T00504,C1115,SKU_010,寶特瓶飲料
T00504,C1115,SKU_011,杯麵
T00504,C1115,SKU_012,麵包
T00505,C0649,SKU_003,啤酒
T00505,C0649,SKU_007,可樂
T00506,C0166,SKU_002,起司
T00506,C0166,SKU_004,紅酒
T00506,C0166,SKU_005,塑膠袋
T00506,C0166,SKU_006,米
T00506,C0166,SKU_008,醬油
T00506,C0166,SKU_010,寶特瓶飲料
T00506,C0166,SKU_020,葡萄
T00507,C0262,SKU_004,紅酒
T00507,C0262,SKU_007,可樂
T00507,C0262,SKU_016,豆漿
T00507,C0262,SKU_028,茶包
T00508,C0725,SKU_011,杯麵
T00508,C0725,SKU_019,橘子
T00509,C0177,SKU_002,起司
T00509,C0177,SKU_004,紅酒
T00509,C0177,SKU_010,寶特瓶飲料
T00509,C0177,SKU_016,豆漿
T00509,C0177,SKU_023,洋芋片
T00510,C0707,SKU_015,牛奶
T00510,C0707,SKU_023,洋芋片
T00510,C0707,SKU_027,洗髮精
T00510,C0707,SKU_028,茶包
T00511,C0299,SKU_004,紅酒
T00511,C0299,SKU_005,塑膠袋
T00511,C0299,SKU_008,醬油
T00511,C0299,SKU_009,礦泉水
T00512,C0064,SKU_001,尿布
T00512,C0064,SKU_010,寶特瓶飲料
T00512,C0064,SKU_029,SKU_NEW_001
T00513,C0870,SKU_002,起司
T00513,C0870,SKU_004,紅酒
T00513,C0870,SKU_010,寶特瓶飲料
T00513,C0870,SKU_015,牛奶
T00514,C0007,SKU_015,牛奶
T00514,C0007,SKU_018,香蕉
T00514,C0007,SKU_027,洗髮精
T00515,C0078,SKU_001,尿布
T00515,C0078,SKU_003,啤酒
T00515,C0078,SKU_015,牛奶
T00515,C0078,SKU_027,洗髮精
T00516,C0890,SKU_001,尿布
T00516,C0890,SKU_027,洗髮精
T00516,C0890,SKU_030,SKU_NEW_002
T00517,C0050,SKU_002,起司
T00518,C0531,SKU_010,寶特瓶飲料
T00518,C0531,SKU_017,蘋果
T00518,C0531,SKU_020,葡萄
T00519,C0040,SKU_002,起司
T00519,C0040,SKU_004,紅酒
T00519,C0040,SKU_005,塑膠袋
T00519,C0040,SKU_006,米
T00519,C0040,SKU_008,醬油
T00519,C0040,SKU_017,蘋果
T00519,C0040,SKU_023,洋芋片
T00519,C0040,SKU_030,SKU_NEW_002
T00520,C0843,SKU_006,米
T00520,C0843,SKU_010,寶特瓶飲料
T00520,C0843,SKU_020,葡萄
T00520,C0843,SKU_023,洋芋片
T00521,C0108,SKU_002,起司
T00521,C0108,SKU_004,紅酒
T00521,C0108,SKU_009,礦泉水
T00521,C0108,SKU_014,雪碧
T00522,C1200,SKU_010,寶特瓶飲料
T00523,C0399,SKU_009,礦泉水
T00523,C0399,SKU_020,葡萄
T00523,C0399,SKU_025,衛生紙
T00523,C0399,SKU_030,SKU_NEW_002
T00524,C0061,SKU_007,可樂
T00524,C0061,SKU_022,巧克力
T00525,C0067,SKU_005,塑膠袋
T00525,C0067,SKU_007,可樂
T00525,C0067,SKU_022,巧克力
T00525,C0067,SKU_028,茶包
T00526,C1070,SKU_009,礦泉水
T00526,C1070,SKU_016,豆漿
T00526,C1070,SKU_020,葡萄
T00527,C0603,SKU_001,尿布
T00527,C0603,SKU_010,寶特瓶飲料
T00527,C0603,SKU_014,雪碧
T00527,C0603,SKU_019,橘子
T00527,C0603,SKU_028,茶包
T00528,C0645,SKU_002,起司
T00528,C0645,SKU_004,紅酒
T00528,C0645,SKU_027,洗髮精
T00529,C0556,SKU_005,塑膠袋
T00529,C0556,SKU_007,可樂
T00529,C0556,SKU_020,葡萄
T00529,C0556,SKU_030,SKU_NEW_002
T00530,C0077,SKU_001,尿布
T00530,C0077,SKU_003,啤酒
T00530,C0077,SKU_014,雪碧
T00530,C0077,SKU_015,牛奶
T00530,C0077,SKU_018,香蕉
T00531,C0034,SKU_005,塑膠袋
T00531,C0034,SKU_006,米
T00531,C0034,SKU_008,醬油
T00532,C0319,SKU_002,起司
T00532,C0319,SKU_004,紅酒
T00532,C0319,SKU_018,香蕉
T00532,C0319,SKU_028,茶包
T00533,C0786,SKU_014,雪碧
T00533,C0786,SKU_017,蘋果
T00534,C1426,SKU_001,尿布
T00534,C1426,SKU_003,啤酒
T00534,C1426,SKU_007,可樂
T00534,C1426,SKU_012,麵包
T00535,C0654,SKU_004,紅酒
T00535,C0654,SKU_005,塑膠袋
T00535,C0654,SKU_006,米
T00535,C0654,SKU_007,可樂
T00535,C0654,SKU_008,醬油
T00535,C0654,SKU_011,杯麵
T00535,C0654,SKU_016,豆漿
T00536,C0792,SKU_004,紅酒
T00536,C0792,SKU_010,寶特瓶飲料
T00536,C0792,SKU_018,香蕉
T00537,C0440,SKU_017,蘋果
T00537,C0440,SKU_018,香蕉
T00537,C0440,SKU_026,牙膏
T00538,C0505,SKU_005,塑膠袋
T00538,C0505,SKU_007,可樂
T00538,C0505,SKU_009,礦泉水
T00538,C0505,SKU_012,麵包
T00538,C0505,SKU_015,牛奶
T00538,C0505,SKU_026,牙膏
T00538,C0505,SKU_029,SKU_NEW_001
T00539,C0047,SKU_001,尿布
T00539,C0047,SKU_003,啤酒
T00539,C0047,SKU_007,可樂
T00539,C0047,SKU_015,牛奶
T00539,C0047,SKU_021,餅乾
T00539,C0047,SKU_028,茶包
T00540,C0148,SKU_009,礦泉水
T00540,C0148,SKU_019,橘子
T00540,C0148,SKU_020,葡萄
T00540,C0148,SKU_024,口香糖
T00541,C0036,SKU_005,塑膠袋
T00541,C0036,SKU_007,可樂
T00541,C0036,SKU_023,洋芋片
T00542,C0496,SKU_001,尿布
T00542,C0496,SKU_002,起司
T00542,C0496,SKU_003,啤酒
T00542,C0496,SKU_004,紅酒
T00542,C0496,SKU_016,豆漿
T00543,C0419,SKU_002,起司
T00543,C0419,SKU_006,米
T00543,C0419,SKU_007,可樂
T00543,C0419,SKU_016,豆漿
T00544,C0748,SKU_002,起司
T00544,C0748,SKU_004,紅酒
T00544,C0748,SKU_008,醬油
T00545,C1248,SKU_006,米
T00545,C1248,SKU_012,麵包
T00545,C1248,SKU_024,口香糖
T00546,C1381,SKU_013,果醬
T00546,C1381,SKU_018,香蕉
T00547,C0119,SKU_006,米
T00547,C0119,SKU_023,洋芋片
T00548,C0219,SKU_004,紅酒
T00548,C0219,SKU_015,牛奶
T00549,C0349,SKU_008,醬油
T00549,C0349,SKU_020,葡萄
T00550,C0806,SKU_005,塑膠袋
T00550,C0806,SKU_009,礦泉水
T00550,C0806,SKU_023,洋芋片
T00550,C0806,SKU_030,SKU_NEW_002
T00551,C0611,SKU_004,紅酒
T00551,C0611,SKU_006,米
T00551,C0611,SKU_008,醬油
T00551,C0611,SKU_018,香蕉
T00552,C0604,SKU_001,尿布
T00552,C0604,SKU_003,啤酒
T00552,C0604,SKU_007,可樂
T00552,C0604,SKU_009,礦泉水
T00552,C0604,SKU_010,寶特瓶飲料
T00552,C0604,SKU_011,杯麵
T00552,C0604,SKU_024,口香糖
T00553,C1455,SKU_002,起司
T00553,C1455,SKU_004,紅酒
T00553,C1455,SKU_006,米
T00553,C1455,SKU_008,醬油
T00553,C1455,SKU_014,雪碧
T00553,C1455,SKU_021,餅乾
T00554,C0179,SKU_014,雪碧
T00555,C1132,SKU_001,尿布
T00555,C1132,SKU_017,蘋果
T00556,C0511,SKU_014,雪碧
T00556,C0511,SKU_026,牙膏
T00557,C1007,SKU_012,麵包
T00557,C1007,SKU_027,洗髮精
T00558,C0406,SKU_008,醬油
T00558,C0406,SKU_010,寶特瓶飲料
T00558,C0406,SKU_016,豆漿
T00559,C0030,SKU_002,起司
T00559,C0030,SKU_004,紅酒
T00559,C0030,SKU_012,麵包
T00559,C0030,SKU_014,雪碧
T00559,C0030,SKU_020,葡萄
T00559,C0030,SKU_022,巧克力
T00560,C0296,SKU_001,尿布
T00560,C0296,SKU_010,寶特瓶飲料
T00560,C0296,SKU_012,麵包
T00560,C0296,SKU_027,洗髮精
T00560,C0296,SKU_028,茶包
T00561,C0127,SKU_001,尿布
T00561,C0127,SKU_003,啤酒
T00561,C0127,SKU_006,米
T00561,C0127,SKU_010,寶特瓶飲料
T00561,C0127,SKU_028,茶包
T00561,C0127,SKU_029,SKU_NEW_001
T00562,C0389,SKU_004,紅酒
T00562,C0389,SKU_013,果醬
T00563,C0016,SKU_007,可樂
T00563,C0016,SKU_022,巧克力
T00564,C0827,SKU_002,起司
T00564,C0827,SKU_004,紅酒
T00564,C0827,SKU_007,可樂
T00564,C0827,SKU_013,果醬
T00564,C0827,SKU_023,洋芋片
T00565,C0392,SKU_001,尿布
T00565,C0392,SKU_003,啤酒
T00565,C0392,SKU_005,塑膠袋
T00565,C0392,SKU_012,麵包
T00565,C0392,SKU_014,雪碧
T00565,C0392,SKU_015,牛奶
T00566,C1224,SKU_001,尿布
T00566,C1224,SKU_003,啤酒
T00566,C1224,SKU_006,米
T00566,C1224,SKU_016,豆漿
T00566,C1224,SKU_023,洋芋片
T00566,C1224,SKU_024,口香糖
T00567,C0021,SKU_003,啤酒
T00567,C0021,SKU_006,米
T00567,C0021,SKU_007,可樂
T00567,C0021,SKU_008,醬油
T00567,C0021,SKU_021,餅乾
T00567,C0021,SKU_022,巧克力
T00567,C0021,SKU_027,洗髮精
T00567,C0021,SKU_029,SKU_NEW_001
T00568,C0101,SKU_001,尿布
T00568,C0101,SKU_003,啤酒
T00568,C0101,SKU_019,橘子
T00569,C0389,SKU_009,礦泉水
T00569,C0389,SKU_014,雪碧
T00569,C0389,SKU_018,香蕉
T00569,C0389,SKU_019,橘子
T00570,C0403,SKU_002,起司
T00570,C0403,SKU_004,紅酒
T00570,C0403,SKU_007,可樂
T00570,C0403,SKU_008,醬油
T00570,C0403,SKU_013,果醬
T00570,C0403,SKU_030,SKU_NEW_002
T00571,C0046,SKU_006,米
T00571,C0046,SKU_008,醬油
T00571,C0046,SKU_010,寶特瓶飲料
T00571,C0046,SKU_020,葡萄
T00571,C0046,SKU_024,口香糖
T00572,C0890,SKU_001,尿布
T00572,C0890,SKU_002,起司
T00572,C0890,SKU_003,啤酒
T00572,C0890,SKU_008,醬油
T00572,C0890,SKU_012,麵包
T00572,C0890,SKU_025,衛生紙
T00573,C0641,SKU_001,尿布
T00573,C0641,SKU_002,起司
T00573,C0641,SKU_004,紅酒
T00573,C0641,SKU_014,雪碧
T00573,C0641,SKU_025,衛生紙
T00573,C0641,SKU_026,牙膏
T00573,C0641,SKU_029,SKU_NEW_001
T00574,C0894,SKU_013,果醬
T00575,C0645,SKU_008,醬油
T00575,C0645,SKU_023,洋芋片
T00575,C0645,SKU_029,SKU_NEW_001
T00576,C0700,SKU_009,礦泉水
T00576,C0700,SKU_016,豆漿
T00576,C0700,SKU_030,SKU_NEW_002
T00577,C0383,SKU_007,可樂
T00578,C0514,SKU_002,起司
T00578,C0514,SKU_004,紅酒
T00578,C0514,SKU_018,香蕉
T00578,C0514,SKU_022,巧克力
T00578,C0514,SKU_030,SKU_NEW_002
T00579,C0555,SKU_002,起司
T00579,C0555,SKU_004,紅酒
T00579,C0555,SKU_005,塑膠袋
T00579,C0555,SKU_007,可樂
T00579,C0555,SKU_009,礦泉水
T00579,C0555,SKU_018,香蕉
T00579,C0555,SKU_025,衛生紙
T00579,C0555,SKU_028,茶包
T00580,C0228,SKU_005,塑膠袋
T00580,C0228,SKU_021,餅乾
T00580,C0228,SKU_022,巧克力
T00581,C0669,SKU_006,米
T00581,C0669,SKU_022,巧克力
T00581,C0669,SKU_024,口香糖
T00581,C0669,SKU_026,牙膏
T00582,C0455,SKU_004,紅酒
T00582,C0455,SKU_014,雪碧
T00582,C0455,SKU_023,洋芋片
T00583,C0598,SKU_001,尿布
T00583,C0598,SKU_002,起司
T00583,C0598,SKU_005,塑膠袋
T00583,C0598,SKU_013,果醬
T00583,C0598,SKU_014,雪碧
T00583,C0598,SKU_022,巧克力
T00584,C0506,SKU_001,尿布
T00584,C0506,SKU_003,啤酒
T00584,C0506,SKU_007,可樂
T00584,C0506,SKU_010,寶特瓶飲料
T00584,C0506,SKU_024,口香糖
T00584,C0506,SKU_028,茶包
T00585,C1014,SKU_004,紅酒
T00585,C1014,SKU_010,寶特瓶飲料
T00585,C1014,SKU_024,口香糖
T00585,C1014,SKU_030,SKU_NEW_002
T00586,C0778,SKU_005,塑膠袋
T00586,C0778,SKU_012,麵包
T00586,C0778,SKU_018,香蕉
T00586,C0778,SKU_022,巧克力
T00587,C0261,SKU_001,尿布
T00587,C0261,SKU_003,啤酒
T00587,C0261,SKU_010,寶特瓶飲料
T00587,C0261,SKU_019,橘子
T00588,C0754,SKU_004,紅酒
T00588,C0754,SKU_008,醬油
T00588,C0754,SKU_009,礦泉水
T00588,C0754,SKU_011,杯麵
T00588,C0754,SKU_016,豆漿
T00588,C0754,SKU_026,牙膏
T00589,C0520,SKU_002,起司
T00589,C0520,SKU_004,紅酒
T00589,C0520,SKU_007,可樂
T00589,C0520,SKU_009,礦泉水
T00589,C0520,SKU_022,巧克力
T00589,C0520,SKU_024,口香糖
T00589,C0520,SKU_028,茶包
T00590,C0300,SKU_003,啤酒
T00590,C0300,SKU_005,塑膠袋
T00590,C0300,SKU_009,礦泉水
T00590,C0300,SKU_021,餅乾
T00590,C0300,SKU_026,牙膏
T00591,C0263,SKU_001,尿布
T00591,C0263,SKU_003,啤酒
T00591,C0263,SKU_021,餅乾
T00592,C0668,SKU_002,起司
T00592,C0668,SKU_004,紅酒
T00592,C0668,SKU_014,雪碧
T00592,C0668,SKU_021,餅乾
T00593,C0536,SKU_019,橘子
T00593,C0536,SKU_023,洋芋片
T00594,C0485,SKU_005,塑膠袋
T00594,C0485,SKU_029,SKU_NEW_001
T00595,C1390,SKU_007,可樂
T00595,C1390,SKU_026,牙膏
T00595,C1390,SKU_028,茶包
T00596,C0068,SKU_001,尿布
T00596,C0068,SKU_003,啤酒
T00596,C0068,SKU_021,餅乾
T00596,C0068,SKU_024,口香糖
T00597,C0098,SKU_001,尿布
T00597,C0098,SKU_003,啤酒
T00597,C0098,SKU_006,米
T00597,C0098,SKU_008,醬油
T00597,C0098,SKU_014,雪碧
T00598,C0998,SKU_002,起司
T00598,C0998,SKU_004,紅酒
T00598,C0998,SKU_016,豆漿
T00598,C0998,SKU_023,洋芋片
T00599,C1178,SKU_002,起司
T00599,C1178,SKU_004,紅酒
T00599,C1178,SKU_011,杯麵
T00599,C1178,SKU_015,牛奶
T00599,C1178,SKU_023,洋芋片
T00599,C1178,SKU_026,牙膏
T00600,C0560,SKU_007,可樂
T00601,C0406,SKU_001,尿布
T00601,C0406,SKU_015,牛奶
T00602,C0302,SKU_007,可樂
T00602,C0302,SKU_015,牛奶
T00602,C0302,SKU_024,口香糖
T00603,C1065,SKU_003,啤酒
T00603,C1065,SKU_005,塑膠袋
T00603,C1065,SKU_009,礦泉水
T00603,C1065,SKU_029,SKU_NEW_001
T00604,C0829,SKU_007,可樂
T00605,C0617,SKU_003,啤酒
T00605,C0617,SKU_009,礦泉水
T00605,C0617,SKU_019,橘子
T00605,C0617,SKU_023,洋芋片
T00606,C0090,SKU_001,尿布
T00606,C0090,SKU_002,起司
T00606,C0090,SKU_003,啤酒
T00606,C0090,SKU_004,紅酒
T00606,C0090,SKU_005,塑膠袋
T00606,C0090,SKU_007,可樂
T00606,C0090,SKU_018,香蕉
T00606,C0090,SKU_020,葡萄
T00607,C0872,SKU_001,尿布
T00607,C0872,SKU_002,起司
T00607,C0872,SKU_003,啤酒
T00607,C0872,SKU_010,寶特瓶飲料
T00607,C0872,SKU_027,洗髮精
T00607,C0872,SKU_030,SKU_NEW_002
T00608,C0757,SKU_014,雪碧
T00609,C0627,SKU_009,礦泉水
T00609,C0627,SKU_010,寶特瓶飲料
T00609,C0627,SKU_022,巧克力
T00609,C0627,SKU_026,牙膏
T00610,C0772,SKU_024,口香糖
T00610,C0772,SKU_025,衛生紙
T00611,C0105,SKU_006,米
T00611,C0105,SKU_007,可樂
T00611,C0105,SKU_008,醬油
T00611,C0105,SKU_023,洋芋片
T00611,C0105,SKU_024,口香糖
T00611,C0105,SKU_029,SKU_NEW_001
T00612,C0197,SKU_001,尿布
T00612,C0197,SKU_002,起司
T00612,C0197,SKU_003,啤酒
T00612,C0197,SKU_004,紅酒
T00613,C0126,SKU_015,牛奶
T00613,C0126,SKU_025,衛生紙
T00614,C1191,SKU_006,米
T00614,C1191,SKU_008,醬油
T00614,C1191,SKU_018,香蕉
T00614,C1191,SKU_020,葡萄
T00614,C1191,SKU_027,洗髮精
T00615,C0379,SKU_025,衛生紙
T00616,C0378,SKU_007,可樂
T00617,C0068,SKU_001,尿布
T00617,C0068,SKU_003,啤酒
T00617,C0068,SKU_006,米
T00617,C0068,SKU_008,醬油
T00617,C0068,SKU_016,豆漿
T00617,C0068,SKU_026,牙膏
T00618,C0108,SKU_008,醬油
T00618,C0108,SKU_009,礦泉水
T00618,C0108,SKU_025,衛生紙
T00619,C1011,SKU_014,雪碧
T00619,C1011,SKU_015,牛奶
T00619,C1011,SKU_016,豆漿
T00620,C0210,SKU_007,可樂
T00620,C0210,SKU_009,礦泉水
T00620,C0210,SKU_017,蘋果
T00620,C0210,SKU_022,巧克力
T00620,C0210,SKU_026,牙膏
T00620,C0210,SKU_030,SKU_NEW_002
T00621,C0050,SKU_007,可樂
T00621,C0050,SKU_018,香蕉
T00622,C0890,SKU_001,尿布
T00622,C0890,SKU_011,杯麵
T00622,C0890,SKU_026,牙膏
T00622,C0890,SKU_029,SKU_NEW_001
T00623,C0430,SKU_001,尿布
T00623,C0430,SKU_004,紅酒
T00623,C0430,SKU_010,寶特瓶飲料
T00624,C0773,SKU_004,紅酒
T00624,C0773,SKU_009,礦泉水
T00624,C0773,SKU_011,杯麵
T00624,C0773,SKU_014,雪碧
T00625,C0320,SKU_006,米
T00625,C0320,SKU_008,醬油
T00625,C0320,SKU_014,雪碧
T00625,C0320,SKU_015,牛奶
T00625,C0320,SKU_022,巧克力
T00625,C0320,SKU_023,洋芋片
T00626,C0459,SKU_009,礦泉水
T00626,C0459,SKU_014,雪碧
T00627,C0788,SKU_002,起司
T00627,C0788,SKU_006,米
T00627,C0788,SKU_008,醬油
T00627,C0788,SKU_018,香蕉
T00628,C1491,SKU_005,塑膠袋
T00628,C1491,SKU_007,可樂
T00628,C1491,SKU_011,杯麵
T00629,C0355,SKU_001,尿布
T00629,C0355,SKU_003,啤酒
T00629,C0355,SKU_010,寶特瓶飲料
T00629,C0355,SKU_026,牙膏
T00630,C0807,SKU_010,寶特瓶飲料
T00630,C0807,SKU_011,杯麵
T00631,C0636,SKU_004,紅酒
T00631,C0636,SKU_009,礦泉水
T00631,C0636,SKU_020,葡萄
T00631,C0636,SKU_028,茶包
T00631,C0636,SKU_029,SKU_NEW_001
T00632,C0131,SKU_001,尿布
T00632,C0131,SKU_005,塑膠袋
T00632,C0131,SKU_010,寶特瓶飲料
T00632,C0131,SKU_017,蘋果
T00632,C0131,SKU_022,巧克力
T00633,C0289,SKU_005,塑膠袋
T00633,C0289,SKU_017,蘋果
T00633,C0289,SKU_026,牙膏
T00634,C0389,SKU_001,尿布
T00634,C0389,SKU_002,起司
T00634,C0389,SKU_004,紅酒
T00634,C0389,SKU_012,麵包
T00634,C0389,SKU_014,雪碧
T00634,C0389,SKU_015,牛奶
T00634,C0389,SKU_019,橘子
T00635,C1194,SKU_007,可樂
T00635,C1194,SKU_010,寶特瓶飲料
T00635,C1194,SKU_013,果醬
T00635,C1194,SKU_014,雪碧
T00635,C1194,SKU_016,豆漿
T00635,C1194,SKU_017,蘋果
T00635,C1194,SKU_018,香蕉
T00636,C0644,SKU_024,口香糖
T00637,C0305,SKU_007,可樂
T00637,C0305,SKU_016,豆漿
T00637,C0305,SKU_023,洋芋片
T00638,C0992,SKU_006,米
T00638,C0992,SKU_007,可樂
T00638,C0992,SKU_028,茶包
T00638,C0992,SKU_030,SKU_NEW_002
T00639,C0009,SKU_006,米
T00639,C0009,SKU_010,寶特瓶飲料
T00639,C0009,SKU_011,杯麵
T00639,C0009,SKU_014,雪碧
T00639,C0009,SKU_025,衛生紙
T00639,C0009,SKU_030,SKU_NEW_002
T00640,C1184,SKU_009,礦泉水
T00640,C1184,SKU_015,牛奶
T00640,C1184,SKU_022,巧克力
T00640,C1184,SKU_029,SKU_NEW_001
T00641,C0350,SKU_004,紅酒
T00641,C0350,SKU_005,塑膠袋
T00641,C0350,SKU_007,可樂
T00641,C0350,SKU_010,寶特瓶飲料
T00642,C1500,SKU_007,可樂
T00642,C1500,SKU_021,餅乾
T00643,C0181,SKU_003,啤酒
T00643,C0181,SKU_016,豆漿
T00643,C0181,SKU_017,蘋果
T00644,C0576,SKU_009,礦泉水
T00645,C0419,SKU_001,尿布
T00645,C0419,SKU_002,起司
T00645,C0419,SKU_004,紅酒
T00645,C0419,SKU_024,口香糖
T00645,C0419,SKU_026,牙膏
T00646,C0275,SKU_001,尿布
T00646,C0275,SKU_007,可樂
T00646,C0275,SKU_012,麵包
T00646,C0275,SKU_017,蘋果
T00646,C0275,SKU_024,口香糖
T00647,C0088,SKU_006,米
T00647,C0088,SKU_008,醬油
T00647,C0088,SKU_009,礦泉水
T00647,C0088,SKU_016,豆漿
T00648,C0264,SKU_002,起司
T00648,C0264,SKU_014,雪碧
T00649,C0351,SKU_002,起司
T00649,C0351,SKU_004,紅酒
T00649,C0351,SKU_017,蘋果
T00649,C0351,SKU_029,SKU_NEW_001
T00650,C0133,SKU_009,礦泉水
T00650,C0133,SKU_010,寶特瓶飲料
T00650,C0133,SKU_016,豆漿
T00650,C0133,SKU_028,茶包
T00651,C0491,SKU_005,塑膠袋
T00651,C0491,SKU_009,礦泉水
T00651,C0491,SKU_011,杯麵
T00651,C0491,SKU_027,洗髮精
T00651,C0491,SKU_028,茶包
T00651,C0491,SKU_030,SKU_NEW_002
T00652,C0264,SKU_001,尿布
T00652,C0264,SKU_005,塑膠袋
T00652,C0264,SKU_009,礦泉水
T00652,C0264,SKU_020,葡萄
T00653,C0626,SKU_001,尿布
T00653,C0626,SKU_003,啤酒
T00653,C0626,SKU_009,礦泉水
T00653,C0626,SKU_017,蘋果
T00654,C0348,SKU_003,啤酒
T00654,C0348,SKU_007,可樂
T00654,C0348,SKU_009,礦泉水
T00654,C0348,SKU_019,橘子
T00654,C0348,SKU_026,牙膏
T00655,C0489,SKU_005,塑膠袋
T00655,C0489,SKU_013,果醬
T00656,C0323,SKU_002,起司
T00656,C0323,SKU_004,紅酒
T00656,C0323,SKU_017,蘋果
T00657,C0651,SKU_001,尿布
T00657,C0651,SKU_020,葡萄
T00658,C0007,SKU_001,尿布
T00658,C0007,SKU_012,麵包
T00658,C0007,SKU_013,果醬
T00658,C0007,SKU_014,雪碧
T00658,C0007,SKU_020,葡萄
T00658,C0007,SKU_025,衛生紙
T00659,C0185,SKU_005,塑膠袋
T00659,C0185,SKU_008,醬油
T00659,C0185,SKU_009,礦泉水
T00659,C0185,SKU_013,果醬
T00659,C0185,SKU_023,洋芋片
T00660,C0046,SKU_001,尿布
T00660,C0046,SKU_005,塑膠袋
T00660,C0046,SKU_018,香蕉
T00660,C0046,SKU_024,口香糖
T00661,C0731,SKU_001,尿布
T00661,C0731,SKU_002,起司
T00661,C0731,SKU_005,塑膠袋
T00661,C0731,SKU_009,礦泉水
T00661,C0731,SKU_011,杯麵
T00661,C0731,SKU_020,葡萄
T00662,C0811,SKU_010,寶特瓶飲料
T00662,C0811,SKU_016,豆漿
T00662,C0811,SKU_021,餅乾
T00663,C0625,SKU_002,起司
T00663,C0625,SKU_006,米
T00663,C0625,SKU_008,醬油
T00663,C0625,SKU_010,寶特瓶飲料
T00663,C0625,SKU_029,SKU_NEW_001
T00664,C0002,SKU_001,尿布
T00664,C0002,SKU_003,啤酒
T00664,C0002,SKU_008,醬油
T00665,C0909,SKU_007,可樂
T00665,C0909,SKU_018,香蕉
T00665,C0909,SKU_023,洋芋片
T00665,C0909,SKU_026,牙膏
T00665,C0909,SKU_029,SKU_NEW_001
T00666,C0682,SKU_001,尿布
T00666,C0682,SKU_023,洋芋片
T00667,C0850,SKU_010,寶特瓶飲料
T00668,C0788,SKU_001,尿布
T00668,C0788,SKU_007,可樂
T00668,C0788,SKU_011,杯麵
T00668,C0788,SKU_019,橘子
T00669,C1224,SKU_001,尿布
T00669,C1224,SKU_002,起司
T00669,C1224,SKU_003,啤酒
T00669,C1224,SKU_004,紅酒
T00669,C1224,SKU_005,塑膠袋
T00669,C1224,SKU_007,可樂
T00669,C1224,SKU_009,礦泉水
T00669,C1224,SKU_014,雪碧
T00669,C1224,SKU_024,口香糖
T00670,C1321,SKU_001,尿布
T00670,C1321,SKU_007,可樂
T00670,C1321,SKU_012,麵包
T00671,C0101,SKU_006,米
T00671,C0101,SKU_008,醬油
T00671,C0101,SKU_012,麵包
T00671,C0101,SKU_029,SKU_NEW_001
T00672,C0734,SKU_001,尿布
T00672,C0734,SKU_003,啤酒
T00672,C0734,SKU_007,可樂
T00672,C0734,SKU_008,醬油
T00673,C0725,SKU_007,可樂
T00673,C0725,SKU_014,雪碧
T00674,C0139,SKU_004,紅酒
T00674,C0139,SKU_009,礦泉水
T00674,C0139,SKU_029,SKU_NEW_001
T00675,C0178,SKU_001,尿布
T00675,C0178,SKU_003,啤酒
T00675,C0178,SKU_004,紅酒
T00675,C0178,SKU_006,米
T00675,C0178,SKU_008,醬油
T00675,C0178,SKU_009,礦泉水
T00675,C0178,SKU_010,寶特瓶飲料
T00676,C0007,SKU_005,塑膠袋
T00676,C0007,SKU_008,醬油
T00677,C0038,SKU_001,尿布
T00677,C0038,SKU_002,起司
T00677,C0038,SKU_003,啤酒
T00677,C0038,SKU_004,紅酒
T00677,C0038,SKU_012,麵包
T00677,C0038,SKU_020,葡萄
T00677,C0038,SKU_029,SKU_NEW_001
T00678,C0692,SKU_006,米
T00678,C0692,SKU_007,可樂
T00678,C0692,SKU_008,醬油
T00678,C0692,SKU_018,香蕉
T00679,C0167,SKU_005,塑膠袋
T00679,C0167,SKU_023,洋芋片
T00680,C0321,SKU_001,尿布
T00680,C0321,SKU_003,啤酒
T00680,C0321,SKU_006,米
T00680,C0321,SKU_008,醬油
T00681,C0601,SKU_001,尿布
T00681,C0601,SKU_003,啤酒
T00681,C0601,SKU_004,紅酒
T00681,C0601,SKU_006,米
T00681,C0601,SKU_020,葡萄
T00682,C0104,SKU_004,紅酒
T00682,C0104,SKU_010,寶特瓶飲料
T00683,C0343,SKU_005,塑膠袋
T00684,C0458,SKU_005,塑膠袋
T00684,C0458,SKU_009,礦泉水
T00684,C0458,SKU_010,寶特瓶飲料
T00684,C0458,SKU_011,杯麵
T00684,C0458,SKU_022,巧克力
T00684,C0458,SKU_025,衛生紙
T00685,C0354,SKU_002,起司
T00685,C0354,SKU_004,紅酒
T00685,C0354,SKU_010,寶特瓶飲料
T00685,C0354,SKU_014,雪碧
T00685,C0354,SKU_017,蘋果
T00685,C0354,SKU_026,牙膏
T00686,C0284,SKU_006,米
T00686,C0284,SKU_022,巧克力
T00687,C0227,SKU_001,尿布
T00687,C0227,SKU_003,啤酒
T00687,C0227,SKU_012,麵包
T00688,C1014,SKU_023,洋芋片
T00689,C0419,SKU_005,塑膠袋
T00689,C0419,SKU_006,米
T00689,C0419,SKU_008,醬油
T00689,C0419,SKU_023,洋芋片
T00690,C0129,SKU_001,尿布
T00690,C0129,SKU_003,啤酒
T00690,C0129,SKU_024,口香糖
T00690,C0129,SKU_025,衛生紙
T00691,C0740,SKU_001,尿布
T00691,C0740,SKU_003,啤酒
T00691,C0740,SKU_009,礦泉水
T00691,C0740,SKU_010,寶特瓶飲料
T00691,C0740,SKU_011,杯麵
T00691,C0740,SKU_018,香蕉
T00691,C0740,SKU_024,口香糖
T00692,C0285,SKU_010,寶特瓶飲料
T00692,C0285,SKU_025,衛生紙
T00693,C0248,SKU_004,紅酒
T00693,C0248,SKU_009,礦泉水
T00693,C0248,SKU_010,寶特瓶飲料
T00693,C0248,SKU_013,果醬
T00693,C0248,SKU_014,雪碧
T00693,C0248,SKU_025,衛生紙
T00694,C0409,SKU_002,起司
T00694,C0409,SKU_003,啤酒
T00694,C0409,SKU_004,紅酒
T00694,C0409,SKU_016,豆漿
T00695,C0659,SKU_002,起司
T00695,C0659,SKU_004,紅酒
T00695,C0659,SKU_005,塑膠袋
T00695,C0659,SKU_007,可樂
T00695,C0659,SKU_008,醬油
T00695,C0659,SKU_009,礦泉水
T00695,C0659,SKU_024,口香糖
T00696,C0045,SKU_004,紅酒
T00697,C0095,SKU_001,尿布
T00697,C0095,SKU_003,啤酒
T00697,C0095,SKU_009,礦泉水
T00697,C0095,SKU_018,香蕉
T00697,C0095,SKU_029,SKU_NEW_001
T00698,C0101,SKU_009,礦泉水
T00698,C0101,SKU_010,寶特瓶飲料
T00698,C0101,SKU_019,橘子
T00698,C0101,SKU_022,巧克力
T00699,C0039,SKU_005,塑膠袋
T00699,C0039,SKU_010,寶特瓶飲料
T00699,C0039,SKU_014,雪碧
T00699,C0039,SKU_027,洗髮精
T00699,C0039,SKU_028,茶包
T00700,C0276,SKU_004,紅酒
T00700,C0276,SKU_005,塑膠袋
T00700,C0276,SKU_006,米
T00700,C0276,SKU_007,可樂
T00700,C0276,SKU_008,醬油
T00700,C0276,SKU_016,豆漿
T00700,C0276,SKU_022,巧克力
T00700,C0276,SKU_026,牙膏
T00701,C0493,SKU_006,米
T00701,C0493,SKU_008,醬油
T00701,C0493,SKU_009,礦泉水
T00701,C0493,SKU_015,牛奶
T00701,C0493,SKU_029,SKU_NEW_001
T00702,C0578,SKU_007,可樂
T00702,C0578,SKU_013,果醬
T00702,C0578,SKU_014,雪碧
T00703,C0825,SKU_001,尿布
T00703,C0825,SKU_003,啤酒
T00703,C0825,SKU_009,礦泉水
T00703,C0825,SKU_010,寶特瓶飲料
T00703,C0825,SKU_013,果醬
T00704,C0448,SKU_007,可樂
T00704,C0448,SKU_011,杯麵
T00705,C0080,SKU_001,尿布
T00705,C0080,SKU_005,塑膠袋
T00705,C0080,SKU_007,可樂
T00705,C0080,SKU_021,餅乾
T00706,C0499,SKU_011,杯麵
T00706,C0499,SKU_025,衛生紙
T00706,C0499,SKU_028,茶包
T00707,C0856,SKU_005,塑膠袋
T00707,C0856,SKU_010,寶特瓶飲料
T00707,C0856,SKU_017,蘋果
T00707,C0856,SKU_025,衛生紙
T00708,C0839,SKU_002,起司
T00708,C0839,SKU_004,紅酒
T00708,C0839,SKU_009,礦泉水
T00708,C0839,SKU_023,洋芋片
T00709,C0417,SKU_010,寶特瓶飲料
T00709,C0417,SKU_013,果醬
T00709,C0417,SKU_014,雪碧
T00710,C1460,SKU_001,尿布
T00710,C1460,SKU_002,起司
T00710,C1460,SKU_003,啤酒
T00710,C1460,SKU_004,紅酒
T00710,C1460,SKU_008,醬油
T00710,C1460,SKU_009,礦泉水
T00710,C1460,SKU_022,巧克力
T00711,C1444,SKU_007,可樂
T00711,C1444,SKU_010,寶特瓶飲料
T00711,C1444,SKU_015,牛奶
T00711,C1444,SKU_025,衛生紙
T00711,C1444,SKU_026,牙膏
T00711,C1444,SKU_029,SKU_NEW_001
T00712,C0203,SKU_004,紅酒
T00712,C0203,SKU_011,杯麵
T00712,C0203,SKU_024,口香糖
T00713,C0138,SKU_005,塑膠袋
T00713,C0138,SKU_007,可樂
T00713,C0138,SKU_009,礦泉水
T00713,C0138,SKU_023,洋芋片
T00714,C0135,SKU_015,牛奶
T00714,C0135,SKU_029,SKU_NEW_001
T00715,C0079,SKU_005,塑膠袋
T00715,C0079,SKU_010,寶特瓶飲料
T00715,C0079,SKU_021,餅乾
T00716,C0129,SKU_002,起司
T00716,C0129,SKU_004,紅酒
T00716,C0129,SKU_027,洗髮精
T00717,C0419,SKU_002,起司
T00717,C0419,SKU_004,紅酒
T00717,C0419,SKU_008,醬油
T00717,C0419,SKU_010,寶特瓶飲料
T00717,C0419,SKU_017,蘋果
T00717,C0419,SKU_020,葡萄
T00717,C0419,SKU_030,SKU_NEW_002
T00718,C0270,SKU_003,啤酒
T00718,C0270,SKU_007,可樂
T00718,C0270,SKU_010,寶特瓶飲料
T00718,C0270,SKU_016,豆漿
T00719,C0644,SKU_004,紅酒
T00719,C0644,SKU_013,果醬
T00719,C0644,SKU_029,SKU_NEW_001
T00720,C0778,SKU_001,尿布
T00720,C0778,SKU_003,啤酒
T00720,C0778,SKU_004,紅酒
T00720,C0778,SKU_005,塑膠袋
T00720,C0778,SKU_007,可樂
T00720,C0778,SKU_015,牛奶
T00720,C0778,SKU_017,蘋果
T00720,C0778,SKU_022,巧克力
T00721,C0604,SKU_018,香蕉
T00721,C0604,SKU_023,洋芋片
T00722,C0312,SKU_008,醬油
T00722,C0312,SKU_016,豆漿
T00722,C0312,SKU_019,橘子
T00723,C0362,SKU_004,紅酒
T00723,C0362,SKU_007,可樂
T00723,C0362,SKU_013,果醬
T00723,C0362,SKU_023,洋芋片
T00724,C1195,SKU_004,紅酒
T00724,C1195,SKU_010,寶特瓶飲料
T00724,C1195,SKU_016,豆漿
T00725,C0313,SKU_001,尿布
T00725,C0313,SKU_002,起司
T00725,C0313,SKU_003,啤酒
T00725,C0313,SKU_004,紅酒
T00725,C0313,SKU_009,礦泉水
T00725,C0313,SKU_023,洋芋片
T00725,C0313,SKU_024,口香糖
T00725,C0313,SKU_029,SKU_NEW_001
T00726,C0192,SKU_002,起司
T00726,C0192,SKU_004,紅酒
T00726,C0192,SKU_007,可樂
T00726,C0192,SKU_009,礦泉水
T00726,C0192,SKU_014,雪碧
T00727,C0045,SKU_007,可樂
T00727,C0045,SKU_010,寶特瓶飲料
T00727,C0045,SKU_013,果醬
T00727,C0045,SKU_029,SKU_NEW_001
T00728,C0068,SKU_001,尿布
T00728,C0068,SKU_005,塑膠袋
T00728,C0068,SKU_007,可樂
T00728,C0068,SKU_009,礦泉水
T00728,C0068,SKU_019,橘子
T00729,C0163,SKU_017,蘋果
T00729,C0163,SKU_018,香蕉
T00730,C0459,SKU_002,起司
T00730,C0459,SKU_004,紅酒
T00730,C0459,SKU_005,塑膠袋
T00730,C0459,SKU_006,米
T00730,C0459,SKU_008,醬油
T00730,C0459,SKU_023,洋芋片
T00731,C0133,SKU_001,尿布
T00731,C0133,SKU_007,可樂
T00731,C0133,SKU_008,醬油
T00731,C0133,SKU_011,杯麵
T00732,C0275,SKU_009,礦泉水
T00732,C0275,SKU_016,豆漿
T00732,C0275,SKU_021,餅乾
T00732,C0275,SKU_023,洋芋片
T00733,C0162,SKU_002,起司
T00733,C0162,SKU_004,紅酒
T00733,C0162,SKU_005,塑膠袋
T00733,C0162,SKU_007,可樂
T00733,C0162,SKU_013,果醬
T00734,C0513,SKU_005,塑膠袋
T00734,C0513,SKU_006,米
T00734,C0513,SKU_025,衛生紙
T00735,C0855,SKU_004,紅酒
T00735,C0855,SKU_005,塑膠袋
T00735,C0855,SKU_008,醬油
T00735,C0855,SKU_010,寶特瓶飲料
T00736,C0352,SKU_014,雪碧
T00737,C1223,SKU_004,紅酒
T00737,C1223,SKU_010,寶特瓶飲料
T00737,C1223,SKU_026,牙膏
T00738,C0468,SKU_003,啤酒
T00738,C0468,SKU_007,可樂
T00738,C0468,SKU_017,蘋果
T00739,C0689,SKU_001,尿布
T00739,C0689,SKU_003,啤酒
T00739,C0689,SKU_014,雪碧
T00739,C0689,SKU_023,洋芋片
T00739,C0689,SKU_029,SKU_NEW_001
T00739,C0689,SKU_030,SKU_NEW_002
T00740,C0681,SKU_001,尿布
T00740,C0681,SKU_003,啤酒
T00740,C0681,SKU_008,醬油
T00740,C0681,SKU_014,雪碧
T00740,C0681,SKU_030,SKU_NEW_002
T00741,C0278,SKU_001,尿布
T00741,C0278,SKU_003,啤酒
T00741,C0278,SKU_005,塑膠袋
T00741,C0278,SKU_006,米
T00741,C0278,SKU_008,醬油
T00741,C0278,SKU_023,洋芋片
T00742,C0322,SKU_013,果醬
T00742,C0322,SKU_015,牛奶
T00743,C0110,SKU_015,牛奶
T00743,C0110,SKU_025,衛生紙
T00743,C0110,SKU_026,牙膏
T00744,C0794,SKU_002,起司
T00744,C0794,SKU_008,醬油
T00744,C0794,SKU_009,礦泉水
T00744,C0794,SKU_015,牛奶
T00744,C0794,SKU_018,香蕉
T00745,C0694,SKU_004,紅酒
T00745,C0694,SKU_006,米
T00745,C0694,SKU_008,醬油
T00745,C0694,SKU_009,礦泉水
T00745,C0694,SKU_019,橘子
T00745,C0694,SKU_023,洋芋片
T00745,C0694,SKU_030,SKU_NEW_002
T00746,C0297,SKU_020,葡萄
T00747,C0132,SKU_001,尿布
T00747,C0132,SKU_003,啤酒
T00748,C0554,SKU_016,豆漿
T00748,C0554,SKU_022,巧克力
T00748,C0554,SKU_025,衛生紙
T00749,C1303,SKU_007,可樂
T00749,C1303,SKU_009,礦泉水
T00749,C1303,SKU_027,洗髮精
T00750,C0105,SKU_001,尿布
T00750,C0105,SKU_010,寶特瓶飲料
T00750,C0105,SKU_016,豆漿
T00750,C0105,SKU_022,巧克力
T00751,C1003,SKU_002,起司
T00751,C1003,SKU_004,紅酒
T00751,C1003,SKU_027,洗髮精
T00752,C0773,SKU_002,起司
T00752,C0773,SKU_004,紅酒
T00752,C0773,SKU_008,醬油
T00752,C0773,SKU_012,麵包
T00752,C0773,SKU_017,蘋果
T00753,C0080,SKU_012,麵包
T00753,C0080,SKU_013,果醬
T00753,C0080,SKU_022,巧克力
T00754,C0316,SKU_001,尿布
T00754,C0316,SKU_003,啤酒
T00754,C0316,SKU_007,可樂
T00755,C0078,SKU_004,紅酒
T00755,C0078,SKU_008,醬油
T00755,C0078,SKU_022,巧克力
T00756,C0398,SKU_017,蘋果
T00756,C0398,SKU_022,巧克力
T00757,C0246,SKU_004,紅酒
T00757,C0246,SKU_010,寶特瓶飲料
T00757,C0246,SKU_018,香蕉
T00758,C1102,SKU_004,紅酒
T00758,C1102,SKU_005,塑膠袋
T00758,C1102,SKU_007,可樂
T00758,C1102,SKU_014,雪碧
T00758,C1102,SKU_022,巧克力
T00759,C0337,SKU_005,塑膠袋
T00759,C0337,SKU_006,米
T00759,C0337,SKU_007,可樂
T00759,C0337,SKU_008,醬油
T00759,C0337,SKU_009,礦泉水
T00759,C0337,SKU_011,杯麵
T00760,C0873,SKU_005,塑膠袋
T00760,C0873,SKU_006,米
T00760,C0873,SKU_008,醬油
T00760,C0873,SKU_027,洗髮精
T00761,C0386,SKU_001,尿布
T00761,C0386,SKU_003,啤酒
T00761,C0386,SKU_005,塑膠袋
T00762,C0886,SKU_009,礦泉水
T00762,C0886,SKU_023,洋芋片
T00762,C0886,SKU_029,SKU_NEW_001
T00763,C0351,SKU_001,尿布
T00763,C0351,SKU_003,啤酒
T00763,C0351,SKU_005,塑膠袋
T00764,C0502,SKU_017,蘋果
T00764,C0502,SKU_018,香蕉
T00764,C0502,SKU_026,牙膏
T00765,C0888,SKU_004,紅酒
T00765,C0888,SKU_007,可樂
T00765,C0888,SKU_010,寶特瓶飲料
T00765,C0888,SKU_018,香蕉
T00766,C0741,SKU_001,尿布
T00766,C0741,SKU_004,紅酒
T00766,C0741,SKU_007,可樂
T00766,C0741,SKU_009,礦泉水
T00766,C0741,SKU_029,SKU_NEW_001
T00767,C0118,SKU_009,礦泉水
T00767,C0118,SKU_015,牛奶
T00768,C0690,SKU_001,尿布
T00768,C0690,SKU_009,礦泉水
T00768,C0690,SKU_020,葡萄
T00768,C0690,SKU_022,巧克力
T00769,C0294,SKU_020,葡萄
T00770,C0327,SKU_011,杯麵
T00770,C0327,SKU_021,餅乾
T00770,C0327,SKU_022,巧克力
T00771,C0451,SKU_005,塑膠袋
T00772,C0120,SKU_016,豆漿
T00773,C0404,SKU_004,紅酒
T00773,C0404,SKU_014,雪碧
T00773,C0404,SKU_021,餅乾
T00773,C0404,SKU_026,牙膏
T00773,C0404,SKU_028,茶包
T00774,C0280,SKU_024,口香糖
T00774,C0280,SKU_030,SKU_NEW_002
T00775,C0637,SKU_014,雪碧
T00775,C0637,SKU_030,SKU_NEW_002
T00776,C0558,SKU_009,礦泉水
T00776,C0558,SKU_010,寶特瓶飲料
T00776,C0558,SKU_013,果醬
T00777,C0868,SKU_001,尿布
T00777,C0868,SKU_015,牛奶
T00777,C0868,SKU_019,橘子
T00777,C0868,SKU_021,餅乾
T00777,C0868,SKU_022,巧克力
T00777,C0868,SKU_026,牙膏
T00778,C0403,SKU_005,塑膠袋
T00778,C0403,SKU_020,葡萄
T00778,C0403,SKU_023,洋芋片
T00778,C0403,SKU_030,SKU_NEW_002
T00779,C0588,SKU_013,果醬
T00780,C0786,SKU_002,起司
T00780,C0786,SKU_004,紅酒
T00780,C0786,SKU_005,塑膠袋
T00781,C0539,SKU_005,塑膠袋
T00781,C0539,SKU_008,醬油
T00781,C0539,SKU_009,礦泉水
T00782,C0459,SKU_001,尿布
T00782,C0459,SKU_003,啤酒
T00782,C0459,SKU_007,可樂
T00782,C0459,SKU_009,礦泉水
T00782,C0459,SKU_012,麵包
T00782,C0459,SKU_018,香蕉
T00783,C0978,SKU_017,蘋果
T00783,C0978,SKU_025,衛生紙
T00783,C0978,SKU_029,SKU_NEW_001
T00784,C0266,SKU_001,尿布
T00784,C0266,SKU_008,醬油
T00784,C0266,SKU_010,寶特瓶飲料
T00784,C0266,SKU_015,牛奶
T00784,C0266,SKU_027,洗髮精
T00784,C0266,SKU_028,茶包
T00785,C0275,SKU_005,塑膠袋
T00785,C0275,SKU_006,米
T00785,C0275,SKU_016,豆漿
T00786,C0628,SKU_005,塑膠袋
T00786,C0628,SKU_017,蘋果
T00786,C0628,SKU_024,口香糖
T00787,C1291,SKU_005,塑膠袋
T00787,C1291,SKU_012,麵包
T00787,C1291,SKU_021,餅乾
T00788,C0669,SKU_010,寶特瓶飲料
T00788,C0669,SKU_016,豆漿
T00789,C0130,SKU_013,果醬
T00789,C0130,SKU_019,橘子
T00790,C0647,SKU_007,可樂
T00790,C0647,SKU_008,醬油
T00790,C0647,SKU_011,杯麵
T00790,C0647,SKU_019,橘子
T00790,C0647,SKU_027,洗髮精
T00791,C0761,SKU_009,礦泉水
T00792,C1331,SKU_010,寶特瓶飲料
T00792,C1331,SKU_030,SKU_NEW_002
T00793,C1293,SKU_013,果醬
T00793,C1293,SKU_019,橘子
T00794,C0136,SKU_005,塑膠袋
T00794,C0136,SKU_008,醬油
T00794,C0136,SKU_010,寶特瓶飲料
T00794,C0136,SKU_011,杯麵
T00795,C0068,SKU_005,塑膠袋
T00796,C0516,SKU_001,尿布
T00796,C0516,SKU_003,啤酒
T00796,C0516,SKU_004,紅酒
T00796,C0516,SKU_009,礦泉水
T00796,C0516,SKU_019,橘子
T00797,C0185,SKU_001,尿布
T00797,C0185,SKU_011,杯麵
T00797,C0185,SKU_021,餅乾
T00797,C0185,SKU_029,SKU_NEW_001
T00798,C0742,SKU_001,尿布
T00798,C0742,SKU_003,啤酒
T00798,C0742,SKU_021,餅乾
T00799,C1317,SKU_009,礦泉水
T00799,C1317,SKU_010,寶特瓶飲料
T00799,C1317,SKU_013,果醬
T00799,C1317,SKU_016,豆漿
T00799,C1317,SKU_021,餅乾
T00800,C0202,SKU_001,尿布
T00800,C0202,SKU_010,寶特瓶飲料
T00800,C0202,SKU_013,果醬
T00800,C0202,SKU_014,雪碧
T00800,C0202,SKU_016,豆漿
T00800,C0202,SKU_025,衛生紙
T00801,C0636,SKU_002,起司
T00801,C0636,SKU_004,紅酒
T00801,C0636,SKU_020,葡萄
T00802,C0111,SKU_005,塑膠袋
T00802,C0111,SKU_007,可樂
T00802,C0111,SKU_009,礦泉水
T00802,C0111,SKU_023,洋芋片
T00802,C0111,SKU_028,茶包
T00802,C0111,SKU_029,SKU_NEW_001
T00803,C0106,SKU_001,尿布
T00803,C0106,SKU_009,礦泉水
T00803,C0106,SKU_010,寶特瓶飲料
T00803,C0106,SKU_028,茶包
T00804,C0056,SKU_004,紅酒
T00804,C0056,SKU_011,杯麵
T00804,C0056,SKU_020,葡萄
T00804,C0056,SKU_027,洗髮精
T00805,C0391,SKU_005,塑膠袋
T00806,C0078,SKU_001,尿布
T00806,C0078,SKU_003,啤酒
T00806,C0078,SKU_020,葡萄
T00806,C0078,SKU_030,SKU_NEW_002
T00807,C0048,SKU_023,洋芋片
T00807,C0048,SKU_026,牙膏
T00808,C0409,SKU_002,起司
T00808,C0409,SKU_004,紅酒
T00808,C0409,SKU_006,米
T00808,C0409,SKU_008,醬油
T00808,C0409,SKU_009,礦泉水
T00808,C0409,SKU_010,寶特瓶飲料
T00808,C0409,SKU_025,衛生紙
T00808,C0409,SKU_028,茶包
T00809,C0541,SKU_005,塑膠袋
T00809,C0541,SKU_012,麵包
T00810,C0331,SKU_007,可樂
T00810,C0331,SKU_010,寶特瓶飲料
T00810,C0331,SKU_027,洗髮精
T00811,C0169,SKU_001,尿布
T00811,C0169,SKU_005,塑膠袋
T00811,C0169,SKU_029,SKU_NEW_001
T00812,C0320,SKU_018,香蕉
T00812,C0320,SKU_026,牙膏
T00813,C0082,SKU_002,起司
T00813,C0082,SKU_003,啤酒
T00813,C0082,SKU_004,紅酒
T00813,C0082,SKU_005,塑膠袋
T00813,C0082,SKU_010,寶特瓶飲料
T00814,C0139,SKU_001,尿布
T00814,C0139,SKU_003,啤酒
T00814,C0139,SKU_010,寶特瓶飲料
T00815,C0614,SKU_007,可樂
T00815,C0614,SKU_018,香蕉
T00815,C0614,SKU_028,茶包
T00816,C1358,SKU_001,尿布
T00816,C1358,SKU_003,啤酒
T00816,C1358,SKU_004,紅酒
T00816,C1358,SKU_007,可樂
T00816,C1358,SKU_009,礦泉水
T00817,C1291,SKU_002,起司
T00817,C1291,SKU_004,紅酒
T00817,C1291,SKU_009,礦泉水
T00818,C0837,SKU_008,醬油
T00819,C0503,SKU_001,尿布
T00819,C0503,SKU_003,啤酒
T00819,C0503,SKU_007,可樂
T00819,C0503,SKU_009,礦泉水
T00819,C0503,SKU_010,寶特瓶飲料
T00819,C0503,SKU_018,香蕉
T00819,C0503,SKU_024,口香糖
T00820,C0050,SKU_006,米
T00820,C0050,SKU_008,醬油
T00820,C0050,SKU_023,洋芋片
T00821,C0498,SKU_008,醬油
T00821,C0498,SKU_022,巧克力
T00821,C0498,SKU_028,茶包
T00822,C0662,SKU_007,可樂
T00822,C0662,SKU_010,寶特瓶飲料
T00822,C0662,SKU_012,麵包
T00823,C0116,SKU_001,尿布
T00823,C0116,SKU_003,啤酒
T00823,C0116,SKU_005,塑膠袋
T00823,C0116,SKU_017,蘋果
T00824,C0530,SKU_002,起司
T00824,C0530,SKU_004,紅酒
T00824,C0530,SKU_005,塑膠袋
T00824,C0530,SKU_009,礦泉水
T00824,C0530,SKU_010,寶特瓶飲料
T00824,C0530,SKU_020,葡萄
T00825,C0956,SKU_008,醬油
T00825,C0956,SKU_014,雪碧
T00825,C0956,SKU_016,豆漿
T00825,C0956,SKU_019,橘子
T00825,C0956,SKU_028,茶包
T00826,C0114,SKU_006,米
T00826,C0114,SKU_008,醬油
T00827,C0255,SKU_003,啤酒
T00827,C0255,SKU_025,衛生紙
T00827,C0255,SKU_027,洗髮精
T00828,C0784,SKU_002,起司
T00828,C0784,SKU_003,啤酒
T00828,C0784,SKU_006,米
T00828,C0784,SKU_021,餅乾
T00828,C0784,SKU_028,茶包
T00829,C0435,SKU_020,葡萄
T00829,C0435,SKU_025,衛生紙
T00830,C1139,SKU_013,果醬
T00830,C1139,SKU_020,葡萄
T00830,C1139,SKU_028,茶包
T00831,C0137,SKU_002,起司
T00831,C0137,SKU_007,可樂
T00831,C0137,SKU_009,礦泉水
T00831,C0137,SKU_010,寶特瓶飲料
T00831,C0137,SKU_012,麵包
T00831,C0137,SKU_016,豆漿
T00831,C0137,SKU_017,蘋果
T00831,C0137,SKU_020,葡萄
T00832,C0470,SKU_006,米
T00832,C0470,SKU_007,可樂
T00832,C0470,SKU_008,醬油
T00833,C0064,SKU_007,可樂
T00834,C0026,SKU_002,起司
T00834,C0026,SKU_018,香蕉
T00834,C0026,SKU_025,衛生紙
T00835,C0019,SKU_005,塑膠袋
T00835,C0019,SKU_006,米
T00835,C0019,SKU_008,醬油
T00835,C0019,SKU_009,礦泉水
T00835,C0019,SKU_010,寶特瓶飲料
T00835,C0019,SKU_015,牛奶
T00836,C0884,SKU_003,啤酒
T00836,C0884,SKU_006,米
T00836,C0884,SKU_007,可樂
T00836,C0884,SKU_029,SKU_NEW_001
T00837,C0006,SKU_005,塑膠袋
T00837,C0006,SKU_006,米
T00837,C0006,SKU_007,可樂
T00837,C0006,SKU_008,醬油
T00837,C0006,SKU_022,巧克力
T00837,C0006,SKU_025,衛生紙
T00838,C0923,SKU_001,尿布
T00838,C0923,SKU_003,啤酒
T00838,C0923,SKU_005,塑膠袋
T00838,C0923,SKU_009,礦泉水
T00839,C1162,SKU_004,紅酒
T00839,C1162,SKU_010,寶特瓶飲料
T00839,C1162,SKU_014,雪碧
T00839,C1162,SKU_016,豆漿
T00840,C0354,SKU_004,紅酒
T00840,C0354,SKU_006,米
T00840,C0354,SKU_009,礦泉水
T00840,C0354,SKU_017,蘋果
T00840,C0354,SKU_023,洋芋片
T00841,C1162,SKU_002,起司
T00841,C1162,SKU_004,紅酒
T00841,C1162,SKU_007,可樂
T00841,C1162,SKU_012,麵包
T00841,C1162,SKU_021,餅乾
T00841,C1162,SKU_027,洗髮精
T00842,C1040,SKU_001,尿布
T00842,C1040,SKU_003,啤酒
T00842,C1040,SKU_005,塑膠袋
T00842,C1040,SKU_007,可樂
T00842,C1040,SKU_008,醬油
T00842,C1040,SKU_009,礦泉水
T00842,C1040,SKU_010,寶特瓶飲料
T00842,C1040,SKU_020,葡萄
T00843,C0292,SKU_002,起司
T00843,C0292,SKU_004,紅酒
T00843,C0292,SKU_005,塑膠袋
T00843,C0292,SKU_007,可樂
T00843,C0292,SKU_009,礦泉水
T00843,C0292,SKU_010,寶特瓶飲料
T00844,C0690,SKU_001,尿布
T00844,C0690,SKU_003,啤酒
T00844,C0690,SKU_004,紅酒
T00844,C0690,SKU_005,塑膠袋
T00844,C0690,SKU_014,雪碧
T00844,C0690,SKU_020,葡萄
T00844,C0690,SKU_021,餅乾
T00844,C0690,SKU_022,巧克力
T00845,C0498,SKU_002,起司
T00845,C0498,SKU_004,紅酒
T00845,C0498,SKU_006,米
T00845,C0498,SKU_008,醬油
T00845,C0498,SKU_014,雪碧
T00845,C0498,SKU_025,衛生紙
T00846,C0187,SKU_030,SKU_NEW_002
T00847,C0510,SKU_001,尿布
T00847,C0510,SKU_004,紅酒
T00847,C0510,SKU_009,礦泉水
T00848,C0079,SKU_002,起司
T00848,C0079,SKU_004,紅酒
T00848,C0079,SKU_005,塑膠袋
T00848,C0079,SKU_017,蘋果
T00848,C0079,SKU_022,巧克力
T00849,C0865,SKU_001,尿布
T00849,C0865,SKU_005,塑膠袋
T00849,C0865,SKU_008,醬油
T00849,C0865,SKU_009,礦泉水
T00849,C0865,SKU_010,寶特瓶飲料
T00849,C0865,SKU_011,杯麵
T00849,C0865,SKU_012,麵包
T00850,C0066,SKU_004,紅酒
T00850,C0066,SKU_008,醬油
T00850,C0066,SKU_022,巧克力
T00850,C0066,SKU_023,洋芋片
T00851,C0151,SKU_005,塑膠袋
T00851,C0151,SKU_007,可樂
T00851,C0151,SKU_010,寶特瓶飲料
T00851,C0151,SKU_015,牛奶
T00851,C0151,SKU_027,洗髮精
T00852,C1437,SKU_001,尿布
T00852,C1437,SKU_003,啤酒
T00852,C1437,SKU_009,礦泉水
T00852,C1437,SKU_011,杯麵
T00852,C1437,SKU_012,麵包
T00852,C1437,SKU_013,果醬
T00853,C0251,SKU_009,礦泉水
T00853,C0251,SKU_013,果醬
T00853,C0251,SKU_015,牛奶
T00853,C0251,SKU_019,橘子
T00853,C0251,SKU_026,牙膏
T00854,C0257,SKU_007,可樂
T00854,C0257,SKU_012,麵包
T00855,C0490,SKU_004,紅酒
T00855,C0490,SKU_005,塑膠袋
T00855,C0490,SKU_010,寶特瓶飲料
T00855,C0490,SKU_013,果醬
T00855,C0490,SKU_022,巧克力
T00856,C0481,SKU_001,尿布
T00856,C0481,SKU_005,塑膠袋
T00856,C0481,SKU_010,寶特瓶飲料
T00856,C0481,SKU_015,牛奶
T00857,C1125,SKU_001,尿布
T00857,C1125,SKU_002,起司
T00857,C1125,SKU_004,紅酒
T00857,C1125,SKU_008,醬油
T00857,C1125,SKU_012,麵包
T00857,C1125,SKU_016,豆漿
T00857,C1125,SKU_019,橘子
T00857,C1125,SKU_027,洗髮精
T00858,C0344,SKU_005,塑膠袋
T00858,C0344,SKU_006,米
T00858,C0344,SKU_014,雪碧
T00858,C0344,SKU_015,牛奶
T00858,C0344,SKU_030,SKU_NEW_002
T00859,C0057,SKU_002,起司
T00859,C0057,SKU_004,紅酒
T00859,C0057,SKU_007,可樂
T00859,C0057,SKU_010,寶特瓶飲料
T00859,C0057,SKU_020,葡萄
T00860,C0161,SKU_007,可樂
T00860,C0161,SKU_014,雪碧
T00860,C0161,SKU_018,香蕉
T00860,C0161,SKU_020,葡萄
T00860,C0161,SKU_022,巧克力
T00860,C0161,SKU_028,茶包
T00861,C0030,SKU_002,起司
T00861,C0030,SKU_004,紅酒
T00861,C0030,SKU_005,塑膠袋
T00861,C0030,SKU_016,豆漿
T00861,C0030,SKU_017,蘋果
T00862,C0053,SKU_008,醬油
T00862,C0053,SKU_009,礦泉水
T00862,C0053,SKU_011,杯麵
T00862,C0053,SKU_019,橘子
T00862,C0053,SKU_022,巧克力
T00862,C0053,SKU_025,衛生紙
T00862,C0053,SKU_027,洗髮精
T00863,C0710,SKU_006,米
T00863,C0710,SKU_008,醬油
T00863,C0710,SKU_010,寶特瓶飲料
T00863,C0710,SKU_024,口香糖
T00864,C0484,SKU_005,塑膠袋
T00864,C0484,SKU_008,醬油
T00864,C0484,SKU_009,礦泉水
T00864,C0484,SKU_010,寶特瓶飲料
T00864,C0484,SKU_014,雪碧
T00865,C0233,SKU_002,起司
T00865,C0233,SKU_005,塑膠袋
T00865,C0233,SKU_010,寶特瓶飲料
T00865,C0233,SKU_018,香蕉
T00865,C0233,SKU_030,SKU_NEW_002
T00866,C0945,SKU_002,起司
T00866,C0945,SKU_004,紅酒
T00866,C0945,SKU_026,牙膏
T00866,C0945,SKU_028,茶包
T00867,C0028,SKU_004,紅酒
T00868,C0004,SKU_005,塑膠袋
T00868,C0004,SKU_019,橘子
T00868,C0004,SKU_020,葡萄
T00869,C0078,SKU_002,起司
T00869,C0078,SKU_007,可樂
T00869,C0078,SKU_012,麵包
T00870,C0706,SKU_009,礦泉水
T00870,C0706,SKU_010,寶特瓶飲料
T00871,C0866,SKU_005,塑膠袋
T00871,C0866,SKU_007,可樂
T00871,C0866,SKU_009,礦泉水
T00871,C0866,SKU_014,雪碧
T00871,C0866,SKU_022,巧克力
T00872,C0666,SKU_013,果醬
T00872,C0666,SKU_018,香蕉
T00872,C0666,SKU_020,葡萄
T00873,C0055,SKU_001,尿布
T00873,C0055,SKU_005,塑膠袋
T00873,C0055,SKU_006,米
T00873,C0055,SKU_008,醬油
T00873,C0055,SKU_015,牛奶
T00874,C0574,SKU_007,可樂
T00874,C0574,SKU_009,礦泉水
T00874,C0574,SKU_010,寶特瓶飲料
T00874,C0574,SKU_028,茶包
T00875,C0057,SKU_007,可樂
T00875,C0057,SKU_009,礦泉水
T00875,C0057,SKU_010,寶特瓶飲料
T00875,C0057,SKU_015,牛奶
T00875,C0057,SKU_025,衛生紙
T00875,C0057,SKU_029,SKU_NEW_001
T00876,C1208,SKU_001,尿布
T00876,C1208,SKU_003,啤酒
T00876,C1208,SKU_006,米
T00876,C1208,SKU_007,可樂
T00876,C1208,SKU_009,礦泉水
T00876,C1208,SKU_012,麵包
T00876,C1208,SKU_028,茶包
T00877,C0348,SKU_006,米
T00877,C0348,SKU_008,醬油
T00877,C0348,SKU_022,巧克力
T00877,C0348,SKU_030,SKU_NEW_002
T00878,C0465,SKU_001,尿布
T00878,C0465,SKU_002,起司
T00878,C0465,SKU_003,啤酒
T00878,C0465,SKU_004,紅酒
T00878,C0465,SKU_009,礦泉水
T00879,C0062,SKU_008,醬油
T00879,C0062,SKU_011,杯麵
T00879,C0062,SKU_012,麵包
T00880,C0254,SKU_009,礦泉水
T00881,C0364,SKU_007,可樂
T00881,C0364,SKU_016,豆漿
T00882,C1386,SKU_009,礦泉水
T00882,C1386,SKU_016,豆漿
T00883,C0071,SKU_011,杯麵
T00884,C0707,SKU_001,尿布
T00884,C0707,SKU_012,麵包
T00884,C0707,SKU_014,雪碧
T00884,C0707,SKU_016,豆漿
T00885,C0047,SKU_001,尿布
T00885,C0047,SKU_002,起司
T00885,C0047,SKU_004,紅酒
T00885,C0047,SKU_024,口香糖
T00886,C0386,SKU_001,尿布
T00886,C0386,SKU_009,礦泉水
T00886,C0386,SKU_012,麵包
T00886,C0386,SKU_016,豆漿
T00887,C0853,SKU_012,麵包
T00887,C0853,SKU_013,果醬
T00887,C0853,SKU_020,葡萄
T00888,C0513,SKU_001,尿布
T00888,C0513,SKU_005,塑膠袋
T00888,C0513,SKU_006,米
T00888,C0513,SKU_007,可樂
T00888,C0513,SKU_008,醬油
T00888,C0513,SKU_010,寶特瓶飲料
T00888,C0513,SKU_029,SKU_NEW_001
T00889,C0482,SKU_001,尿布
T00889,C0482,SKU_005,塑膠袋
T00889,C0482,SKU_006,米
T00889,C0482,SKU_008,醬油
T00889,C0482,SKU_011,杯麵
T00889,C0482,SKU_020,葡萄
T00889,C0482,SKU_022,巧克力
T00890,C0672,SKU_009,礦泉水
T00890,C0672,SKU_015,牛奶
T00890,C0672,SKU_023,洋芋片
T00891,C0657,SKU_007,可樂
T00891,C0657,SKU_010,寶特瓶飲料
T00891,C0657,SKU_012,麵包
T00891,C0657,SKU_014,雪碧
T00892,C0225,SKU_025,衛生紙
T00892,C0225,SKU_030,SKU_NEW_002
T00893,C0608,SKU_005,塑膠袋
T00893,C0608,SKU_007,可樂
T00893,C0608,SKU_008,醬油
T00893,C0608,SKU_009,礦泉水
T00893,C0608,SKU_010,寶特瓶飲料
T00893,C0608,SKU_018,香蕉
T00893,C0608,SKU_029,SKU_NEW_001
T00894,C0134,SKU_015,牛奶
T00895,C0131,SKU_005,塑膠袋
T00895,C0131,SKU_010,寶特瓶飲料
T00895,C0131,SKU_026,牙膏
T00896,C0101,SKU_001,尿布
T00896,C0101,SKU_003,啤酒
T00896,C0101,SKU_008,醬油
T00896,C0101,SKU_012,麵包
T00896,C0101,SKU_019,橘子
T00896,C0101,SKU_026,牙膏
T00897,C0362,SKU_004,紅酒
T00897,C0362,SKU_008,醬油
T00898,C0998,SKU_005,塑膠袋
T00898,C0998,SKU_007,可樂
T00899,C0390,SKU_003,啤酒
T00899,C0390,SKU_009,礦泉水
T00899,C0390,SKU_017,蘋果
T00899,C0390,SKU_029,SKU_NEW_001
T00900,C0134,SKU_003,啤酒
T00900,C0134,SKU_004,紅酒
T00900,C0134,SKU_008,醬油
T00900,C0134,SKU_015,牛奶
T00900,C0134,SKU_022,巧克力
T00900,C0134,SKU_023,洋芋片
T00900,C0134,SKU_030,SKU_NEW_002
T00901,C0538,SKU_001,尿布
T00901,C0538,SKU_005,塑膠袋
T00901,C0538,SKU_010,寶特瓶飲料
T00901,C0538,SKU_022,巧克力
T00902,C0831,SKU_009,礦泉水
T00902,C0831,SKU_021,餅乾
T00902,C0831,SKU_023,洋芋片
T00903,C1013,SKU_001,尿布
T00903,C1013,SKU_002,起司
T00903,C1013,SKU_003,啤酒
T00903,C1013,SKU_004,紅酒
T00903,C1013,SKU_009,礦泉水
T00903,C1013,SKU_018,香蕉
T00903,C1013,SKU_024,口香糖
T00904,C0607,SKU_008,醬油
T00904,C0607,SKU_016,豆漿
T00904,C0607,SKU_019,橘子
T00904,C0607,SKU_020,葡萄
T00905,C0882,SKU_002,起司
T00905,C0882,SKU_008,醬油
T00905,C0882,SKU_009,礦泉水
T00905,C0882,SKU_015,牛奶
T00905,C0882,SKU_023,洋芋片
T00906,C1088,SKU_002,起司
T00906,C1088,SKU_004,紅酒
T00906,C1088,SKU_005,塑膠袋
T00906,C1088,SKU_014,雪碧
T00906,C1088,SKU_027,洗髮精
T00906,C1088,SKU_028,茶包
T00907,C0479,SKU_003,啤酒
T00907,C0479,SKU_006,米
T00907,C0479,SKU_008,醬油
T00907,C0479,SKU_010,寶特瓶飲料
T00908,C0860,SKU_005,塑膠袋
T00908,C0860,SKU_014,雪碧
T00908,C0860,SKU_015,牛奶
T00908,C0860,SKU_018,香蕉
T00908,C0860,SKU_029,SKU_NEW_001
T00909,C0648,SKU_014,雪碧
T00909,C0648,SKU_021,餅乾
T00910,C0076,SKU_009,礦泉水
T00910,C0076,SKU_016,豆漿
T00910,C0076,SKU_028,茶包
T00911,C0687,SKU_004,紅酒
T00911,C0687,SKU_009,礦泉水
T00911,C0687,SKU_010,寶特瓶飲料
T00911,C0687,SKU_015,牛奶
T00911,C0687,SKU_025,衛生紙
T00912,C0939,SKU_004,紅酒
T00912,C0939,SKU_007,可樂
T00912,C0939,SKU_010,寶特瓶飲料
T00912,C0939,SKU_011,杯麵
T00912,C0939,SKU_020,葡萄
T00912,C0939,SKU_022,巧克力
T00913,C0949,SKU_008,醬油
T00913,C0949,SKU_009,礦泉水
T00913,C0949,SKU_010,寶特瓶飲料
T00914,C0542,SKU_002,起司
T00914,C0542,SKU_006,米
T00914,C0542,SKU_007,可樂
T00914,C0542,SKU_008,醬油
T00914,C0542,SKU_017,蘋果
T00914,C0542,SKU_030,SKU_NEW_002
T00915,C0102,SKU_005,塑膠袋
T00915,C0102,SKU_027,洗髮精
T00916,C0817,SKU_001,尿布
T00916,C0817,SKU_002,起司
T00916,C0817,SKU_004,紅酒
T00916,C0817,SKU_005,塑膠袋
T00916,C0817,SKU_010,寶特瓶飲料
T00916,C0817,SKU_022,巧克力
T00916,C0817,SKU_023,洋芋片
T00916,C0817,SKU_025,衛生紙
T00916,C0817,SKU_029,SKU_NEW_001
T00917,C0919,SKU_007,可樂
T00917,C0919,SKU_016,豆漿
T00917,C0919,SKU_022,巧克力
T00918,C0045,SKU_002,起司
T00918,C0045,SKU_004,紅酒
T00918,C0045,SKU_007,可樂
T00918,C0045,SKU_018,香蕉
T00918,C0045,SKU_020,葡萄
T00918,C0045,SKU_025,衛生紙
T00919,C0648,SKU_009,礦泉水
T00919,C0648,SKU_016,豆漿
T00920,C0814,SKU_013,果醬
T00920,C0814,SKU_014,雪碧
T00920,C0814,SKU_015,牛奶
T00920,C0814,SKU_026,牙膏
T00921,C0758,SKU_001,尿布
T00921,C0758,SKU_003,啤酒
T00921,C0758,SKU_026,牙膏
T00922,C0877,SKU_007,可樂
T00922,C0877,SKU_008,醬油
T00922,C0877,SKU_009,礦泉水
T00922,C0877,SKU_011,杯麵
T00922,C0877,SKU_026,牙膏
T00922,C0877,SKU_029,SKU_NEW_001
T00923,C0695,SKU_005,塑膠袋
T00924,C0485,SKU_006,米
T00924,C0485,SKU_007,可樂
T00924,C0485,SKU_008,醬油
T00924,C0485,SKU_016,豆漿
T00924,C0485,SKU_023,洋芋片
T00925,C0896,SKU_001,尿布
T00925,C0896,SKU_004,紅酒
T00925,C0896,SKU_009,礦泉水
T00925,C0896,SKU_016,豆漿
T00925,C0896,SKU_018,香蕉
T00925,C0896,SKU_027,洗髮精
T00926,C0060,SKU_003,啤酒
T00926,C0060,SKU_006,米
T00926,C0060,SKU_008,醬油
T00926,C0060,SKU_011,杯麵
T00927,C1348,SKU_013,果醬
T00927,C1348,SKU_020,葡萄
T00927,C1348,SKU_022,巧克力
T00928,C0365,SKU_001,尿布
T00928,C0365,SKU_003,啤酒
T00928,C0365,SKU_007,可樂
T00928,C0365,SKU_008,醬油
T00928,C0365,SKU_018,香蕉
T00928,C0365,SKU_024,口香糖
T00929,C0370,SKU_005,塑膠袋
T00929,C0370,SKU_007,可樂
T00929,C0370,SKU_009,礦泉水
T00929,C0370,SKU_014,雪碧
T00929,C0370,SKU_017,蘋果
T00930,C0640,SKU_003,啤酒
T00930,C0640,SKU_005,塑膠袋
T00930,C0640,SKU_006,米
T00930,C0640,SKU_008,醬油
T00930,C0640,SKU_009,礦泉水
T00930,C0640,SKU_010,寶特瓶飲料
T00930,C0640,SKU_017,蘋果
T00931,C0499,SKU_001,尿布
T00931,C0499,SKU_003,啤酒
T00931,C0499,SKU_008,醬油
T00931,C0499,SKU_025,衛生紙
T00931,C0499,SKU_030,SKU_NEW_002
T00932,C0213,SKU_007,可樂
T00932,C0213,SKU_014,雪碧
T00933,C0448,SKU_016,豆漿
T00934,C1209,SKU_009,礦泉水
T00934,C1209,SKU_015,牛奶
T00935,C0035,SKU_001,尿布
T00935,C0035,SKU_002,起司
T00935,C0035,SKU_003,啤酒
T00935,C0035,SKU_004,紅酒
T00935,C0035,SKU_027,洗髮精
T00936,C0080,SKU_001,尿布
T00936,C0080,SKU_003,啤酒
T00936,C0080,SKU_005,塑膠袋
T00936,C0080,SKU_006,米
T00936,C0080,SKU_008,醬油
T00936,C0080,SKU_016,豆漿
T00936,C0080,SKU_017,蘋果
T00936,C0080,SKU_018,香蕉
T00936,C0080,SKU_025,衛生紙
T00937,C0569,SKU_002,起司
T00937,C0569,SKU_010,寶特瓶飲料
T00937,C0569,SKU_014,雪碧
T00937,C0569,SKU_020,葡萄
T00937,C0569,SKU_025,衛生紙
T00938,C0809,SKU_001,尿布
T00938,C0809,SKU_003,啤酒
T00939,C0657,SKU_005,塑膠袋
T00939,C0657,SKU_006,米
T00939,C0657,SKU_010,寶特瓶飲料
T00940,C0122,SKU_007,可樂
T00940,C0122,SKU_018,香蕉
T00940,C0122,SKU_026,牙膏
T00941,C1347,SKU_003,啤酒
T00941,C1347,SKU_005,塑膠袋
T00941,C1347,SKU_007,可樂
T00941,C1347,SKU_009,礦泉水
T00941,C1347,SKU_012,麵包
T00942,C0807,SKU_010,寶特瓶飲料
T00942,C0807,SKU_023,洋芋片
T00943,C0282,SKU_008,醬油
T00943,C0282,SKU_024,口香糖
T00944,C0138,SKU_008,醬油
T00944,C0138,SKU_010,寶特瓶飲料
T00944,C0138,SKU_011,杯麵
T00945,C0668,SKU_004,紅酒
T00945,C0668,SKU_005,塑膠袋
T00945,C0668,SKU_008,醬油
T00945,C0668,SKU_009,礦泉水
T00945,C0668,SKU_022,巧克力
T00946,C0523,SKU_003,啤酒
T00946,C0523,SKU_006,米
T00946,C0523,SKU_008,醬油
T00946,C0523,SKU_027,洗髮精
T00946,C0523,SKU_030,SKU_NEW_002
T00947,C0086,SKU_023,洋芋片
T00948,C0532,SKU_004,紅酒
T00948,C0532,SKU_005,塑膠袋
T00948,C0532,SKU_009,礦泉水
T00948,C0532,SKU_019,橘子
T00949,C0229,SKU_022,巧克力
T00949,C0229,SKU_023,洋芋片
T00949,C0229,SKU_027,洗髮精
T00949,C0229,SKU_030,SKU_NEW_002
T00950,C1312,SKU_002,起司
T00950,C1312,SKU_008,醬油
T00951,C0397,SKU_004,紅酒
T00951,C0397,SKU_006,米
T00951,C0397,SKU_007,可樂
T00951,C0397,SKU_008,醬油
T00951,C0397,SKU_010,寶特瓶飲料
T00951,C0397,SKU_021,餅乾
T00951,C0397,SKU_023,洋芋片
T00951,C0397,SKU_027,洗髮精
T00951,C0397,SKU_030,SKU_NEW_002
T00952,C0653,SKU_009,礦泉水
T00952,C0653,SKU_025,衛生紙
T00953,C0408,SKU_006,米
T00953,C0408,SKU_008,醬油
T00953,C0408,SKU_015,牛奶
T00953,C0408,SKU_025,衛生紙
T00954,C0804,SKU_002,起司
T00954,C0804,SKU_004,紅酒
T00954,C0804,SKU_005,塑膠袋
T00954,C0804,SKU_006,米
T00954,C0804,SKU_007,可樂
T00954,C0804,SKU_008,醬油
T00954,C0804,SKU_011,杯麵
T00954,C0804,SKU_013,果醬
T00954,C0804,SKU_024,口香糖
T00955,C0949,SKU_001,尿布
T00955,C0949,SKU_003,啤酒
T00955,C0949,SKU_007,可樂
T00955,C0949,SKU_011,杯麵
T00955,C0949,SKU_030,SKU_NEW_002
T00956,C0829,SKU_004,紅酒
T00956,C0829,SKU_008,醬油
T00956,C0829,SKU_012,麵包
T00956,C0829,SKU_021,餅乾
T00956,C0829,SKU_028,茶包
T00957,C0176,SKU_014,雪碧
T00957,C0176,SKU_017,蘋果
T00957,C0176,SKU_018,香蕉
T00957,C0176,SKU_021,餅乾
T00957,C0176,SKU_026,牙膏
T00957,C0176,SKU_028,茶包
T00958,C0210,SKU_010,寶特瓶飲料
T00958,C0210,SKU_024,口香糖
T00958,C0210,SKU_025,衛生紙
T00959,C0919,SKU_005,塑膠袋
T00959,C0919,SKU_025,衛生紙
T00960,C0836,SKU_009,礦泉水
T00961,C1336,SKU_004,紅酒
T00961,C1336,SKU_009,礦泉水
T00961,C1336,SKU_013,果醬
T00961,C1336,SKU_024,口香糖
T00962,C0572,SKU_001,尿布
T00962,C0572,SKU_002,起司
T00962,C0572,SKU_003,啤酒
T00962,C0572,SKU_004,紅酒
T00962,C0572,SKU_006,米
T00962,C0572,SKU_007,可樂
T00962,C0572,SKU_010,寶特瓶飲料
T00963,C0672,SKU_009,礦泉水
T00963,C0672,SKU_011,杯麵
T00963,C0672,SKU_014,雪碧
T00964,C0810,SKU_001,尿布
T00964,C0810,SKU_006,米
T00964,C0810,SKU_017,蘋果
T00964,C0810,SKU_018,香蕉
T00964,C0810,SKU_022,巧克力
T00964,C0810,SKU_029,SKU_NEW_001
T00965,C0357,SKU_005,塑膠袋
T00965,C0357,SKU_024,口香糖
T00966,C1473,SKU_009,礦泉水
T00966,C1473,SKU_014,雪碧
T00967,C0556,SKU_001,尿布
T00967,C0556,SKU_004,紅酒
T00967,C0556,SKU_005,塑膠袋
T00967,C0556,SKU_006,米
T00967,C0556,SKU_008,醬油
T00967,C0556,SKU_028,茶包
T00968,C0959,SKU_001,尿布
T00968,C0959,SKU_003,啤酒
T00968,C0959,SKU_004,紅酒
T00968,C0959,SKU_011,杯麵
T00968,C0959,SKU_028,茶包
T00969,C0600,SKU_010,寶特瓶飲料
T00969,C0600,SKU_018,香蕉
T00969,C0600,SKU_023,洋芋片
T00970,C0046,SKU_004,紅酒
T00970,C0046,SKU_009,礦泉水
T00970,C0046,SKU_023,洋芋片
T00970,C0046,SKU_027,洗髮精
T00971,C0609,SKU_005,塑膠袋
T00971,C0609,SKU_006,米
T00971,C0609,SKU_008,醬油
T00971,C0609,SKU_014,雪碧
T00971,C0609,SKU_025,衛生紙
T00971,C0609,SKU_030,SKU_NEW_002
T00972,C0690,SKU_002,起司
T00972,C0690,SKU_010,寶特瓶飲料
T00972,C0690,SKU_025,衛生紙
T00973,C0717,SKU_009,礦泉水
T00973,C0717,SKU_029,SKU_NEW_001
T00974,C0468,SKU_010,寶特瓶飲料
T00974,C0468,SKU_018,香蕉
T00974,C0468,SKU_028,茶包
T00974,C0468,SKU_030,SKU_NEW_002
T00975,C0462,SKU_006,米
T00975,C0462,SKU_007,可樂
T00975,C0462,SKU_008,醬油
T00975,C0462,SKU_013,果醬
T00975,C0462,SKU_028,茶包
T00976,C0472,SKU_004,紅酒
T00976,C0472,SKU_008,醬油
T00976,C0472,SKU_010,寶特瓶飲料
T00976,C0472,SKU_015,牛奶
T00976,C0472,SKU_023,洋芋片
T00977,C0430,SKU_001,尿布
T00977,C0430,SKU_003,啤酒
T00977,C0430,SKU_005,塑膠袋
T00977,C0430,SKU_006,米
T00977,C0430,SKU_008,醬油
T00977,C0430,SKU_009,礦泉水
T00978,C0040,SKU_001,尿布
T00978,C0040,SKU_003,啤酒
T00978,C0040,SKU_005,塑膠袋
T00978,C0040,SKU_016,豆漿
T00979,C0338,SKU_009,礦泉水
T00979,C0338,SKU_012,麵包
T00980,C0236,SKU_001,尿布
T00980,C0236,SKU_003,啤酒
T00980,C0236,SKU_005,塑膠袋
T00980,C0236,SKU_010,寶特瓶飲料
T00980,C0236,SKU_023,洋芋片
T00980,C0236,SKU_026,牙膏
T00981,C1437,SKU_001,尿布
T00981,C1437,SKU_003,啤酒
T00981,C1437,SKU_005,塑膠袋
T00981,C1437,SKU_009,礦泉水
T00981,C1437,SKU_014,雪碧
T00981,C1437,SKU_017,蘋果
T00981,C1437,SKU_023,洋芋片
T00981,C1437,SKU_027,洗髮精
T00982,C0102,SKU_001,尿布
T00982,C0102,SKU_003,啤酒
T00982,C0102,SKU_029,SKU_NEW_001
T00982,C0102,SKU_030,SKU_NEW_002
T00983,C0600,SKU_002,起司
T00983,C0600,SKU_009,礦泉水
T00983,C0600,SKU_012,麵包
T00984,C0659,SKU_007,可樂
T00984,C0659,SKU_009,礦泉水
T00984,C0659,SKU_010,寶特瓶飲料
T00984,C0659,SKU_011,杯麵
T00984,C0659,SKU_024,口香糖
T00985,C0315,SKU_001,尿布
T00985,C0315,SKU_007,可樂
T00985,C0315,SKU_010,寶特瓶飲料
T00985,C0315,SKU_023,洋芋片
T00986,C0838,SKU_002,起司
T00986,C0838,SKU_004,紅酒
T00986,C0838,SKU_019,橘子
T00986,C0838,SKU_022,巧克力
T00987,C0128,SKU_001,尿布
T00987,C0128,SKU_002,起司
T00987,C0128,SKU_003,啤酒
T00987,C0128,SKU_006,米
T00987,C0128,SKU_008,醬油
T00987,C0128,SKU_010,寶特瓶飲料
T00987,C0128,SKU_017,蘋果
T00987,C0128,SKU_023,洋芋片
T00988,C0381,SKU_007,可樂
T00988,C0381,SKU_016,豆漿
T00988,C0381,SKU_020,葡萄
T00988,C0381,SKU_027,洗髮精
T00989,C0058,SKU_006,米
T00989,C0058,SKU_008,醬油
T00989,C0058,SKU_010,寶特瓶飲料
T00989,C0058,SKU_024,口香糖
T00989,C0058,SKU_029,SKU_NEW_001
T00990,C0509,SKU_002,起司
T00990,C0509,SKU_004,紅酒
T00990,C0509,SKU_006,米
T00990,C0509,SKU_008,醬油
T00990,C0509,SKU_013,果醬
T00990,C0509,SKU_018,香蕉
T00990,C0509,SKU_022,巧克力
T00991,C0537,SKU_002,起司
T00991,C0537,SKU_005,塑膠袋
T00991,C0537,SKU_011,杯麵
T00992,C1035,SKU_001,尿布
T00992,C1035,SKU_002,起司
T00992,C1035,SKU_003,啤酒
T00992,C1035,SKU_004,紅酒
T00992,C1035,SKU_005,塑膠袋
T00992,C1035,SKU_010,寶特瓶飲料
T00992,C1035,SKU_011,杯麵
T00992,C1035,SKU_026,牙膏
T00993,C0135,SKU_011,杯麵
T00993,C0135,SKU_020,葡萄
T00993,C0135,SKU_028,茶包
T00994,C1373,SKU_001,尿布
T00994,C1373,SKU_007,可樂
T00994,C1373,SKU_012,麵包
T00995,C0078,SKU_005,塑膠袋
T00995,C0078,SKU_007,可樂
T00995,C0078,SKU_012,麵包
T00995,C0078,SKU_024,口香糖
T00996,C0883,SKU_002,起司
T00996,C0883,SKU_007,可樂
T00996,C0883,SKU_008,醬油
T00996,C0883,SKU_010,寶特瓶飲料
T00996,C0883,SKU_023,洋芋片
T00996,C0883,SKU_026,牙膏
T00996,C0883,SKU_030,SKU_NEW_002
T00997,C0584,SKU_004,紅酒
T00997,C0584,SKU_008,醬油
T00997,C0584,SKU_009,礦泉水
T00997,C0584,SKU_019,橘子
T00998,C0226,SKU_008,醬油
T00998,C0226,SKU_011,杯麵
T00998,C0226,SKU_030,SKU_NEW_002
T00999,C0075,SKU_005,塑膠袋
T00999,C0075,SKU_009,礦泉水
T00999,C0075,SKU_010,寶特瓶飲料
T00999,C0075,SKU_011,杯麵
T00999,C0075,SKU_012,麵包
T00999,C0075,SKU_023,洋芋片
T01000,C0491,SKU_005,塑膠袋
T01000,C0491,SKU_023,洋芋片
T01000,C0491,SKU_025,衛生紙
T01001,C0076,SKU_001,尿布
T01001,C0076,SKU_002,起司
T01002,C0730,SKU_001,尿布
T01002,C0730,SKU_007,可樂
T01002,C0730,SKU_009,礦泉水
T01002,C0730,SKU_013,果醬
T01002,C0730,SKU_022,巧克力
T01003,C1251,SKU_018,香蕉
T01003,C1251,SKU_026,牙膏
T01003,C1251,SKU_028,茶包
T01004,C0486,SKU_004,紅酒
T01004,C0486,SKU_005,塑膠袋
T01004,C0486,SKU_028,茶包
T01005,C0799,SKU_001,尿布
T01005,C0799,SKU_008,醬油
T01005,C0799,SKU_009,礦泉水
T01005,C0799,SKU_010,寶特瓶飲料
T01005,C0799,SKU_011,杯麵
T01005,C0799,SKU_016,豆漿
T01006,C0217,SKU_005,塑膠袋
T01006,C0217,SKU_007,可樂
T01006,C0217,SKU_012,麵包
T01006,C0217,SKU_014,雪碧
T01006,C0217,SKU_026,牙膏
T01007,C0493,SKU_008,醬油
T01007,C0493,SKU_014,雪碧
T01007,C0493,SKU_026,牙膏
T01008,C0405,SKU_003,啤酒
T01008,C0405,SKU_007,可樂
T01008,C0405,SKU_016,豆漿
T01008,C0405,SKU_028,茶包
T01009,C0174,SKU_004,紅酒
T01009,C0174,SKU_008,醬油
T01009,C0174,SKU_011,杯麵
T01009,C0174,SKU_015,牛奶
T01009,C0174,SKU_016,豆漿
T01009,C0174,SKU_017,蘋果
T01010,C0195,SKU_008,醬油
T01010,C0195,SKU_012,麵包
T01010,C0195,SKU_027,洗髮精
T01011,C1466,SKU_005,塑膠袋
T01011,C1466,SKU_007,可樂
T01011,C1466,SKU_023,洋芋片
T01012,C0583,SKU_002,起司
T01012,C0583,SKU_004,紅酒
T01012,C0583,SKU_007,可樂
T01012,C0583,SKU_010,寶特瓶飲料
T01012,C0583,SKU_014,雪碧
T01012,C0583,SKU_022,巧克力
T01012,C0583,SKU_026,牙膏
T01012,C0583,SKU_028,茶包
T01013,C1313,SKU_012,麵包
T01013,C1313,SKU_014,雪碧
T01014,C0975,SKU_006,米
T01014,C0975,SKU_008,醬油
T01014,C0975,SKU_014,雪碧
T01014,C0975,SKU_015,牛奶
T01015,C1136,SKU_002,起司
T01015,C1136,SKU_017,蘋果
T01016,C0571,SKU_007,可樂
T01016,C0571,SKU_017,蘋果
T01016,C0571,SKU_029,SKU_NEW_001
T01017,C0902,SKU_004,紅酒
T01017,C0902,SKU_008,醬油
T01017,C0902,SKU_024,口香糖
T01018,C1445,SKU_005,塑膠袋
T01018,C1445,SKU_015,牛奶
T01018,C1445,SKU_022,巧克力
T01019,C0286,SKU_004,紅酒
T01019,C0286,SKU_009,礦泉水
T01019,C0286,SKU_028,茶包
T01020,C0627,SKU_009,礦泉水
T01020,C0627,SKU_010,寶特瓶飲料
T01020,C0627,SKU_027,洗髮精
T01021,C0740,SKU_010,寶特瓶飲料
T01021,C0740,SKU_020,葡萄
T01022,C0468,SKU_004,紅酒
T01022,C0468,SKU_005,塑膠袋
T01022,C0468,SKU_016,豆漿
T01023,C0132,SKU_002,起司
T01024,C0643,SKU_010,寶特瓶飲料
T01024,C0643,SKU_017,蘋果
T01024,C0643,SKU_018,香蕉
T01024,C0643,SKU_020,葡萄
T01025,C0431,SKU_009,礦泉水
T01025,C0431,SKU_023,洋芋片
T01026,C0613,SKU_008,醬油
T01026,C0613,SKU_009,礦泉水
T01026,C0613,SKU_012,麵包
T01026,C0613,SKU_023,洋芋片
T01026,C0613,SKU_027,洗髮精
T01027,C0564,SKU_001,尿布
T01027,C0564,SKU_005,塑膠袋
T01027,C0564,SKU_018,香蕉
T01027,C0564,SKU_024,口香糖
T01028,C1251,SKU_009,礦泉水
T01028,C1251,SKU_024,口香糖
T01029,C0833,SKU_006,米
T01029,C0833,SKU_008,醬油
T01029,C0833,SKU_020,葡萄
T01030,C0787,SKU_005,塑膠袋
T01030,C0787,SKU_008,醬油
T01030,C0787,SKU_009,礦泉水
T01030,C0787,SKU_020,葡萄
T01031,C0194,SKU_005,塑膠袋
T01031,C0194,SKU_009,礦泉水
T01031,C0194,SKU_010,寶特瓶飲料
T01031,C0194,SKU_014,雪碧
T01031,C0194,SKU_017,蘋果
T01031,C0194,SKU_030,SKU_NEW_002
T01032,C1222,SKU_007,可樂
T01032,C1222,SKU_013,果醬
T01032,C1222,SKU_026,牙膏
T01033,C0611,SKU_005,塑膠袋
T01033,C0611,SKU_014,雪碧
T01033,C0611,SKU_028,茶包
T01034,C0776,SKU_001,尿布
T01034,C0776,SKU_003,啤酒
T01034,C0776,SKU_005,塑膠袋
T01034,C0776,SKU_008,醬油
T01034,C0776,SKU_022,巧克力
T01035,C0229,SKU_007,可樂
T01035,C0229,SKU_010,寶特瓶飲料
T01035,C0229,SKU_013,果醬
T01035,C0229,SKU_023,洋芋片
T01036,C1116,SKU_002,起司
T01036,C1116,SKU_004,紅酒
T01036,C1116,SKU_009,礦泉水
T01036,C1116,SKU_025,衛生紙
T01037,C0137,SKU_002,起司
T01037,C0137,SKU_004,紅酒
T01037,C0137,SKU_005,塑膠袋
T01037,C0137,SKU_022,巧克力
T01037,C0137,SKU_030,SKU_NEW_002
T01038,C0434,SKU_001,尿布
T01038,C0434,SKU_003,啤酒
T01038,C0434,SKU_004,紅酒
T01038,C0434,SKU_006,米
T01038,C0434,SKU_008,醬油
T01038,C0434,SKU_015,牛奶
T01038,C0434,SKU_029,SKU_NEW_001
T01039,C1094,SKU_001,尿布
T01039,C1094,SKU_005,塑膠袋
T01039,C1094,SKU_010,寶特瓶飲料
T01039,C1094,SKU_015,牛奶
T01040,C0118,SKU_002,起司
T01040,C0118,SKU_004,紅酒
T01040,C0118,SKU_020,葡萄
T01040,C0118,SKU_030,SKU_NEW_002
T01041,C0056,SKU_001,尿布
T01041,C0056,SKU_003,啤酒
T01041,C0056,SKU_006,米
T01041,C0056,SKU_007,可樂
T01041,C0056,SKU_008,醬油
T01041,C0056,SKU_009,礦泉水
T01042,C0376,SKU_009,礦泉水
T01043,C0371,SKU_003,啤酒
T01043,C0371,SKU_010,寶特瓶飲料
T01043,C0371,SKU_012,麵包
T01043,C0371,SKU_013,果醬
T01043,C0371,SKU_018,香蕉
T01044,C0919,SKU_005,塑膠袋
T01044,C0919,SKU_011,杯麵
T01044,C0919,SKU_012,麵包
T01044,C0919,SKU_028,茶包
T01045,C0243,SKU_006,米
T01045,C0243,SKU_008,醬油
T01046,C0841,SKU_001,尿布
T01046,C0841,SKU_003,啤酒
T01046,C0841,SKU_019,橘子
T01046,C0841,SKU_023,洋芋片
T01047,C0844,SKU_007,可樂
T01047,C0844,SKU_012,麵包
T01047,C0844,SKU_021,餅乾
T01048,C0411,SKU_003,啤酒
T01048,C0411,SKU_004,紅酒
T01048,C0411,SKU_005,塑膠袋
T01048,C0411,SKU_022,巧克力
T01048,C0411,SKU_030,SKU_NEW_002
T01049,C0130,SKU_002,起司
T01049,C0130,SKU_004,紅酒
T01049,C0130,SKU_023,洋芋片
T01049,C0130,SKU_027,洗髮精
T01049,C0130,SKU_029,SKU_NEW_001
T01050,C0224,SKU_001,尿布
T01050,C0224,SKU_003,啤酒
T01050,C0224,SKU_005,塑膠袋
T01050,C0224,SKU_010,寶特瓶飲料
T01050,C0224,SKU_014,雪碧
T01050,C0224,SKU_019,橘子
T01050,C0224,SKU_028,茶包
T01051,C0075,SKU_004,紅酒
T01052,C0913,SKU_001,尿布
T01052,C0913,SKU_005,塑膠袋
T01052,C0913,SKU_007,可樂
T01052,C0913,SKU_010,寶特瓶飲料
T01052,C0913,SKU_016,豆漿
T01053,C0162,SKU_005,塑膠袋
T01053,C0162,SKU_007,可樂
T01053,C0162,SKU_009,礦泉水
T01053,C0162,SKU_014,雪碧
T01054,C0722,SKU_009,礦泉水
T01054,C0722,SKU_014,雪碧
T01054,C0722,SKU_026,牙膏
T01054,C0722,SKU_028,茶包
T01055,C0880,SKU_008,醬油
T01055,C0880,SKU_010,寶特瓶飲料
T01055,C0880,SKU_026,牙膏
T01056,C0355,SKU_001,尿布
T01056,C0355,SKU_003,啤酒
T01056,C0355,SKU_008,醬油
T01057,C0297,SKU_001,尿布
T01057,C0297,SKU_003,啤酒
T01057,C0297,SKU_007,可樂
T01057,C0297,SKU_021,餅乾
T01058,C0281,SKU_007,可樂
T01058,C0281,SKU_025,衛生紙
T01058,C0281,SKU_026,牙膏
T01059,C0555,SKU_011,杯麵
T01059,C0555,SKU_013,果醬
T01060,C0182,SKU_002,起司
T01060,C0182,SKU_004,紅酒
T01060,C0182,SKU_005,塑膠袋
T01061,C0718,SKU_001,尿布
T01062,C0560,SKU_005,塑膠袋
T01062,C0560,SKU_010,寶特瓶飲料
T01062,C0560,SKU_012,麵包
T01062,C0560,SKU_014,雪碧
T01062,C0560,SKU_025,衛生紙
T01063,C0449,SKU_005,塑膠袋
T01063,C0449,SKU_013,果醬
T01063,C0449,SKU_016,豆漿
T01064,C0001,SKU_005,塑膠袋
T01064,C0001,SKU_006,米
T01064,C0001,SKU_008,醬油
T01065,C0067,SKU_004,紅酒
T01065,C0067,SKU_005,塑膠袋
T01065,C0067,SKU_009,礦泉水
T01065,C0067,SKU_010,寶特瓶飲料
T01065,C0067,SKU_026,牙膏
T01066,C0311,SKU_001,尿布
T01066,C0311,SKU_007,可樂
T01066,C0311,SKU_015,牛奶
T01066,C0311,SKU_024,口香糖
T01067,C0527,SKU_001,尿布
T01067,C0527,SKU_003,啤酒
T01067,C0527,SKU_009,礦泉水
T01067,C0527,SKU_010,寶特瓶飲料
T01068,C0133,SKU_001,尿布
T01068,C0133,SKU_003,啤酒
T01068,C0133,SKU_007,可樂
T01068,C0133,SKU_016,豆漿
T01068,C0133,SKU_023,洋芋片
T01068,C0133,SKU_026,牙膏
T01069,C0331,SKU_006,米
T01069,C0331,SKU_008,醬油
T01069,C0331,SKU_014,雪碧
T01069,C0331,SKU_025,衛生紙
T01069,C0331,SKU_026,牙膏
T01070,C1086,SKU_001,尿布
T01070,C1086,SKU_003,啤酒
T01070,C1086,SKU_005,塑膠袋
T01071,C0840,SKU_002,起司
T01071,C0840,SKU_004,紅酒
T01071,C0840,SKU_015,牛奶
T01071,C0840,SKU_021,餅乾
T01072,C0117,SKU_002,起司
T01072,C0117,SKU_007,可樂
T01072,C0117,SKU_021,餅乾
T01072,C0117,SKU_023,洋芋片
T01073,C0470,SKU_001,尿布
T01073,C0470,SKU_003,啤酒
T01074,C0146,SKU_002,起司
T01074,C0146,SKU_004,紅酒
T01074,C0146,SKU_005,塑膠袋
T01074,C0146,SKU_006,米
T01074,C0146,SKU_023,洋芋片
T01074,C0146,SKU_024,口香糖
T01074,C0146,SKU_026,牙膏
T01075,C0787,SKU_001,尿布
T01075,C0787,SKU_017,蘋果
T01076,C0273,SKU_001,尿布
T01076,C0273,SKU_002,起司
T01076,C0273,SKU_003,啤酒
T01076,C0273,SKU_004,紅酒
T01076,C0273,SKU_019,橘子
T01077,C0147,SKU_005,塑膠袋
T01077,C0147,SKU_006,米
T01077,C0147,SKU_009,礦泉水
T01077,C0147,SKU_010,寶特瓶飲料
T01078,C0033,SKU_002,起司
T01078,C0033,SKU_004,紅酒
T01078,C0033,SKU_012,麵包
T01078,C0033,SKU_015,牛奶
T01078,C0033,SKU_018,香蕉
T01079,C0231,SKU_009,礦泉水
T01079,C0231,SKU_017,蘋果
T01079,C0231,SKU_022,巧克力
T01080,C0366,SKU_008,醬油
T01080,C0366,SKU_009,礦泉水
T01080,C0366,SKU_023,洋芋片
T01080,C0366,SKU_029,SKU_NEW_001
T01081,C0510,SKU_014,雪碧
T01081,C0510,SKU_019,橘子
T01081,C0510,SKU_027,洗髮精
T01082,C0125,SKU_019,橘子
T01082,C0125,SKU_020,葡萄
T01082,C0125,SKU_026,牙膏
T01083,C0629,SKU_005,塑膠袋
T01083,C0629,SKU_006,米
T01083,C0629,SKU_007,可樂
T01083,C0629,SKU_014,雪碧
T01083,C0629,SKU_016,豆漿
T01084,C1064,SKU_003,啤酒
T01084,C1064,SKU_012,麵包
T01084,C1064,SKU_022,巧克力
T01085,C0721,SKU_005,塑膠袋
T01085,C0721,SKU_009,礦泉水
T01085,C0721,SKU_016,豆漿
T01086,C0907,SKU_004,紅酒
T01086,C0907,SKU_006,米
T01086,C0907,SKU_007,可樂
T01086,C0907,SKU_015,牛奶
T01086,C0907,SKU_018,香蕉
T01086,C0907,SKU_022,巧克力
T01087,C1166,SKU_007,可樂
T01087,C1166,SKU_010,寶特瓶飲料
T01088,C0803,SKU_010,寶特瓶飲料
T01088,C0803,SKU_011,杯麵
T01088,C0803,SKU_030,SKU_NEW_002
T01089,C0537,SKU_009,礦泉水
T01090,C0005,SKU_002,起司
T01090,C0005,SKU_004,紅酒
T01090,C0005,SKU_013,果醬
T01090,C0005,SKU_027,洗髮精
T01091,C0557,SKU_006,米
T01091,C0557,SKU_008,醬油
T01092,C0215,SKU_002,起司
T01092,C0215,SKU_003,啤酒
T01092,C0215,SKU_007,可樂
T01092,C0215,SKU_011,杯麵
T01092,C0215,SKU_013,果醬
T01092,C0215,SKU_016,豆漿
T01092,C0215,SKU_022,巧克力
T01092,C0215,SKU_028,茶包
T01093,C0382,SKU_006,米
T01093,C0382,SKU_008,醬油
T01093,C0382,SKU_015,牛奶
T01093,C0382,SKU_030,SKU_NEW_002
T01094,C0324,SKU_011,杯麵
T01094,C0324,SKU_012,麵包
T01094,C0324,SKU_016,豆漿
T01094,C0324,SKU_023,洋芋片
T01095,C0613,SKU_007,可樂
T01095,C0613,SKU_009,礦泉水
T01095,C0613,SKU_010,寶特瓶飲料
T01095,C0613,SKU_020,葡萄
T01096,C0079,SKU_009,礦泉水
T01096,C0079,SKU_017,蘋果
T01096,C0079,SKU_030,SKU_NEW_002
T01097,C0631,SKU_004,紅酒
T01097,C0631,SKU_006,米
T01097,C0631,SKU_008,醬油
T01097,C0631,SKU_009,礦泉水
T01097,C0631,SKU_012,麵包
T01098,C1077,SKU_006,米
T01098,C1077,SKU_008,醬油
T01098,C1077,SKU_011,杯麵
T01098,C1077,SKU_018,香蕉
T01098,C1077,SKU_030,SKU_NEW_002
T01099,C0730,SKU_007,可樂
T01099,C0730,SKU_009,礦泉水
T01099,C0730,SKU_010,寶特瓶飲料
T01099,C0730,SKU_017,蘋果
T01100,C0623,SKU_015,牛奶
T01100,C0623,SKU_030,SKU_NEW_002
T01101,C0948,SKU_001,尿布
T01101,C0948,SKU_003,啤酒
T01101,C0948,SKU_005,塑膠袋
T01101,C0948,SKU_021,餅乾
T01101,C0948,SKU_025,衛生紙
T01101,C0948,SKU_030,SKU_NEW_002
T01102,C0061,SKU_001,尿布
T01102,C0061,SKU_003,啤酒
T01102,C0061,SKU_014,雪碧
T01102,C0061,SKU_022,巧克力
T01103,C0831,SKU_009,礦泉水
T01103,C0831,SKU_018,香蕉
T01103,C0831,SKU_024,口香糖
T01104,C0555,SKU_010,寶特瓶飲料
T01104,C0555,SKU_029,SKU_NEW_001
T01105,C0199,SKU_001,尿布
T01105,C0199,SKU_002,起司
T01105,C0199,SKU_003,啤酒
T01105,C0199,SKU_004,紅酒
T01105,C0199,SKU_006,米
T01105,C0199,SKU_010,寶特瓶飲料
T01105,C0199,SKU_021,餅乾
T01105,C0199,SKU_028,茶包
T01105,C0199,SKU_029,SKU_NEW_001
T01106,C0531,SKU_002,起司
T01106,C0531,SKU_004,紅酒
T01106,C0531,SKU_025,衛生紙
T01106,C0531,SKU_030,SKU_NEW_002
T01107,C1142,SKU_001,尿布
T01107,C1142,SKU_014,雪碧
T01107,C1142,SKU_018,香蕉
T01107,C1142,SKU_020,葡萄
T01107,C1142,SKU_026,牙膏
T01108,C0469,SKU_020,葡萄
T01109,C0139,SKU_008,醬油
T01109,C0139,SKU_011,杯麵
T01109,C0139,SKU_022,巧克力
T01109,C0139,SKU_023,洋芋片
T01109,C0139,SKU_025,衛生紙
T01110,C0710,SKU_001,尿布
T01110,C0710,SKU_003,啤酒
T01110,C0710,SKU_007,可樂
T01110,C0710,SKU_008,醬油
T01110,C0710,SKU_016,豆漿
T01111,C0226,SKU_006,米
T01111,C0226,SKU_008,醬油
T01111,C0226,SKU_011,杯麵
T01111,C0226,SKU_022,巧克力
T01111,C0226,SKU_026,牙膏
T01112,C0747,SKU_007,可樂
T01112,C0747,SKU_009,礦泉水
T01112,C0747,SKU_030,SKU_NEW_002
T01113,C0838,SKU_004,紅酒
T01113,C0838,SKU_011,杯麵
T01113,C0838,SKU_023,洋芋片
T01113,C0838,SKU_025,衛生紙
T01114,C0356,SKU_009,礦泉水
T01114,C0356,SKU_012,麵包
T01115,C0098,SKU_001,尿布
T01115,C0098,SKU_003,啤酒
T01115,C0098,SKU_013,果醬
T01115,C0098,SKU_026,牙膏
T01115,C0098,SKU_028,茶包
T01116,C0758,SKU_007,可樂
T01116,C0758,SKU_017,蘋果
T01116,C0758,SKU_029,SKU_NEW_001
T01117,C0660,SKU_005,塑膠袋
T01117,C0660,SKU_016,豆漿
T01117,C0660,SKU_028,茶包
T01118,C0230,SKU_002,起司
T01118,C0230,SKU_005,塑膠袋
T01118,C0230,SKU_006,米
T01118,C0230,SKU_008,醬油
T01119,C0564,SKU_005,塑膠袋
T01119,C0564,SKU_030,SKU_NEW_002
T01120,C0220,SKU_002,起司
T01120,C0220,SKU_004,紅酒
T01120,C0220,SKU_005,塑膠袋
T01120,C0220,SKU_013,果醬
T01120,C0220,SKU_022,巧克力
T01121,C1476,SKU_010,寶特瓶飲料
T01121,C1476,SKU_012,麵包
T01121,C1476,SKU_024,口香糖
T01121,C1476,SKU_028,茶包
T01122,C0702,SKU_007,可樂
T01122,C0702,SKU_013,果醬
T01122,C0702,SKU_026,牙膏
T01122,C0702,SKU_027,洗髮精
T01122,C0702,SKU_030,SKU_NEW_002
T01123,C0648,SKU_001,尿布
T01123,C0648,SKU_002,起司
T01123,C0648,SKU_004,紅酒
T01123,C0648,SKU_005,塑膠袋
T01123,C0648,SKU_009,礦泉水
T01124,C0863,SKU_006,米
T01124,C0863,SKU_008,醬油
T01124,C0863,SKU_027,洗髮精
T01125,C0639,SKU_004,紅酒
T01125,C0639,SKU_006,米
T01125,C0639,SKU_008,醬油
T01126,C0145,SKU_005,塑膠袋
T01126,C0145,SKU_006,米
T01126,C0145,SKU_008,醬油
T01126,C0145,SKU_010,寶特瓶飲料
T01126,C0145,SKU_015,牛奶
T01127,C0712,SKU_007,可樂
T01127,C0712,SKU_009,礦泉水
T01127,C0712,SKU_011,杯麵
T01127,C0712,SKU_022,巧克力
T01128,C0650,SKU_010,寶特瓶飲料
T01128,C0650,SKU_011,杯麵
T01128,C0650,SKU_014,雪碧
T01128,C0650,SKU_024,口香糖
T01128,C0650,SKU_026,牙膏
T01128,C0650,SKU_030,SKU_NEW_002
T01129,C0590,SKU_008,醬油
T01129,C0590,SKU_009,礦泉水
T01129,C0590,SKU_017,蘋果
T01129,C0590,SKU_018,香蕉
T01130,C0416,SKU_021,餅乾
T01131,C0837,SKU_015,牛奶
T01131,C0837,SKU_018,香蕉
T01131,C0837,SKU_023,洋芋片
T01131,C0837,SKU_028,茶包
T01132,C0628,SKU_004,紅酒
T01132,C0628,SKU_006,米
T01132,C0628,SKU_008,醬油
T01132,C0628,SKU_020,葡萄
T01133,C0500,SKU_001,尿布
T01133,C0500,SKU_003,啤酒
T01133,C0500,SKU_006,米
T01133,C0500,SKU_008,醬油
T01133,C0500,SKU_009,礦泉水
T01133,C0500,SKU_016,豆漿
T01133,C0500,SKU_026,牙膏
T01134,C0901,SKU_001,尿布
T01134,C0901,SKU_005,塑膠袋
T01134,C0901,SKU_010,寶特瓶飲料
T01134,C0901,SKU_023,洋芋片
T01134,C0901,SKU_025,衛生紙
T01134,C0901,SKU_029,SKU_NEW_001
T01135,C0026,SKU_007,可樂
T01135,C0026,SKU_009,礦泉水
T01135,C0026,SKU_016,豆漿
T01135,C0026,SKU_020,葡萄
T01135,C0026,SKU_028,茶包
T01136,C0696,SKU_008,醬油
T01136,C0696,SKU_012,麵包
T01136,C0696,SKU_023,洋芋片
T01137,C0114,SKU_010,寶特瓶飲料
T01138,C0230,SKU_004,紅酒
T01138,C0230,SKU_005,塑膠袋
T01138,C0230,SKU_006,米
T01138,C0230,SKU_007,可樂
T01138,C0230,SKU_008,醬油
T01138,C0230,SKU_009,礦泉水
T01138,C0230,SKU_022,巧克力
T01139,C0255,SKU_003,啤酒
T01139,C0255,SKU_007,可樂
T01139,C0255,SKU_010,寶特瓶飲料
T01139,C0255,SKU_013,果醬
T01139,C0255,SKU_014,雪碧
T01140,C1146,SKU_006,米
T01140,C1146,SKU_008,醬油
T01140,C1146,SKU_010,寶特瓶飲料
T01141,C0936,SKU_007,可樂
T01141,C0936,SKU_009,礦泉水
T01141,C0936,SKU_027,洗髮精
T01142,C0736,SKU_010,寶特瓶飲料
T01142,C0736,SKU_020,葡萄
T01142,C0736,SKU_025,衛生紙
T01143,C0187,SKU_001,尿布
T01143,C0187,SKU_003,啤酒
T01143,C0187,SKU_005,塑膠袋
T01143,C0187,SKU_020,葡萄
T01143,C0187,SKU_023,洋芋片
T01143,C0187,SKU_026,牙膏
T01144,C0553,SKU_009,礦泉水
T01144,C0553,SKU_013,果醬
T01144,C0553,SKU_018,香蕉
T01145,C1292,SKU_002,起司
T01145,C1292,SKU_004,紅酒
T01145,C1292,SKU_009,礦泉水
T01145,C1292,SKU_023,洋芋片
T01145,C1292,SKU_025,衛生紙
T01146,C0769,SKU_001,尿布
T01146,C0769,SKU_003,啤酒
T01146,C0769,SKU_006,米
T01146,C0769,SKU_008,醬油
T01146,C0769,SKU_014,雪碧
T01146,C0769,SKU_019,橘子
T01147,C0626,SKU_008,醬油
T01147,C0626,SKU_012,麵包
T01147,C0626,SKU_018,香蕉
T01148,C0995,SKU_001,尿布
T01148,C0995,SKU_010,寶特瓶飲料
T01148,C0995,SKU_024,口香糖
T01148,C0995,SKU_029,SKU_NEW_001
T01148,C0995,SKU_030,SKU_NEW_002
T01149,C0453,SKU_001,尿布
T01149,C0453,SKU_003,啤酒
T01149,C0453,SKU_006,米
T01149,C0453,SKU_008,醬油
T01149,C0453,SKU_021,餅乾
T01149,C0453,SKU_022,巧克力
T01149,C0453,SKU_026,牙膏
T01150,C0872,SKU_002,起司
T01150,C0872,SKU_004,紅酒
T01150,C0872,SKU_005,塑膠袋
T01150,C0872,SKU_008,醬油
T01150,C0872,SKU_018,香蕉
T01150,C0872,SKU_021,餅乾
T01150,C0872,SKU_022,巧克力
T01150,C0872,SKU_024,口香糖
T01150,C0872,SKU_030,SKU_NEW_002
T01151,C1025,SKU_004,紅酒
T01151,C1025,SKU_008,醬油
T01151,C1025,SKU_020,葡萄
T01152,C0017,SKU_010,寶特瓶飲料
T01152,C0017,SKU_026,牙膏
T01153,C0704,SKU_006,米
T01153,C0704,SKU_008,醬油
T01153,C0704,SKU_010,寶特瓶飲料
T01153,C0704,SKU_030,SKU_NEW_002
T01154,C0604,SKU_002,起司
T01154,C0604,SKU_004,紅酒
T01154,C0604,SKU_017,蘋果
T01154,C0604,SKU_026,牙膏
T01155,C0379,SKU_004,紅酒
T01155,C0379,SKU_009,礦泉水
T01155,C0379,SKU_023,洋芋片
T01156,C0067,SKU_008,醬油
T01156,C0067,SKU_011,杯麵
T01156,C0067,SKU_020,葡萄
T01157,C0540,SKU_001,尿布
T01157,C0540,SKU_003,啤酒
T01157,C0540,SKU_008,醬油
T01157,C0540,SKU_010,寶特瓶飲料
T01157,C0540,SKU_015,牛奶
T01157,C0540,SKU_018,香蕉
T01157,C0540,SKU_021,餅乾
T01157,C0540,SKU_023,洋芋片
T01157,C0540,SKU_026,牙膏
T01158,C0102,SKU_010,寶特瓶飲料
T01158,C0102,SKU_013,果醬
T01158,C0102,SKU_015,牛奶
T01158,C0102,SKU_017,蘋果
T01158,C0102,SKU_023,洋芋片
T01158,C0102,SKU_025,衛生紙
T01159,C0711,SKU_002,起司
T01159,C0711,SKU_004,紅酒
T01159,C0711,SKU_005,塑膠袋
T01160,C0054,SKU_007,可樂
T01160,C0054,SKU_010,寶特瓶飲料
T01160,C0054,SKU_011,杯麵
T01160,C0054,SKU_019,橘子
T01160,C0054,SKU_030,SKU_NEW_002
T01161,C0394,SKU_010,寶特瓶飲料
T01161,C0394,SKU_026,牙膏
T01161,C0394,SKU_030,SKU_NEW_002
T01162,C0067,SKU_004,紅酒
T01162,C0067,SKU_010,寶特瓶飲料
T01162,C0067,SKU_025,衛生紙
T01163,C0412,SKU_010,寶特瓶飲料
T01163,C0412,SKU_011,杯麵
T01163,C0412,SKU_028,茶包
T01163,C0412,SKU_029,SKU_NEW_001
T01164,C0308,SKU_006,米
T01164,C0308,SKU_008,醬油
T01164,C0308,SKU_009,礦泉水
T01164,C0308,SKU_013,果醬
T01164,C0308,SKU_023,洋芋片
T01164,C0308,SKU_030,SKU_NEW_002
T01165,C0181,SKU_001,尿布
T01165,C0181,SKU_003,啤酒
T01165,C0181,SKU_007,可樂
T01165,C0181,SKU_009,礦泉水
T01165,C0181,SKU_012,麵包
T01165,C0181,SKU_030,SKU_NEW_002
T01166,C1267,SKU_005,塑膠袋
T01166,C1267,SKU_021,餅乾
T01167,C0024,SKU_005,塑膠袋
T01168,C0736,SKU_005,塑膠袋
T01168,C0736,SKU_008,醬油
T01168,C0736,SKU_009,礦泉水
T01169,C0520,SKU_001,尿布
T01169,C0520,SKU_003,啤酒
T01169,C0520,SKU_004,紅酒
T01169,C0520,SKU_005,塑膠袋
T01169,C0520,SKU_023,洋芋片
T01170,C0531,SKU_002,起司
T01170,C0531,SKU_003,啤酒
T01170,C0531,SKU_004,紅酒
T01170,C0531,SKU_007,可樂
T01171,C0046,SKU_005,塑膠袋
T01171,C0046,SKU_007,可樂
T01171,C0046,SKU_009,礦泉水
T01171,C0046,SKU_010,寶特瓶飲料
T01171,C0046,SKU_017,蘋果
T01171,C0046,SKU_020,葡萄
T01171,C0046,SKU_026,牙膏
T01172,C0990,SKU_005,塑膠袋
T01172,C0990,SKU_014,雪碧
T01172,C0990,SKU_016,豆漿
T01172,C0990,SKU_017,蘋果
T01172,C0990,SKU_022,巧克力
T01173,C0111,SKU_004,紅酒
T01173,C0111,SKU_006,米
T01173,C0111,SKU_008,醬油
T01173,C0111,SKU_010,寶特瓶飲料
T01174,C0441,SKU_005,塑膠袋
T01174,C0441,SKU_009,礦泉水
T01174,C0441,SKU_013,果醬
T01174,C0441,SKU_022,巧克力
T01175,C1125,SKU_002,起司
T01175,C1125,SKU_011,杯麵
T01176,C0111,SKU_003,啤酒
T01176,C0111,SKU_015,牛奶
T01176,C0111,SKU_017,蘋果
T01176,C0111,SKU_021,餅乾
T01177,C0284,SKU_009,礦泉水
T01177,C0284,SKU_010,寶特瓶飲料
T01177,C0284,SKU_015,牛奶
T01177,C0284,SKU_023,洋芋片
T01177,C0284,SKU_024,口香糖
T01177,C0284,SKU_026,牙膏
T01177,C0284,SKU_030,SKU_NEW_002
T01178,C0488,SKU_001,尿布
T01178,C0488,SKU_005,塑膠袋
T01178,C0488,SKU_007,可樂
T01178,C0488,SKU_008,醬油
T01178,C0488,SKU_010,寶特瓶飲料
T01179,C0757,SKU_004,紅酒
T01179,C0757,SKU_005,塑膠袋
T01179,C0757,SKU_006,米
T01179,C0757,SKU_008,醬油
T01179,C0757,SKU_009,礦泉水
T01179,C0757,SKU_014,雪碧
T01179,C0757,SKU_020,葡萄
T01180,C0570,SKU_001,尿布
T01180,C0570,SKU_003,啤酒
T01180,C0570,SKU_005,塑膠袋
T01180,C0570,SKU_007,可樂
T01180,C0570,SKU_010,寶特瓶飲料
T01180,C0570,SKU_022,巧克力
T01180,C0570,SKU_025,衛生紙
T01181,C0151,SKU_001,尿布
T01181,C0151,SKU_003,啤酒
T01181,C0151,SKU_022,巧克力
T01182,C1346,SKU_004,紅酒
T01182,C1346,SKU_014,雪碧
T01182,C1346,SKU_030,SKU_NEW_002
T01183,C0532,SKU_023,洋芋片
T01184,C0722,SKU_001,尿布
T01184,C0722,SKU_003,啤酒
T01184,C0722,SKU_004,紅酒
T01184,C0722,SKU_010,寶特瓶飲料
T01184,C0722,SKU_027,洗髮精
T01185,C0094,SKU_005,塑膠袋
T01185,C0094,SKU_014,雪碧
T01185,C0094,SKU_024,口香糖
T01186,C1199,SKU_005,塑膠袋
T01186,C1199,SKU_007,可樂
T01186,C1199,SKU_016,豆漿
T01187,C0069,SKU_002,起司
T01187,C0069,SKU_010,寶特瓶飲料
T01187,C0069,SKU_013,果醬
T01188,C0719,SKU_001,尿布
T01188,C0719,SKU_003,啤酒
T01188,C0719,SKU_006,米
T01188,C0719,SKU_008,醬油
T01188,C0719,SKU_019,橘子
T01188,C0719,SKU_028,茶包
T01189,C0072,SKU_005,塑膠袋
T01189,C0072,SKU_016,豆漿
T01189,C0072,SKU_024,口香糖
T01190,C0202,SKU_002,起司
T01190,C0202,SKU_007,可樂
T01190,C0202,SKU_009,礦泉水
T01190,C0202,SKU_010,寶特瓶飲料
T01190,C0202,SKU_015,牛奶
T01190,C0202,SKU_018,香蕉
T01191,C0582,SKU_005,塑膠袋
T01191,C0582,SKU_013,果醬
T01191,C0582,SKU_019,橘子
T01191,C0582,SKU_020,葡萄
T01192,C0385,SKU_002,起司
T01192,C0385,SKU_004,紅酒
T01192,C0385,SKU_005,塑膠袋
T01192,C0385,SKU_024,口香糖
T01193,C0386,SKU_005,塑膠袋
T01193,C0386,SKU_009,礦泉水
T01193,C0386,SKU_021,餅乾
T01194,C1154,SKU_003,啤酒
T01194,C1154,SKU_009,礦泉水
T01195,C1166,SKU_007,可樂
T01195,C1166,SKU_008,醬油
T01195,C1166,SKU_009,礦泉水
T01195,C1166,SKU_010,寶特瓶飲料
T01195,C1166,SKU_015,牛奶
T01196,C0226,SKU_002,起司
T01196,C0226,SKU_003,啤酒
T01196,C0226,SKU_008,醬油
T01196,C0226,SKU_009,礦泉水
T01197,C0050,SKU_007,可樂
T01197,C0050,SKU_010,寶特瓶飲料
T01197,C0050,SKU_011,杯麵
T01197,C0050,SKU_013,果醬
T01197,C0050,SKU_022,巧克力
T01198,C0811,SKU_002,起司
T01198,C0811,SKU_008,醬油
T01198,C0811,SKU_020,葡萄
T01199,C0401,SKU_004,紅酒
T01199,C0401,SKU_010,寶特瓶飲料
T01199,C0401,SKU_016,豆漿
T01199,C0401,SKU_018,香蕉
T01199,C0401,SKU_026,牙膏
T01199,C0401,SKU_029,SKU_NEW_001
T01200,C0019,SKU_002,起司
T01200,C0019,SKU_004,紅酒
T01200,C0019,SKU_006,米
T01200,C0019,SKU_008,醬油
T01200,C0019,SKU_010,寶特瓶飲料
T01200,C0019,SKU_014,雪碧
T01200,C0019,SKU_018,香蕉
T01200,C0019,SKU_021,餅乾
T01201,C1304,SKU_006,米
T01201,C1304,SKU_009,礦泉水
T01201,C1304,SKU_010,寶特瓶飲料
T01201,C1304,SKU_023,洋芋片
T01201,C1304,SKU_025,衛生紙
T01201,C1304,SKU_026,牙膏
T01202,C0554,SKU_010,寶特瓶飲料
T01203,C0158,SKU_001,尿布
T01203,C0158,SKU_002,起司
T01203,C0158,SKU_004,紅酒
T01203,C0158,SKU_006,米
T01203,C0158,SKU_007,可樂
T01203,C0158,SKU_008,醬油
T01203,C0158,SKU_012,麵包
T01203,C0158,SKU_013,果醬
T01204,C0413,SKU_001,尿布
T01204,C0413,SKU_002,起司
T01204,C0413,SKU_003,啤酒
T01204,C0413,SKU_004,紅酒
T01204,C0413,SKU_010,寶特瓶飲料
T01204,C0413,SKU_013,果醬
T01205,C0768,SKU_028,茶包
T01206,C1013,SKU_001,尿布
T01206,C1013,SKU_006,米
T01206,C1013,SKU_008,醬油
T01206,C1013,SKU_018,香蕉
T01206,C1013,SKU_022,巧克力
T01207,C0049,SKU_008,醬油
T01208,C0354,SKU_001,尿布
T01208,C0354,SKU_003,啤酒
T01208,C0354,SKU_005,塑膠袋
T01208,C0354,SKU_006,米
T01208,C0354,SKU_008,醬油
T01209,C0519,SKU_004,紅酒
T01209,C0519,SKU_009,礦泉水
T01209,C0519,SKU_012,麵包
T01210,C0647,SKU_005,塑膠袋
T01210,C0647,SKU_006,米
T01210,C0647,SKU_008,醬油
T01210,C0647,SKU_009,礦泉水
T01210,C0647,SKU_010,寶特瓶飲料
T01210,C0647,SKU_011,杯麵
T01210,C0647,SKU_022,巧克力
T01210,C0647,SKU_024,口香糖
T01211,C0882,SKU_007,可樂
T01211,C0882,SKU_008,醬油
T01211,C0882,SKU_017,蘋果
T01212,C0371,SKU_009,礦泉水
T01212,C0371,SKU_010,寶特瓶飲料
T01212,C0371,SKU_030,SKU_NEW_002
T01213,C0064,SKU_001,尿布
T01213,C0064,SKU_002,起司
T01213,C0064,SKU_003,啤酒
T01213,C0064,SKU_010,寶特瓶飲料
T01213,C0064,SKU_029,SKU_NEW_001
T01213,C0064,SKU_030,SKU_NEW_002
T01214,C0660,SKU_001,尿布
T01214,C0660,SKU_003,啤酒
T01214,C0660,SKU_004,紅酒
T01214,C0660,SKU_010,寶特瓶飲料
T01214,C0660,SKU_014,雪碧
T01214,C0660,SKU_017,蘋果
T01215,C1220,SKU_001,尿布
T01215,C1220,SKU_003,啤酒
T01215,C1220,SKU_008,醬油
T01215,C1220,SKU_013,果醬
T01215,C1220,SKU_027,洗髮精
T01216,C0734,SKU_002,起司
T01216,C0734,SKU_004,紅酒
T01216,C0734,SKU_006,米
T01216,C0734,SKU_007,可樂
T01216,C0734,SKU_008,醬油
T01216,C0734,SKU_010,寶特瓶飲料
T01216,C0734,SKU_022,巧克力
T01216,C0734,SKU_024,口香糖
T01217,C0131,SKU_009,礦泉水
T01217,C0131,SKU_010,寶特瓶飲料
T01217,C0131,SKU_011,杯麵
T01218,C0434,SKU_004,紅酒
T01218,C0434,SKU_007,可樂
T01218,C0434,SKU_009,礦泉水
T01219,C0558,SKU_005,塑膠袋
T01219,C0558,SKU_023,洋芋片
T01220,C0095,SKU_001,尿布
T01220,C0095,SKU_003,啤酒
T01220,C0095,SKU_005,塑膠袋
T01220,C0095,SKU_007,可樂
T01220,C0095,SKU_022,巧克力
T01220,C0095,SKU_027,洗髮精
T01221,C0302,SKU_001,尿布
T01221,C0302,SKU_003,啤酒
T01221,C0302,SKU_012,麵包
T01222,C0778,SKU_007,可樂
T01222,C0778,SKU_019,橘子
T01223,C0363,SKU_001,尿布
T01223,C0363,SKU_004,紅酒
T01223,C0363,SKU_006,米
T01223,C0363,SKU_008,醬油
T01223,C0363,SKU_010,寶特瓶飲料
T01223,C0363,SKU_025,衛生紙
T01223,C0363,SKU_030,SKU_NEW_002
T01224,C0591,SKU_007,可樂
T01224,C0591,SKU_023,洋芋片
T01225,C0697,SKU_008,醬油
T01225,C0697,SKU_010,寶特瓶飲料
T01225,C0697,SKU_027,洗髮精
T01225,C0697,SKU_028,茶包
T01226,C0321,SKU_002,起司
T01227,C0352,SKU_002,起司
T01227,C0352,SKU_004,紅酒
T01227,C0352,SKU_007,可樂
T01227,C0352,SKU_022,巧克力
T01228,C0980,SKU_006,米
T01228,C0980,SKU_008,醬油
T01228,C0980,SKU_010,寶特瓶飲料
T01228,C0980,SKU_029,SKU_NEW_001
T01229,C0557,SKU_005,塑膠袋
T01229,C0557,SKU_006,米
T01229,C0557,SKU_008,醬油
T01229,C0557,SKU_014,雪碧
T01230,C0452,SKU_001,尿布
T01230,C0452,SKU_009,礦泉水
T01231,C0136,SKU_007,可樂
T01231,C0136,SKU_009,礦泉水
T01231,C0136,SKU_014,雪碧
T01231,C0136,SKU_029,SKU_NEW_001
T01232,C0594,SKU_001,尿布
T01232,C0594,SKU_002,起司
T01232,C0594,SKU_003,啤酒
T01232,C0594,SKU_004,紅酒
T01232,C0594,SKU_005,塑膠袋
T01232,C0594,SKU_021,餅乾
T01233,C0577,SKU_008,醬油
T01233,C0577,SKU_010,寶特瓶飲料
T01233,C0577,SKU_028,茶包
T01233,C0577,SKU_029,SKU_NEW_001
T01234,C0171,SKU_011,杯麵
T01234,C0171,SKU_012,麵包
T01234,C0171,SKU_018,香蕉
T01235,C0093,SKU_001,尿布
T01235,C0093,SKU_009,礦泉水
T01236,C0598,SKU_002,起司
T01236,C0598,SKU_006,米
T01236,C0598,SKU_007,可樂
T01236,C0598,SKU_008,醬油
T01236,C0598,SKU_010,寶特瓶飲料
T01236,C0598,SKU_018,香蕉
T01236,C0598,SKU_020,葡萄
T01237,C0437,SKU_010,寶特瓶飲料
T01237,C0437,SKU_022,巧克力
T01237,C0437,SKU_026,牙膏
T01238,C0676,SKU_001,尿布
T01238,C0676,SKU_003,啤酒
T01238,C0676,SKU_009,礦泉水
T01238,C0676,SKU_010,寶特瓶飲料
T01239,C0330,SKU_007,可樂
T01240,C0351,SKU_001,尿布
T01240,C0351,SKU_003,啤酒
T01240,C0351,SKU_005,塑膠袋
T01240,C0351,SKU_022,巧克力
T01241,C0009,SKU_016,豆漿
T01241,C0009,SKU_021,餅乾
T01242,C1305,SKU_010,寶特瓶飲料
T01242,C1305,SKU_027,洗髮精
T01243,C0877,SKU_009,礦泉水
T01243,C0877,SKU_010,寶特瓶飲料
T01243,C0877,SKU_011,杯麵
T01244,C0326,SKU_001,尿布
T01244,C0326,SKU_004,紅酒
T01244,C0326,SKU_005,塑膠袋
T01244,C0326,SKU_010,寶特瓶飲料
T01244,C0326,SKU_019,橘子
T01245,C0654,SKU_005,塑膠袋
T01245,C0654,SKU_006,米
T01245,C0654,SKU_008,醬油
T01245,C0654,SKU_010,寶特瓶飲料
T01245,C0654,SKU_014,雪碧
T01245,C0654,SKU_026,牙膏
T01246,C0893,SKU_002,起司
T01246,C0893,SKU_004,紅酒
T01246,C0893,SKU_026,牙膏
T01247,C0383,SKU_008,醬油
T01247,C0383,SKU_018,香蕉
T01247,C0383,SKU_019,橘子
T01247,C0383,SKU_025,衛生紙
T01248,C0103,SKU_002,起司
T01248,C0103,SKU_004,紅酒
T01248,C0103,SKU_020,葡萄
T01249,C0050,SKU_004,紅酒
T01249,C0050,SKU_026,牙膏
T01250,C0711,SKU_002,起司
T01250,C0711,SKU_021,餅乾
T01250,C0711,SKU_026,牙膏
T01251,C0852,SKU_006,米
T01251,C0852,SKU_008,醬油
T01251,C0852,SKU_009,礦泉水
T01251,C0852,SKU_025,衛生紙
T01252,C0104,SKU_002,起司
T01252,C0104,SKU_004,紅酒
T01252,C0104,SKU_014,雪碧
T01252,C0104,SKU_019,橘子
T01252,C0104,SKU_023,洋芋片
T01253,C0116,SKU_011,杯麵
T01253,C0116,SKU_020,葡萄
T01253,C0116,SKU_023,洋芋片
T01253,C0116,SKU_030,SKU_NEW_002
T01254,C1354,SKU_002,起司
T01254,C1354,SKU_004,紅酒
T01254,C1354,SKU_005,塑膠袋
T01254,C1354,SKU_009,礦泉水
T01254,C1354,SKU_018,香蕉
T01255,C0854,SKU_001,尿布
T01255,C0854,SKU_003,啤酒
T01255,C0854,SKU_007,可樂
T01255,C0854,SKU_008,醬油
T01255,C0854,SKU_009,礦泉水
T01255,C0854,SKU_012,麵包
T01256,C0294,SKU_020,葡萄
T01257,C0873,SKU_001,尿布
T01257,C0873,SKU_006,米
T01257,C0873,SKU_008,醬油
T01257,C0873,SKU_009,礦泉水
T01257,C0873,SKU_010,寶特瓶飲料
T01257,C0873,SKU_026,牙膏
T01258,C0367,SKU_005,塑膠袋
T01258,C0367,SKU_027,洗髮精
T01259,C0083,SKU_001,尿布
T01259,C0083,SKU_003,啤酒
T01259,C0083,SKU_010,寶特瓶飲料
T01259,C0083,SKU_013,果醬
T01259,C0083,SKU_018,香蕉
T01259,C0083,SKU_029,SKU_NEW_001
T01260,C0215,SKU_007,可樂
T01260,C0215,SKU_018,香蕉
T01260,C0215,SKU_024,口香糖
T01260,C0215,SKU_025,衛生紙
T01261,C0503,SKU_002,起司
T01261,C0503,SKU_004,紅酒
T01261,C0503,SKU_008,醬油
T01261,C0503,SKU_016,豆漿
T01262,C1171,SKU_005,塑膠袋
T01262,C1171,SKU_027,洗髮精
T01263,C0097,SKU_001,尿布
T01263,C0097,SKU_003,啤酒
T01263,C0097,SKU_006,米
T01263,C0097,SKU_008,醬油
T01263,C0097,SKU_018,香蕉
T01263,C0097,SKU_023,洋芋片
T01263,C0097,SKU_027,洗髮精
T01264,C1325,SKU_001,尿布
T01264,C1325,SKU_024,口香糖
T01265,C0720,SKU_017,蘋果
T01266,C0721,SKU_005,塑膠袋
T01266,C0721,SKU_009,礦泉水
T01266,C0721,SKU_013,果醬
T01266,C0721,SKU_020,葡萄
T01266,C0721,SKU_029,SKU_NEW_001
T01267,C0506,SKU_006,米
T01267,C0506,SKU_014,雪碧
T01267,C0506,SKU_020,葡萄
T01268,C0152,SKU_005,塑膠袋
T01268,C0152,SKU_006,米
T01268,C0152,SKU_008,醬油
T01268,C0152,SKU_010,寶特瓶飲料
T01268,C0152,SKU_024,口香糖
T01268,C0152,SKU_029,SKU_NEW_001
T01269,C0131,SKU_001,尿布
T01269,C0131,SKU_002,起司
T01269,C0131,SKU_003,啤酒
T01269,C0131,SKU_004,紅酒
T01269,C0131,SKU_009,礦泉水
T01269,C0131,SKU_022,巧克力
T01269,C0131,SKU_026,牙膏
T01270,C0630,SKU_003,啤酒
T01270,C0630,SKU_006,米
T01270,C0630,SKU_025,衛生紙
T01270,C0630,SKU_026,牙膏
T01270,C0630,SKU_027,洗髮精
T01271,C0686,SKU_018,香蕉
T01271,C0686,SKU_024,口香糖
T01271,C0686,SKU_025,衛生紙
T01271,C0686,SKU_026,牙膏
T01272,C0973,SKU_001,尿布
T01272,C0973,SKU_009,礦泉水
T01273,C0523,SKU_005,塑膠袋
T01273,C0523,SKU_016,豆漿
T01274,C0831,SKU_019,橘子
T01274,C0831,SKU_022,巧克力
T01275,C0846,SKU_001,尿布
T01275,C0846,SKU_005,塑膠袋
T01275,C0846,SKU_007,可樂
T01275,C0846,SKU_009,礦泉水
T01275,C0846,SKU_020,葡萄
T01275,C0846,SKU_022,巧克力
T01275,C0846,SKU_030,SKU_NEW_002
T01276,C0588,SKU_004,紅酒
T01276,C0588,SKU_008,醬油
T01276,C0588,SKU_021,餅乾
T01276,C0588,SKU_024,口香糖
T01276,C0588,SKU_025,衛生紙
T01277,C0848,SKU_002,起司
T01277,C0848,SKU_003,啤酒
T01277,C0848,SKU_004,紅酒
T01277,C0848,SKU_019,橘子
T01278,C0670,SKU_010,寶特瓶飲料
T01278,C0670,SKU_029,SKU_NEW_001
T01279,C0193,SKU_019,橘子
T01280,C0683,SKU_001,尿布
T01280,C0683,SKU_004,紅酒
T01280,C0683,SKU_020,葡萄
T01280,C0683,SKU_026,牙膏
T01281,C0044,SKU_005,塑膠袋
T01281,C0044,SKU_020,葡萄
T01281,C0044,SKU_027,洗髮精
T01282,C0517,SKU_001,尿布
T01282,C0517,SKU_003,啤酒
T01282,C0517,SKU_013,果醬
T01283,C0139,SKU_006,米
T01284,C0375,SKU_002,起司
T01284,C0375,SKU_005,塑膠袋
T01284,C0375,SKU_029,SKU_NEW_001
T01284,C0375,SKU_030,SKU_NEW_002
T01285,C1348,SKU_001,尿布
T01285,C1348,SKU_003,啤酒
T01285,C1348,SKU_009,礦泉水
T01285,C1348,SKU_012,麵包
T01285,C1348,SKU_018,香蕉
T01286,C0612,SKU_002,起司
T01287,C0282,SKU_009,礦泉水
T01287,C0282,SKU_010,寶特瓶飲料
T01288,C0015,SKU_016,豆漿
T01288,C0015,SKU_029,SKU_NEW_001
T01289,C0320,SKU_010,寶特瓶飲料
T01289,C0320,SKU_023,洋芋片
T01289,C0320,SKU_027,洗髮精
T01289,C0320,SKU_029,SKU_NEW_001
T01290,C0510,SKU_007,可樂
T01290,C0510,SKU_019,橘子
T01290,C0510,SKU_024,口香糖
T01290,C0510,SKU_027,洗髮精
T01291,C0125,SKU_007,可樂
T01291,C0125,SKU_010,寶特瓶飲料
T01291,C0125,SKU_029,SKU_NEW_001
T01292,C1071,SKU_007,可樂
T01292,C1071,SKU_009,礦泉水
T01292,C1071,SKU_030,SKU_NEW_002
T01293,C1438,SKU_005,塑膠袋
T01293,C1438,SKU_008,醬油
T01293,C1438,SKU_009,礦泉水
T01293,C1438,SKU_015,牛奶
T01293,C1438,SKU_023,洋芋片
T01294,C0453,SKU_005,塑膠袋
T01294,C0453,SKU_007,可樂
T01294,C0453,SKU_009,礦泉水
T01295,C0143,SKU_007,可樂
T01295,C0143,SKU_010,寶特瓶飲料
T01295,C0143,SKU_021,餅乾
T01296,C0132,SKU_002,起司
T01296,C0132,SKU_004,紅酒
T01296,C0132,SKU_017,蘋果
T01296,C0132,SKU_020,葡萄
T01296,C0132,SKU_024,口香糖
T01296,C0132,SKU_027,洗髮精
T01297,C0550,SKU_005,塑膠袋
T01297,C0550,SKU_007,可樂
T01297,C0550,SKU_010,寶特瓶飲料
T01297,C0550,SKU_020,葡萄
T01298,C0455,SKU_017,蘋果
T01298,C0455,SKU_021,餅乾
T01298,C0455,SKU_023,洋芋片
T01298,C0455,SKU_026,牙膏
T01298,C0455,SKU_029,SKU_NEW_001
T01298,C0455,SKU_030,SKU_NEW_002
T01299,C0264,SKU_001,尿布
T01299,C0264,SKU_003,啤酒
T01299,C0264,SKU_012,麵包
T01299,C0264,SKU_017,蘋果
T01299,C0264,SKU_023,洋芋片
T01300,C1096,SKU_001,尿布
T01300,C1096,SKU_003,啤酒
T01300,C1096,SKU_017,蘋果
T01301,C0747,SKU_002,起司
T01301,C0747,SKU_003,啤酒
T01301,C0747,SKU_004,紅酒
T01301,C0747,SKU_010,寶特瓶飲料
T01301,C0747,SKU_012,麵包
T01302,C0480,SKU_005,塑膠袋
T01302,C0480,SKU_006,米
T01302,C0480,SKU_007,可樂
T01302,C0480,SKU_008,醬油
T01302,C0480,SKU_010,寶特瓶飲料
T01303,C0134,SKU_003,啤酒
T01303,C0134,SKU_009,礦泉水
T01303,C0134,SKU_019,橘子
T01304,C0583,SKU_002,起司
T01304,C0583,SKU_004,紅酒
T01304,C0583,SKU_005,塑膠袋
T01304,C0583,SKU_006,米
T01304,C0583,SKU_008,醬油
T01304,C0583,SKU_009,礦泉水
T01305,C0988,SKU_004,紅酒
T01305,C0988,SKU_006,米
T01305,C0988,SKU_010,寶特瓶飲料
T01305,C0988,SKU_012,麵包
T01305,C0988,SKU_021,餅乾
T01305,C0988,SKU_023,洋芋片
T01305,C0988,SKU_030,SKU_NEW_002
T01306,C0745,SKU_002,起司
T01306,C0745,SKU_004,紅酒
T01307,C1103,SKU_007,可樂
T01307,C1103,SKU_010,寶特瓶飲料
T01307,C1103,SKU_023,洋芋片
T01307,C1103,SKU_027,洗髮精
T01308,C1277,SKU_007,可樂
T01308,C1277,SKU_009,礦泉水
T01308,C1277,SKU_011,杯麵
T01308,C1277,SKU_028,茶包
T01309,C0968,SKU_005,塑膠袋
T01309,C0968,SKU_009,礦泉水
T01309,C0968,SKU_015,牛奶
T01310,C0853,SKU_005,塑膠袋
T01310,C0853,SKU_007,可樂
T01310,C0853,SKU_018,香蕉
T01310,C0853,SKU_025,衛生紙
T01311,C0836,SKU_006,米
T01311,C0836,SKU_009,礦泉水
T01311,C0836,SKU_020,葡萄
T01312,C0596,SKU_001,尿布
T01312,C0596,SKU_012,麵包
T01313,C0812,SKU_018,香蕉
T01313,C0812,SKU_029,SKU_NEW_001
T01313,C0812,SKU_030,SKU_NEW_002
T01314,C0737,SKU_007,可樂
T01314,C0737,SKU_012,麵包
T01314,C0737,SKU_017,蘋果
T01314,C0737,SKU_029,SKU_NEW_001
T01315,C0461,SKU_001,尿布
T01315,C0461,SKU_004,紅酒
T01315,C0461,SKU_005,塑膠袋
T01315,C0461,SKU_013,果醬
T01315,C0461,SKU_017,蘋果
T01316,C0011,SKU_002,起司
T01316,C0011,SKU_003,啤酒
T01316,C0011,SKU_009,礦泉水
T01316,C0011,SKU_025,衛生紙
T01317,C1109,SKU_001,尿布
T01317,C1109,SKU_003,啤酒
T01317,C1109,SKU_006,米
T01317,C1109,SKU_009,礦泉水
T01318,C0350,SKU_002,起司
T01318,C0350,SKU_003,啤酒
T01318,C0350,SKU_015,牛奶
T01318,C0350,SKU_022,巧克力
T01318,C0350,SKU_027,洗髮精
T01319,C0135,SKU_001,尿布
T01319,C0135,SKU_007,可樂
T01319,C0135,SKU_017,蘋果
T01319,C0135,SKU_025,衛生紙
T01319,C0135,SKU_026,牙膏
T01320,C0292,SKU_001,尿布
T01320,C0292,SKU_003,啤酒
T01320,C0292,SKU_005,塑膠袋
T01320,C0292,SKU_016,豆漿
T01320,C0292,SKU_024,口香糖
T01320,C0292,SKU_030,SKU_NEW_002
T01321,C1336,SKU_005,塑膠袋
T01321,C1336,SKU_006,米
T01321,C1336,SKU_008,醬油
T01321,C1336,SKU_009,礦泉水
T01321,C1336,SKU_024,口香糖
T01321,C1336,SKU_026,牙膏
T01322,C0818,SKU_008,醬油
T01322,C0818,SKU_011,杯麵
T01322,C0818,SKU_020,葡萄
T01323,C0035,SKU_001,尿布
T01323,C0035,SKU_018,香蕉
T01323,C0035,SKU_024,口香糖
T01324,C0748,SKU_001,尿布
T01324,C0748,SKU_003,啤酒
T01324,C0748,SKU_005,塑膠袋
T01325,C0094,SKU_001,尿布
T01325,C0094,SKU_002,起司
T01325,C0094,SKU_003,啤酒
T01325,C0094,SKU_004,紅酒
T01325,C0094,SKU_005,塑膠袋
T01325,C0094,SKU_010,寶特瓶飲料
T01325,C0094,SKU_011,杯麵
T01326,C0696,SKU_002,起司
T01326,C0696,SKU_004,紅酒
T01326,C0696,SKU_018,香蕉
T01326,C0696,SKU_020,葡萄
T01327,C0211,SKU_024,口香糖
T01327,C0211,SKU_025,衛生紙
T01327,C0211,SKU_029,SKU_NEW_001
T01328,C1196,SKU_002,起司
T01328,C1196,SKU_004,紅酒
T01328,C1196,SKU_009,礦泉水
T01328,C1196,SKU_029,SKU_NEW_001
T01329,C0474,SKU_009,礦泉水
T01329,C0474,SKU_011,杯麵
T01329,C0474,SKU_014,雪碧
T01329,C0474,SKU_024,口香糖
T01330,C0810,SKU_014,雪碧
T01331,C0534,SKU_001,尿布
T01331,C0534,SKU_004,紅酒
T01331,C0534,SKU_006,米
T01331,C0534,SKU_026,牙膏
T01332,C0195,SKU_001,尿布
T01332,C0195,SKU_003,啤酒
T01332,C0195,SKU_005,塑膠袋
T01332,C0195,SKU_014,雪碧
T01332,C0195,SKU_021,餅乾
T01333,C1046,SKU_003,啤酒
T01333,C1046,SKU_006,米
T01333,C1046,SKU_008,醬油
T01333,C1046,SKU_022,巧克力
T01334,C0915,SKU_001,尿布
T01334,C0915,SKU_005,塑膠袋
T01334,C0915,SKU_007,可樂
T01334,C0915,SKU_010,寶特瓶飲料
T01334,C0915,SKU_012,麵包
T01334,C0915,SKU_016,豆漿
T01335,C0519,SKU_003,啤酒
T01335,C0519,SKU_006,米
T01335,C0519,SKU_007,可樂
T01335,C0519,SKU_008,醬油
T01335,C0519,SKU_015,牛奶
T01336,C0658,SKU_005,塑膠袋
T01336,C0658,SKU_009,礦泉水
T01336,C0658,SKU_010,寶特瓶飲料
T01336,C0658,SKU_012,麵包
T01337,C0909,SKU_004,紅酒
T01337,C0909,SKU_010,寶特瓶飲料
T01338,C0548,SKU_004,紅酒
T01338,C0548,SKU_005,塑膠袋
T01338,C0548,SKU_020,葡萄
T01338,C0548,SKU_029,SKU_NEW_001
T01339,C0793,SKU_005,塑膠袋
T01339,C0793,SKU_013,果醬
T01339,C0793,SKU_018,香蕉
T01339,C0793,SKU_028,茶包
T01340,C0685,SKU_006,米
T01340,C0685,SKU_007,可樂
T01340,C0685,SKU_014,雪碧
T01341,C0107,SKU_007,可樂
T01341,C0107,SKU_010,寶特瓶飲料
T01341,C0107,SKU_015,牛奶
T01341,C0107,SKU_016,豆漿
T01341,C0107,SKU_025,衛生紙
T01342,C0214,SKU_004,紅酒
T01342,C0214,SKU_019,橘子
T01342,C0214,SKU_021,餅乾
T01342,C0214,SKU_025,衛生紙
T01343,C0412,SKU_024,口香糖
T01343,C0412,SKU_026,牙膏
T01344,C0114,SKU_004,紅酒
T01344,C0114,SKU_006,米
T01344,C0114,SKU_008,醬油
T01344,C0114,SKU_023,洋芋片
T01344,C0114,SKU_024,口香糖
T01345,C0080,SKU_007,可樂
T01345,C0080,SKU_018,香蕉
T01345,C0080,SKU_025,衛生紙
T01346,C1142,SKU_008,醬油
T01346,C1142,SKU_029,SKU_NEW_001
T01347,C1170,SKU_001,尿布
T01347,C1170,SKU_003,啤酒
T01347,C1170,SKU_008,醬油
T01348,C0005,SKU_002,起司
T01348,C0005,SKU_005,塑膠袋
T01348,C0005,SKU_006,米
T01348,C0005,SKU_008,醬油
T01348,C0005,SKU_012,麵包
T01349,C0137,SKU_002,起司
T01349,C0137,SKU_004,紅酒
T01349,C0137,SKU_006,米
T01349,C0137,SKU_008,醬油
T01349,C0137,SKU_011,杯麵
T01349,C0137,SKU_020,葡萄
T01349,C0137,SKU_024,口香糖
T01349,C0137,SKU_030,SKU_NEW_002
T01350,C1091,SKU_004,紅酒
T01350,C1091,SKU_005,塑膠袋
T01350,C1091,SKU_006,米
T01350,C1091,SKU_013,果醬
T01350,C1091,SKU_027,洗髮精
T01351,C0048,SKU_007,可樂
T01351,C0048,SKU_019,橘子
T01351,C0048,SKU_020,葡萄
T01352,C0547,SKU_005,塑膠袋
T01352,C0547,SKU_022,巧克力
T01352,C0547,SKU_024,口香糖
T01353,C0478,SKU_023,洋芋片
T01354,C0370,SKU_006,米
T01354,C0370,SKU_008,醬油
T01354,C0370,SKU_018,香蕉
T01354,C0370,SKU_025,衛生紙
T01355,C0188,SKU_009,礦泉水
T01355,C0188,SKU_019,橘子
T01355,C0188,SKU_020,葡萄
T01355,C0188,SKU_025,衛生紙
T01356,C0042,SKU_001,尿布
T01356,C0042,SKU_003,啤酒
T01356,C0042,SKU_007,可樂
T01356,C0042,SKU_020,葡萄
T01356,C0042,SKU_029,SKU_NEW_001
T01357,C0048,SKU_005,塑膠袋
T01357,C0048,SKU_010,寶特瓶飲料
T01357,C0048,SKU_026,牙膏
T01358,C0802,SKU_009,礦泉水
T01358,C0802,SKU_010,寶特瓶飲料
T01358,C0802,SKU_019,橘子
T01359,C0886,SKU_009,礦泉水
T01359,C0886,SKU_013,果醬
T01359,C0886,SKU_017,蘋果
T01359,C0886,SKU_025,衛生紙
T01360,C0007,SKU_002,起司
T01360,C0007,SKU_004,紅酒
T01360,C0007,SKU_020,葡萄
T01360,C0007,SKU_021,餅乾
T01361,C0083,SKU_008,醬油
T01361,C0083,SKU_012,麵包
T01361,C0083,SKU_023,洋芋片
T01362,C0157,SKU_001,尿布
T01362,C0157,SKU_003,啤酒
T01362,C0157,SKU_006,米
T01362,C0157,SKU_007,可樂
T01362,C0157,SKU_009,礦泉水
T01362,C0157,SKU_010,寶特瓶飲料
T01362,C0157,SKU_014,雪碧
T01362,C0157,SKU_015,牛奶
T01362,C0157,SKU_021,餅乾
T01363,C0417,SKU_005,塑膠袋
T01363,C0417,SKU_006,米
T01363,C0417,SKU_009,礦泉水
T01363,C0417,SKU_029,SKU_NEW_001
T01364,C0007,SKU_017,蘋果
T01364,C0007,SKU_029,SKU_NEW_001
T01365,C0814,SKU_015,牛奶
T01366,C0363,SKU_011,杯麵
T01366,C0363,SKU_027,洗髮精
T01367,C1288,SKU_002,起司
T01367,C1288,SKU_003,啤酒
T01367,C1288,SKU_004,紅酒
T01367,C1288,SKU_010,寶特瓶飲料
T01367,C1288,SKU_023,洋芋片
T01368,C0593,SKU_001,尿布
T01368,C0593,SKU_003,啤酒
T01368,C0593,SKU_006,米
T01368,C0593,SKU_009,礦泉水
T01368,C0593,SKU_013,果醬
T01368,C0593,SKU_028,茶包
T01369,C0637,SKU_004,紅酒
T01369,C0637,SKU_010,寶特瓶飲料
T01369,C0637,SKU_011,杯麵
T01369,C0637,SKU_017,蘋果
T01370,C0252,SKU_002,起司
T01370,C0252,SKU_004,紅酒
T01370,C0252,SKU_005,塑膠袋
T01370,C0252,SKU_007,可樂
T01370,C0252,SKU_010,寶特瓶飲料
T01370,C0252,SKU_013,果醬
T01371,C0886,SKU_002,起司
T01371,C0886,SKU_003,啤酒
T01371,C0886,SKU_011,杯麵
T01371,C0886,SKU_024,口香糖
T01372,C0429,SKU_003,啤酒
T01372,C0429,SKU_004,紅酒
T01372,C0429,SKU_005,塑膠袋
T01372,C0429,SKU_008,醬油
T01372,C0429,SKU_018,香蕉
T01373,C0371,SKU_005,塑膠袋
T01373,C0371,SKU_016,豆漿
T01374,C0276,SKU_001,尿布
T01374,C0276,SKU_003,啤酒
T01374,C0276,SKU_007,可樂
T01374,C0276,SKU_010,寶特瓶飲料
T01374,C0276,SKU_027,洗髮精
T01375,C0375,SKU_001,尿布
T01375,C0375,SKU_003,啤酒
T01375,C0375,SKU_005,塑膠袋
T01375,C0375,SKU_010,寶特瓶飲料
T01375,C0375,SKU_014,雪碧
T01375,C0375,SKU_018,香蕉
T01375,C0375,SKU_021,餅乾
T01376,C0141,SKU_004,紅酒
T01376,C0141,SKU_009,礦泉水
T01376,C0141,SKU_013,果醬
T01376,C0141,SKU_020,葡萄
T01377,C0782,SKU_001,尿布
T01377,C0782,SKU_003,啤酒
T01377,C0782,SKU_019,橘子
T01377,C0782,SKU_027,洗髮精
T01378,C0437,SKU_016,豆漿
T01378,C0437,SKU_021,餅乾
T01378,C0437,SKU_029,SKU_NEW_001
T01379,C0423,SKU_005,塑膠袋
T01379,C0423,SKU_007,可樂
T01379,C0423,SKU_008,醬油
T01379,C0423,SKU_010,寶特瓶飲料
T01379,C0423,SKU_021,餅乾
T01380,C0630,SKU_008,醬油
T01380,C0630,SKU_030,SKU_NEW_002
T01381,C1000,SKU_003,啤酒
T01381,C1000,SKU_014,雪碧
T01381,C1000,SKU_015,牛奶
T01381,C1000,SKU_016,豆漿
T01381,C1000,SKU_023,洋芋片
T01381,C1000,SKU_028,茶包
T01382,C0010,SKU_015,牛奶
T01382,C0010,SKU_022,巧克力
T01382,C0010,SKU_023,洋芋片
T01382,C0010,SKU_030,SKU_NEW_002
T01383,C0860,SKU_001,尿布
T01383,C0860,SKU_003,啤酒
T01383,C0860,SKU_005,塑膠袋
T01383,C0860,SKU_007,可樂
T01384,C0251,SKU_003,啤酒
T01384,C0251,SKU_005,塑膠袋
T01384,C0251,SKU_009,礦泉水
T01384,C0251,SKU_014,雪碧
T01384,C0251,SKU_015,牛奶
T01384,C0251,SKU_017,蘋果
T01384,C0251,SKU_024,口香糖
T01385,C0810,SKU_003,啤酒
T01385,C0810,SKU_009,礦泉水
T01386,C0865,SKU_023,洋芋片
T01386,C0865,SKU_030,SKU_NEW_002
T01387,C0792,SKU_001,尿布
T01387,C0792,SKU_003,啤酒
T01387,C0792,SKU_005,塑膠袋
T01387,C0792,SKU_018,香蕉
T01387,C0792,SKU_028,茶包
T01388,C0108,SKU_001,尿布
T01388,C0108,SKU_010,寶特瓶飲料
T01388,C0108,SKU_023,洋芋片
T01388,C0108,SKU_024,口香糖
T01388,C0108,SKU_025,衛生紙
T01389,C1326,SKU_005,塑膠袋
T01389,C1326,SKU_006,米
T01389,C1326,SKU_020,葡萄
T01389,C1326,SKU_021,餅乾
T01390,C0219,SKU_020,葡萄
T01390,C0219,SKU_021,餅乾
T01390,C0219,SKU_028,茶包
T01391,C0253,SKU_001,尿布
T01391,C0253,SKU_007,可樂
T01391,C0253,SKU_014,雪碧
T01392,C0182,SKU_003,啤酒
T01392,C0182,SKU_007,可樂
T01392,C0182,SKU_025,衛生紙
T01392,C0182,SKU_028,茶包
T01393,C0638,SKU_005,塑膠袋
T01393,C0638,SKU_006,米
T01393,C0638,SKU_008,醬油
T01393,C0638,SKU_009,礦泉水
T01393,C0638,SKU_023,洋芋片
T01393,C0638,SKU_030,SKU_NEW_002
T01394,C0386,SKU_001,尿布
T01394,C0386,SKU_002,起司
T01394,C0386,SKU_003,啤酒
T01394,C0386,SKU_004,紅酒
T01394,C0386,SKU_021,餅乾
T01394,C0386,SKU_025,衛生紙
T01395,C0079,SKU_001,尿布
T01395,C0079,SKU_003,啤酒
T01395,C0079,SKU_010,寶特瓶飲料
T01396,C0687,SKU_003,啤酒
T01396,C0687,SKU_009,礦泉水
T01396,C0687,SKU_022,巧克力
T01396,C0687,SKU_023,洋芋片
T01397,C0266,SKU_014,雪碧
T01397,C0266,SKU_018,香蕉
T01397,C0266,SKU_029,SKU_NEW_001
T01397,C0266,SKU_030,SKU_NEW_002
T01398,C0070,SKU_007,可樂
T01398,C0070,SKU_009,礦泉水
T01398,C0070,SKU_013,果醬
T01399,C1025,SKU_013,果醬
T01399,C1025,SKU_016,豆漿
T01400,C0443,SKU_009,礦泉水
T01401,C1087,SKU_009,礦泉水
T01401,C1087,SKU_010,寶特瓶飲料
T01401,C1087,SKU_015,牛奶
T01401,C1087,SKU_027,洗髮精
T01402,C0031,SKU_004,紅酒
T01402,C0031,SKU_006,米
T01402,C0031,SKU_029,SKU_NEW_001
T01403,C0122,SKU_002,起司
T01403,C0122,SKU_006,米
T01403,C0122,SKU_008,醬油
T01403,C0122,SKU_016,豆漿
T01403,C0122,SKU_019,橘子
T01403,C0122,SKU_020,葡萄
T01404,C0773,SKU_008,醬油
T01404,C0773,SKU_009,礦泉水
T01404,C0773,SKU_020,葡萄
T01405,C0751,SKU_002,起司
T01405,C0751,SKU_006,米
T01405,C0751,SKU_008,醬油
T01405,C0751,SKU_027,洗髮精
T01406,C0388,SKU_006,米
T01406,C0388,SKU_008,醬油
T01406,C0388,SKU_010,寶特瓶飲料
T01406,C0388,SKU_013,果醬
T01406,C0388,SKU_014,雪碧
T01407,C0755,SKU_010,寶特瓶飲料
T01407,C0755,SKU_022,巧克力
T01408,C0135,SKU_001,尿布
T01408,C0135,SKU_009,礦泉水
T01408,C0135,SKU_028,茶包
T01409,C0923,SKU_001,尿布
T01409,C0923,SKU_003,啤酒
T01409,C0923,SKU_006,米
T01409,C0923,SKU_007,可樂
T01409,C0923,SKU_008,醬油
T01409,C0923,SKU_010,寶特瓶飲料
T01409,C0923,SKU_019,橘子
T01410,C0739,SKU_002,起司
T01410,C0739,SKU_004,紅酒
T01410,C0739,SKU_006,米
T01410,C0739,SKU_008,醬油
T01410,C0739,SKU_010,寶特瓶飲料
T01411,C0031,SKU_010,寶特瓶飲料
T01411,C0031,SKU_019,橘子
T01411,C0031,SKU_022,巧克力
T01412,C0105,SKU_002,起司
T01412,C0105,SKU_004,紅酒
T01412,C0105,SKU_007,可樂
T01412,C0105,SKU_009,礦泉水
T01412,C0105,SKU_019,橘子
T01413,C0885,SKU_010,寶特瓶飲料
T01413,C0885,SKU_018,香蕉
T01413,C0885,SKU_023,洋芋片
T01413,C0885,SKU_030,SKU_NEW_002
T01414,C0061,SKU_002,起司
T01414,C0061,SKU_015,牛奶
T01414,C0061,SKU_025,衛生紙
T01414,C0061,SKU_029,SKU_NEW_001
T01415,C1068,SKU_003,啤酒
T01415,C1068,SKU_004,紅酒
T01415,C1068,SKU_012,麵包
T01415,C1068,SKU_014,雪碧
T01416,C0765,SKU_002,起司
T01416,C0765,SKU_003,啤酒
T01416,C0765,SKU_004,紅酒
T01416,C0765,SKU_024,口香糖
T01417,C0473,SKU_010,寶特瓶飲料
T01417,C0473,SKU_027,洗髮精
T01418,C0491,SKU_001,尿布
T01418,C0491,SKU_003,啤酒
T01418,C0491,SKU_009,礦泉水
T01418,C0491,SKU_018,香蕉
T01419,C0729,SKU_003,啤酒
T01419,C0729,SKU_006,米
T01419,C0729,SKU_008,醬油
T01420,C0861,SKU_006,米
T01420,C0861,SKU_008,醬油
T01420,C0861,SKU_018,香蕉
T01420,C0861,SKU_020,葡萄
T01420,C0861,SKU_022,巧克力
T01421,C0713,SKU_005,塑膠袋
T01421,C0713,SKU_007,可樂
T01421,C0713,SKU_010,寶特瓶飲料
T01421,C0713,SKU_016,豆漿
T01421,C0713,SKU_018,香蕉
T01421,C0713,SKU_025,衛生紙
T01422,C1179,SKU_009,礦泉水
T01422,C1179,SKU_013,果醬
T01422,C1179,SKU_027,洗髮精
T01423,C0367,SKU_008,醬油
T01423,C0367,SKU_011,杯麵
T01423,C0367,SKU_012,麵包
T01423,C0367,SKU_025,衛生紙
T01424,C0278,SKU_002,起司
T01424,C0278,SKU_004,紅酒
T01424,C0278,SKU_013,果醬
T01424,C0278,SKU_017,蘋果
T01424,C0278,SKU_029,SKU_NEW_001
T01425,C0149,SKU_002,起司
T01425,C0149,SKU_004,紅酒
T01425,C0149,SKU_006,米
T01425,C0149,SKU_007,可樂
T01425,C0149,SKU_008,醬油
T01425,C0149,SKU_014,雪碧
T01425,C0149,SKU_026,牙膏
T01425,C0149,SKU_028,茶包
T01426,C0915,SKU_001,尿布
T01426,C0915,SKU_005,塑膠袋
T01426,C0915,SKU_010,寶特瓶飲料
T01426,C0915,SKU_027,洗髮精
T01427,C0080,SKU_013,果醬
T01427,C0080,SKU_025,衛生紙
T01428,C0574,SKU_002,起司
T01428,C0574,SKU_004,紅酒
T01428,C0574,SKU_007,可樂
T01428,C0574,SKU_008,醬油
T01429,C1209,SKU_005,塑膠袋
T01429,C1209,SKU_008,醬油
T01429,C1209,SKU_022,巧克力
T01429,C1209,SKU_025,衛生紙
T01430,C0134,SKU_005,塑膠袋
T01430,C0134,SKU_011,杯麵
T01431,C0535,SKU_009,礦泉水
T01431,C0535,SKU_010,寶特瓶飲料
T01432,C1099,SKU_004,紅酒
T01432,C1099,SKU_010,寶特瓶飲料
T01432,C1099,SKU_015,牛奶
T01432,C1099,SKU_021,餅乾
T01433,C1354,SKU_004,紅酒
T01433,C1354,SKU_010,寶特瓶飲料
T01434,C0891,SKU_004,紅酒
T01434,C0891,SKU_005,塑膠袋
T01434,C0891,SKU_007,可樂
T01434,C0891,SKU_011,杯麵
T01434,C0891,SKU_021,餅乾
T01434,C0891,SKU_028,茶包
T01435,C0111,SKU_001,尿布
T01435,C0111,SKU_003,啤酒
T01435,C0111,SKU_010,寶特瓶飲料
T01435,C0111,SKU_012,麵包
T01435,C0111,SKU_013,果醬
T01435,C0111,SKU_017,蘋果
T01435,C0111,SKU_030,SKU_NEW_002
T01436,C0515,SKU_001,尿布
T01436,C0515,SKU_005,塑膠袋
T01436,C0515,SKU_009,礦泉水
T01436,C0515,SKU_019,橘子
T01436,C0515,SKU_023,洋芋片
T01436,C0515,SKU_029,SKU_NEW_001
T01437,C0763,SKU_007,可樂
T01437,C0763,SKU_022,巧克力
T01437,C0763,SKU_023,洋芋片
T01437,C0763,SKU_028,茶包
T01438,C0765,SKU_003,啤酒
T01438,C0765,SKU_005,塑膠袋
T01438,C0765,SKU_006,米
T01438,C0765,SKU_008,醬油
T01438,C0765,SKU_016,豆漿
T01438,C0765,SKU_020,葡萄
T01439,C0608,SKU_002,起司
T01439,C0608,SKU_008,醬油
T01439,C0608,SKU_012,麵包
T01439,C0608,SKU_021,餅乾
T01439,C0608,SKU_024,口香糖
T01440,C0386,SKU_002,起司
T01440,C0386,SKU_004,紅酒
T01440,C0386,SKU_005,塑膠袋
T01440,C0386,SKU_007,可樂
T01440,C0386,SKU_014,雪碧
T01440,C0386,SKU_030,SKU_NEW_002
T01441,C0618,SKU_008,醬油
T01442,C0547,SKU_006,米
T01442,C0547,SKU_007,可樂
T01442,C0547,SKU_008,醬油
T01442,C0547,SKU_009,礦泉水
T01442,C0547,SKU_018,香蕉
T01442,C0547,SKU_029,SKU_NEW_001
T01443,C0209,SKU_003,啤酒
T01443,C0209,SKU_005,塑膠袋
T01443,C0209,SKU_019,橘子
T01443,C0209,SKU_024,口香糖
T01444,C0148,SKU_006,米
T01444,C0148,SKU_008,醬油
T01444,C0148,SKU_015,牛奶
T01444,C0148,SKU_027,洗髮精
T01445,C0028,SKU_005,塑膠袋
T01445,C0028,SKU_022,巧克力
T01445,C0028,SKU_025,衛生紙
T01446,C0391,SKU_008,醬油
T01446,C0391,SKU_024,口香糖
T01447,C0626,SKU_019,橘子
T01447,C0626,SKU_029,SKU_NEW_001
T01448,C0035,SKU_001,尿布
T01448,C0035,SKU_002,起司
T01448,C0035,SKU_016,豆漿
T01449,C0385,SKU_004,紅酒
T01449,C0385,SKU_008,醬油
T01449,C0385,SKU_024,口香糖
T01450,C1346,SKU_004,紅酒
T01450,C1346,SKU_009,礦泉水
T01450,C1346,SKU_027,洗髮精
T01451,C0575,SKU_002,起司
T01451,C0575,SKU_004,紅酒
T01451,C0575,SKU_006,米
T01451,C0575,SKU_009,礦泉水
T01451,C0575,SKU_010,寶特瓶飲料
T01451,C0575,SKU_017,蘋果
T01451,C0575,SKU_025,衛生紙
T01452,C0031,SKU_001,尿布
T01452,C0031,SKU_006,米
T01452,C0031,SKU_008,醬油
T01453,C0613,SKU_001,尿布
T01453,C0613,SKU_003,啤酒
T01453,C0613,SKU_024,口香糖
T01454,C0446,SKU_028,茶包
T01455,C0349,SKU_004,紅酒
T01455,C0349,SKU_015,牛奶
T01456,C0100,SKU_020,葡萄
T01457,C0434,SKU_007,可樂
T01457,C0434,SKU_009,礦泉水
T01457,C0434,SKU_012,麵包
T01457,C0434,SKU_014,雪碧
T01457,C0434,SKU_016,豆漿
T01457,C0434,SKU_017,蘋果
T01457,C0434,SKU_026,牙膏
T01457,C0434,SKU_027,洗髮精
T01458,C0882,SKU_005,塑膠袋
T01458,C0882,SKU_006,米
T01458,C0882,SKU_007,可樂
T01458,C0882,SKU_008,醬油
T01458,C0882,SKU_009,礦泉水
T01458,C0882,SKU_010,寶特瓶飲料
T01458,C0882,SKU_011,杯麵
T01458,C0882,SKU_017,蘋果
T01459,C0961,SKU_013,果醬
T01459,C0961,SKU_015,牛奶
T01459,C0961,SKU_030,SKU_NEW_002
T01460,C0854,SKU_002,起司
T01460,C0854,SKU_004,紅酒
T01460,C0854,SKU_006,米
T01460,C0854,SKU_009,礦泉水
T01460,C0854,SKU_010,寶特瓶飲料
T01460,C0854,SKU_018,香蕉
T01461,C0167,SKU_005,塑膠袋
T01461,C0167,SKU_011,杯麵
T01461,C0167,SKU_016,豆漿
T01461,C0167,SKU_022,巧克力
T01461,C0167,SKU_030,SKU_NEW_002
T01462,C1171,SKU_003,啤酒
T01462,C1171,SKU_009,礦泉水
T01463,C0672,SKU_002,起司
T01463,C0672,SKU_004,紅酒
T01463,C0672,SKU_010,寶特瓶飲料
T01463,C0672,SKU_020,葡萄
T01463,C0672,SKU_027,洗髮精
T01464,C0101,SKU_004,紅酒
T01465,C0224,SKU_008,醬油
T01465,C0224,SKU_009,礦泉水
T01465,C0224,SKU_010,寶特瓶飲料
T01465,C0224,SKU_019,橘子
T01466,C0478,SKU_007,可樂
T01466,C0478,SKU_024,口香糖
T01467,C0148,SKU_004,紅酒
T01467,C0148,SKU_015,牛奶
T01467,C0148,SKU_019,橘子
T01467,C0148,SKU_027,洗髮精
T01468,C0784,SKU_021,餅乾
T01468,C0784,SKU_024,口香糖
T01469,C0112,SKU_001,尿布
T01469,C0112,SKU_002,起司
T01469,C0112,SKU_003,啤酒
T01469,C0112,SKU_004,紅酒
T01469,C0112,SKU_007,可樂
T01469,C0112,SKU_011,杯麵
T01470,C0183,SKU_004,紅酒
T01470,C0183,SKU_005,塑膠袋
T01470,C0183,SKU_010,寶特瓶飲料
T01471,C0843,SKU_007,可樂
T01471,C0843,SKU_015,牛奶
T01471,C0843,SKU_029,SKU_NEW_001
T01472,C0164,SKU_007,可樂
T01472,C0164,SKU_013,果醬
T01472,C0164,SKU_021,餅乾
T01473,C0593,SKU_008,醬油
T01473,C0593,SKU_009,礦泉水
T01473,C0593,SKU_021,餅乾
T01474,C0268,SKU_007,可樂
T01475,C0226,SKU_001,尿布
T01475,C0226,SKU_003,啤酒
T01475,C0226,SKU_009,礦泉水
T01476,C0163,SKU_028,茶包
T01476,C0163,SKU_030,SKU_NEW_002
T01477,C0826,SKU_009,礦泉水
T01477,C0826,SKU_024,口香糖
T01477,C0826,SKU_025,衛生紙
T01477,C0826,SKU_027,洗髮精
T01478,C0849,SKU_003,啤酒
T01478,C0849,SKU_008,醬油
T01478,C0849,SKU_018,香蕉
T01478,C0849,SKU_023,洋芋片
T01479,C0385,SKU_010,寶特瓶飲料
T01479,C0385,SKU_013,果醬
T01479,C0385,SKU_029,SKU_NEW_001
T01480,C1180,SKU_009,礦泉水
T01480,C1180,SKU_015,牛奶
T01481,C0200,SKU_001,尿布
T01481,C0200,SKU_007,可樂
T01481,C0200,SKU_018,香蕉
T01481,C0200,SKU_019,橘子
T01481,C0200,SKU_028,茶包
T01482,C1204,SKU_001,尿布
T01482,C1204,SKU_003,啤酒
T01482,C1204,SKU_010,寶特瓶飲料
T01482,C1204,SKU_020,葡萄
T01483,C0829,SKU_005,塑膠袋
T01483,C0829,SKU_006,米
T01483,C0829,SKU_008,醬油
T01483,C0829,SKU_010,寶特瓶飲料
T01483,C0829,SKU_026,牙膏
T01483,C0829,SKU_027,洗髮精
T01484,C0498,SKU_002,起司
T01484,C0498,SKU_004,紅酒
T01484,C0498,SKU_013,果醬
T01484,C0498,SKU_019,橘子
T01485,C0590,SKU_009,礦泉水
T01485,C0590,SKU_014,雪碧
T01486,C1403,SKU_001,尿布
T01486,C1403,SKU_005,塑膠袋
T01486,C1403,SKU_007,可樂
T01486,C1403,SKU_015,牛奶
T01486,C1403,SKU_018,香蕉
T01487,C1023,SKU_005,塑膠袋
T01487,C1023,SKU_013,果醬
T01487,C1023,SKU_025,衛生紙
T01487,C1023,SKU_026,牙膏
T01487,C1023,SKU_027,洗髮精
T01488,C1347,SKU_014,雪碧
T01488,C1347,SKU_015,牛奶
T01489,C1331,SKU_011,杯麵
T01489,C1331,SKU_013,果醬
T01489,C1331,SKU_027,洗髮精
T01490,C0408,SKU_002,起司
T01490,C0408,SKU_004,紅酒
T01490,C0408,SKU_006,米
T01490,C0408,SKU_022,巧克力
T01490,C0408,SKU_027,洗髮精
T01491,C0438,SKU_024,口香糖
T01491,C0438,SKU_025,衛生紙
T01492,C0353,SKU_011,杯麵
T01492,C0353,SKU_019,橘子
T01492,C0353,SKU_030,SKU_NEW_002
T01493,C1023,SKU_006,米
T01493,C1023,SKU_008,醬油
T01493,C1023,SKU_020,葡萄
T01494,C1099,SKU_009,礦泉水
T01494,C1099,SKU_010,寶特瓶飲料
T01494,C1099,SKU_022,巧克力
T01495,C0043,SKU_001,尿布
T01495,C0043,SKU_003,啤酒
T01495,C0043,SKU_006,米
T01495,C0043,SKU_008,醬油
T01495,C0043,SKU_014,雪碧
T01495,C0043,SKU_020,葡萄
T01495,C0043,SKU_024,口香糖
T01495,C0043,SKU_026,牙膏
T01495,C0043,SKU_028,茶包
T01495,C0043,SKU_030,SKU_NEW_002
T01496,C0133,SKU_002,起司
T01496,C0133,SKU_004,紅酒
T01496,C0133,SKU_009,礦泉水
T01496,C0133,SKU_024,口香糖
T01496,C0133,SKU_025,衛生紙
T01497,C0114,SKU_004,紅酒
T01497,C0114,SKU_005,塑膠袋
T01497,C0114,SKU_007,可樂
T01497,C0114,SKU_010,寶特瓶飲料
T01497,C0114,SKU_013,果醬
T01497,C0114,SKU_019,橘子
T01497,C0114,SKU_023,洋芋片
T01497,C0114,SKU_028,茶包
T01498,C0857,SKU_016,豆漿
T01499,C0323,SKU_010,寶特瓶飲料
T01499,C0323,SKU_023,洋芋片
T01499,C0323,SKU_027,洗髮精
T01500,C1251,SKU_013,果醬
T01500,C1251,SKU_018,香蕉
T01500,C1251,SKU_019,橘子
T01501,C0908,SKU_001,尿布
T01501,C0908,SKU_002,起司
T01501,C0908,SKU_003,啤酒
T01501,C0908,SKU_006,米
T01501,C0908,SKU_008,醬油
T01501,C0908,SKU_009,礦泉水
T01501,C0908,SKU_010,寶特瓶飲料
T01501,C0908,SKU_012,麵包
T01501,C0908,SKU_013,果醬
T01501,C0908,SKU_030,SKU_NEW_002
T01502,C0988,SKU_001,尿布
T01502,C0988,SKU_003,啤酒
T01502,C0988,SKU_004,紅酒
T01502,C0988,SKU_006,米
T01502,C0988,SKU_008,醬油
T01502,C0988,SKU_009,礦泉水
T01502,C0988,SKU_010,寶特瓶飲料
T01503,C0488,SKU_014,雪碧
T01503,C0488,SKU_020,葡萄
T01503,C0488,SKU_025,衛生紙
T01504,C0142,SKU_001,尿布
T01504,C0142,SKU_005,塑膠袋
T01504,C0142,SKU_006,米
T01504,C0142,SKU_029,SKU_NEW_001
T01505,C0305,SKU_005,塑膠袋
T01505,C0305,SKU_009,礦泉水
T01505,C0305,SKU_010,寶特瓶飲料
T01505,C0305,SKU_027,洗髮精
T01506,C0149,SKU_002,起司
T01506,C0149,SKU_004,紅酒
T01506,C0149,SKU_005,塑膠袋
T01506,C0149,SKU_006,米
T01506,C0149,SKU_007,可樂
T01506,C0149,SKU_012,麵包
T01506,C0149,SKU_026,牙膏
T01507,C0381,SKU_002,起司
T01507,C0381,SKU_004,紅酒
T01507,C0381,SKU_008,醬油
T01508,C0116,SKU_013,果醬
T01508,C0116,SKU_027,洗髮精
T01509,C0117,SKU_004,紅酒
T01509,C0117,SKU_007,可樂
T01509,C0117,SKU_019,橘子
T01509,C0117,SKU_021,餅乾
T01510,C0130,SKU_002,起司
T01510,C0130,SKU_006,米
T01510,C0130,SKU_008,醬油
T01510,C0130,SKU_009,礦泉水
T01511,C0633,SKU_002,起司
T01511,C0633,SKU_004,紅酒
T01511,C0633,SKU_006,米
T01511,C0633,SKU_007,可樂
T01511,C0633,SKU_008,醬油
T01511,C0633,SKU_018,香蕉
T01512,C0047,SKU_001,尿布
T01512,C0047,SKU_003,啤酒
T01512,C0047,SKU_005,塑膠袋
T01512,C0047,SKU_010,寶特瓶飲料
T01512,C0047,SKU_022,巧克力
T01512,C0047,SKU_025,衛生紙
T01512,C0047,SKU_026,牙膏
T01513,C0873,SKU_001,尿布
T01513,C0873,SKU_005,塑膠袋
T01513,C0873,SKU_008,醬油
T01513,C0873,SKU_015,牛奶
T01513,C0873,SKU_019,橘子
T01513,C0873,SKU_022,巧克力
T01513,C0873,SKU_029,SKU_NEW_001
T01513,C0873,SKU_030,SKU_NEW_002
T01514,C0200,SKU_002,起司
T01514,C0200,SKU_004,紅酒
T01514,C0200,SKU_007,可樂
T01514,C0200,SKU_015,牛奶
T01514,C0200,SKU_022,巧克力
T01515,C0729,SKU_001,尿布
T01515,C0729,SKU_018,香蕉
T01516,C0270,SKU_001,尿布
T01516,C0270,SKU_003,啤酒
T01516,C0270,SKU_006,米
T01516,C0270,SKU_008,醬油
T01517,C0016,SKU_006,米
T01517,C0016,SKU_008,醬油
T01517,C0016,SKU_010,寶特瓶飲料
T01517,C0016,SKU_021,餅乾
T01517,C0016,SKU_027,洗髮精
T01518,C0635,SKU_001,尿布
T01518,C0635,SKU_003,啤酒
T01518,C0635,SKU_009,礦泉水
T01518,C0635,SKU_025,衛生紙
T01519,C1437,SKU_005,塑膠袋
T01519,C1437,SKU_024,口香糖
T01520,C0811,SKU_007,可樂
T01520,C0811,SKU_013,果醬
T01520,C0811,SKU_017,蘋果
T01520,C0811,SKU_030,SKU_NEW_002
T01521,C0790,SKU_001,尿布
T01521,C0790,SKU_005,塑膠袋
T01521,C0790,SKU_010,寶特瓶飲料
T01521,C0790,SKU_013,果醬
T01522,C0043,SKU_001,尿布
T01522,C0043,SKU_003,啤酒
T01522,C0043,SKU_009,礦泉水
T01522,C0043,SKU_022,巧克力
T01523,C0863,SKU_029,SKU_NEW_001
T01524,C0439,SKU_001,尿布
T01524,C0439,SKU_006,米
T01524,C0439,SKU_007,可樂
T01524,C0439,SKU_008,醬油
T01524,C0439,SKU_010,寶特瓶飲料
T01524,C0439,SKU_019,橘子
T01524,C0439,SKU_023,洋芋片
T01524,C0439,SKU_027,洗髮精
T01524,C0439,SKU_029,SKU_NEW_001
T01525,C0262,SKU_004,紅酒
T01525,C0262,SKU_005,塑膠袋
T01525,C0262,SKU_014,雪碧
T01525,C0262,SKU_016,豆漿
T01526,C0127,SKU_006,米
T01526,C0127,SKU_008,醬油
T01526,C0127,SKU_025,衛生紙
T01526,C0127,SKU_030,SKU_NEW_002
T01527,C0403,SKU_005,塑膠袋
T01528,C0348,SKU_005,塑膠袋
T01528,C0348,SKU_006,米
T01528,C0348,SKU_007,可樂
T01528,C0348,SKU_008,醬油
T01528,C0348,SKU_017,蘋果
T01528,C0348,SKU_020,葡萄
T01528,C0348,SKU_021,餅乾
T01529,C0603,SKU_003,啤酒
T01529,C0603,SKU_005,塑膠袋
T01529,C0603,SKU_010,寶特瓶飲料
T01529,C0603,SKU_013,果醬
T01529,C0603,SKU_014,雪碧
T01529,C0603,SKU_021,餅乾
T01529,C0603,SKU_025,衛生紙
T01530,C1345,SKU_003,啤酒
T01530,C1345,SKU_005,塑膠袋
T01530,C1345,SKU_015,牛奶
T01531,C0395,SKU_009,礦泉水
T01531,C0395,SKU_017,蘋果
T01531,C0395,SKU_018,香蕉
T01532,C0922,SKU_008,醬油
T01532,C0922,SKU_015,牛奶
T01532,C0922,SKU_022,巧克力
T01533,C0049,SKU_018,香蕉
T01533,C0049,SKU_020,葡萄
T01534,C0277,SKU_009,礦泉水
T01534,C0277,SKU_016,豆漿
T01534,C0277,SKU_024,口香糖
T01534,C0277,SKU_028,茶包
T01535,C0457,SKU_004,紅酒
T01535,C0457,SKU_009,礦泉水
T01535,C0457,SKU_010,寶特瓶飲料
T01535,C0457,SKU_017,蘋果
T01535,C0457,SKU_022,巧克力
T01536,C0182,SKU_005,塑膠袋
T01536,C0182,SKU_006,米
T01536,C0182,SKU_008,醬油
T01536,C0182,SKU_015,牛奶
T01537,C0742,SKU_010,寶特瓶飲料
T01537,C0742,SKU_027,洗髮精
T01538,C0781,SKU_014,雪碧
T01538,C0781,SKU_015,牛奶
T01539,C0165,SKU_006,米
T01539,C0165,SKU_007,可樂
T01539,C0165,SKU_030,SKU_NEW_002
T01540,C0847,SKU_014,雪碧
T01540,C0847,SKU_015,牛奶
T01541,C0041,SKU_002,起司
T01542,C0992,SKU_005,塑膠袋
T01542,C0992,SKU_019,橘子
T01542,C0992,SKU_028,茶包
T01542,C0992,SKU_030,SKU_NEW_002
T01543,C0046,SKU_006,米
T01543,C0046,SKU_008,醬油
T01543,C0046,SKU_013,果醬
T01544,C1111,SKU_001,尿布
T01544,C1111,SKU_015,牛奶
T01544,C1111,SKU_030,SKU_NEW_002
T01545,C0190,SKU_008,醬油
T01545,C0190,SKU_009,礦泉水
T01545,C0190,SKU_016,豆漿
T01545,C0190,SKU_021,餅乾
T01545,C0190,SKU_026,牙膏
T01545,C0190,SKU_029,SKU_NEW_001
T01546,C0667,SKU_002,起司
T01547,C0519,SKU_002,起司
T01547,C0519,SKU_003,啤酒
T01547,C0519,SKU_004,紅酒
T01547,C0519,SKU_021,餅乾
T01547,C0519,SKU_025,衛生紙
T01548,C0503,SKU_007,可樂
T01548,C0503,SKU_010,寶特瓶飲料
T01548,C0503,SKU_014,雪碧
T01549,C0399,SKU_001,尿布
T01549,C0399,SKU_003,啤酒
T01549,C0399,SKU_008,醬油
T01550,C0710,SKU_001,尿布
T01550,C0710,SKU_002,起司
T01550,C0710,SKU_003,啤酒
T01550,C0710,SKU_004,紅酒
T01550,C0710,SKU_017,蘋果
T01550,C0710,SKU_018,香蕉
T01550,C0710,SKU_021,餅乾
T01551,C1002,SKU_002,起司
T01551,C1002,SKU_004,紅酒
T01551,C1002,SKU_005,塑膠袋
T01551,C1002,SKU_006,米
T01551,C1002,SKU_008,醬油
T01551,C1002,SKU_009,礦泉水
T01551,C1002,SKU_010,寶特瓶飲料
T01551,C1002,SKU_011,杯麵
T01551,C1002,SKU_014,雪碧
T01552,C0588,SKU_003,啤酒
T01552,C0588,SKU_009,礦泉水
T01552,C0588,SKU_014,雪碧
T01552,C0588,SKU_022,巧克力
T01553,C0654,SKU_002,起司
T01553,C0654,SKU_019,橘子
T01553,C0654,SKU_029,SKU_NEW_001
T01554,C0858,SKU_001,尿布
T01554,C0858,SKU_003,啤酒
T01554,C0858,SKU_007,可樂
T01554,C0858,SKU_009,礦泉水
T01554,C0858,SKU_020,葡萄
T01554,C0858,SKU_022,巧克力
T01555,C0738,SKU_001,尿布
T01555,C0738,SKU_003,啤酒
T01555,C0738,SKU_010,寶特瓶飲料
T01555,C0738,SKU_017,蘋果
T01555,C0738,SKU_018,香蕉
T01556,C1451,SKU_002,起司
T01556,C1451,SKU_007,可樂
T01556,C1451,SKU_009,礦泉水
T01556,C1451,SKU_017,蘋果
T01556,C1451,SKU_029,SKU_NEW_001
T01557,C0725,SKU_004,紅酒
T01557,C0725,SKU_005,塑膠袋
T01557,C0725,SKU_021,餅乾
T01558,C0286,SKU_005,塑膠袋
T01558,C0286,SKU_009,礦泉水
T01558,C0286,SKU_011,杯麵
T01559,C0728,SKU_005,塑膠袋
T01559,C0728,SKU_006,米
T01559,C0728,SKU_012,麵包
T01560,C0409,SKU_001,尿布
T01560,C0409,SKU_005,塑膠袋
T01561,C0856,SKU_003,啤酒
T01561,C0856,SKU_005,塑膠袋
T01561,C0856,SKU_006,米
T01561,C0856,SKU_008,醬油
T01561,C0856,SKU_009,礦泉水
T01561,C0856,SKU_021,餅乾
T01562,C0765,SKU_005,塑膠袋
T01562,C0765,SKU_007,可樂
T01562,C0765,SKU_018,香蕉
T01562,C0765,SKU_026,牙膏
T01562,C0765,SKU_029,SKU_NEW_001
T01563,C1257,SKU_001,尿布
T01563,C1257,SKU_005,塑膠袋
T01563,C1257,SKU_012,麵包
T01563,C1257,SKU_017,蘋果
T01563,C1257,SKU_025,衛生紙
T01563,C1257,SKU_029,SKU_NEW_001
T01564,C0040,SKU_006,米
T01564,C0040,SKU_007,可樂
T01564,C0040,SKU_008,醬油
T01564,C0040,SKU_009,礦泉水
T01564,C0040,SKU_017,蘋果
T01565,C0046,SKU_003,啤酒
T01565,C0046,SKU_007,可樂
T01565,C0046,SKU_011,杯麵
T01565,C0046,SKU_027,洗髮精
T01565,C0046,SKU_028,茶包
T01566,C0363,SKU_010,寶特瓶飲料
T01566,C0363,SKU_021,餅乾
T01567,C1157,SKU_006,米
T01567,C1157,SKU_010,寶特瓶飲料
T01567,C1157,SKU_022,巧克力
T01568,C0023,SKU_004,紅酒
T01568,C0023,SKU_018,香蕉
T01568,C0023,SKU_022,巧克力
T01569,C1264,SKU_002,起司
T01569,C1264,SKU_004,紅酒
T01569,C1264,SKU_007,可樂
T01569,C1264,SKU_010,寶特瓶飲料
T01569,C1264,SKU_017,蘋果
T01569,C1264,SKU_029,SKU_NEW_001
T01570,C0611,SKU_002,起司
T01570,C0611,SKU_015,牛奶
T01570,C0611,SKU_023,洋芋片
T01571,C0777,SKU_005,塑膠袋
T01571,C0777,SKU_018,香蕉
T01572,C0659,SKU_004,紅酒
T01572,C0659,SKU_009,礦泉水
T01572,C0659,SKU_010,寶特瓶飲料
T01572,C0659,SKU_018,香蕉
T01573,C0690,SKU_004,紅酒
T01573,C0690,SKU_005,塑膠袋
T01573,C0690,SKU_006,米
T01573,C0690,SKU_007,可樂
T01574,C0280,SKU_002,起司
T01574,C0280,SKU_004,紅酒
T01574,C0280,SKU_008,醬油
T01574,C0280,SKU_019,橘子
T01574,C0280,SKU_024,口香糖
T01575,C0393,SKU_005,塑膠袋
T01575,C0393,SKU_009,礦泉水
T01575,C0393,SKU_010,寶特瓶飲料
T01575,C0393,SKU_017,蘋果
T01575,C0393,SKU_020,葡萄
T01576,C1413,SKU_010,寶特瓶飲料
T01576,C1413,SKU_012,麵包
T01576,C1413,SKU_019,橘子
T01576,C1413,SKU_024,口香糖
T01576,C1413,SKU_025,衛生紙
T01576,C1413,SKU_026,牙膏
T01577,C0173,SKU_007,可樂
T01577,C0173,SKU_008,醬油
T01577,C0173,SKU_029,SKU_NEW_001
T01577,C0173,SKU_030,SKU_NEW_002
T01578,C0058,SKU_003,啤酒
T01578,C0058,SKU_009,礦泉水
T01578,C0058,SKU_014,雪碧
T01578,C0058,SKU_019,橘子
T01579,C0328,SKU_002,起司
T01579,C0328,SKU_004,紅酒
T01579,C0328,SKU_006,米
T01579,C0328,SKU_007,可樂
T01579,C0328,SKU_008,醬油
T01579,C0328,SKU_023,洋芋片
T01580,C0810,SKU_001,尿布
T01580,C0810,SKU_003,啤酒
T01580,C0810,SKU_023,洋芋片
T01581,C0129,SKU_001,尿布
T01581,C0129,SKU_006,米
T01581,C0129,SKU_012,麵包
T01582,C0186,SKU_009,礦泉水
T01582,C0186,SKU_015,牛奶
T01582,C0186,SKU_020,葡萄
T01582,C0186,SKU_027,洗髮精
T01583,C0834,SKU_003,啤酒
T01583,C0834,SKU_010,寶特瓶飲料
T01583,C0834,SKU_020,葡萄
T01583,C0834,SKU_021,餅乾
T01583,C0834,SKU_022,巧克力
T01584,C0823,SKU_010,寶特瓶飲料
T01584,C0823,SKU_016,豆漿
T01585,C0097,SKU_009,礦泉水
T01585,C0097,SKU_013,果醬
T01585,C0097,SKU_014,雪碧
T01585,C0097,SKU_022,巧克力
T01585,C0097,SKU_025,衛生紙
T01585,C0097,SKU_030,SKU_NEW_002
T01586,C0288,SKU_002,起司
T01586,C0288,SKU_004,紅酒
T01586,C0288,SKU_010,寶特瓶飲料
T01586,C0288,SKU_024,口香糖
T01587,C0466,SKU_007,可樂
T01587,C0466,SKU_010,寶特瓶飲料
T01587,C0466,SKU_024,口香糖
T01588,C0119,SKU_007,可樂
T01588,C0119,SKU_008,醬油
T01588,C0119,SKU_011,杯麵
T01588,C0119,SKU_013,果醬
T01588,C0119,SKU_027,洗髮精
T01589,C0503,SKU_002,起司
T01589,C0503,SKU_004,紅酒
T01589,C0503,SKU_028,茶包
T01589,C0503,SKU_029,SKU_NEW_001
T01590,C1409,SKU_002,起司
T01590,C1409,SKU_006,米
T01590,C1409,SKU_008,醬油
T01590,C1409,SKU_025,衛生紙
T01591,C0099,SKU_007,可樂
T01591,C0099,SKU_012,麵包
T01592,C1428,SKU_007,可樂
T01592,C1428,SKU_009,礦泉水
T01592,C1428,SKU_015,牛奶
T01592,C1428,SKU_029,SKU_NEW_001
T01592,C1428,SKU_030,SKU_NEW_002
T01593,C0242,SKU_001,尿布
T01593,C0242,SKU_003,啤酒
T01593,C0242,SKU_020,葡萄
T01593,C0242,SKU_028,茶包
T01594,C0360,SKU_005,塑膠袋
T01594,C0360,SKU_010,寶特瓶飲料
T01594,C0360,SKU_013,果醬
T01594,C0360,SKU_016,豆漿
T01594,C0360,SKU_017,蘋果
T01594,C0360,SKU_024,口香糖
T01595,C0707,SKU_003,啤酒
T01595,C0707,SKU_022,巧克力
T01595,C0707,SKU_027,洗髮精
T01595,C0707,SKU_028,茶包
T01596,C0142,SKU_018,香蕉
T01596,C0142,SKU_027,洗髮精
T01597,C0894,SKU_001,尿布
T01597,C0894,SKU_003,啤酒
T01597,C0894,SKU_004,紅酒
T01597,C0894,SKU_005,塑膠袋
T01598,C0101,SKU_001,尿布
T01598,C0101,SKU_003,啤酒
T01599,C0354,SKU_004,紅酒
T01599,C0354,SKU_011,杯麵
T01600,C0566,SKU_007,可樂
T01600,C0566,SKU_009,礦泉水
T01600,C0566,SKU_025,衛生紙
T01601,C0629,SKU_001,尿布
T01601,C0629,SKU_003,啤酒
T01601,C0629,SKU_008,醬油
T01601,C0629,SKU_024,口香糖
T01602,C0509,SKU_003,啤酒
T01602,C0509,SKU_004,紅酒
T01602,C0509,SKU_006,米
T01602,C0509,SKU_008,醬油
T01602,C0509,SKU_026,牙膏
T01603,C0823,SKU_007,可樂
T01603,C0823,SKU_021,餅乾
T01603,C0823,SKU_023,洋芋片
T01603,C0823,SKU_027,洗髮精
T01603,C0823,SKU_030,SKU_NEW_002
T01604,C0168,SKU_002,起司
T01604,C0168,SKU_004,紅酒
T01604,C0168,SKU_006,米
T01604,C0168,SKU_008,醬油
T01604,C0168,SKU_009,礦泉水
T01604,C0168,SKU_010,寶特瓶飲料
T01604,C0168,SKU_012,麵包
T01605,C0851,SKU_005,塑膠袋
T01605,C0851,SKU_007,可樂
T01605,C0851,SKU_009,礦泉水
T01605,C0851,SKU_018,香蕉
T01606,C0545,SKU_001,尿布
T01606,C0545,SKU_003,啤酒
T01606,C0545,SKU_004,紅酒
T01606,C0545,SKU_007,可樂
T01606,C0545,SKU_020,葡萄
T01607,C0074,SKU_004,紅酒
T01607,C0074,SKU_014,雪碧
T01607,C0074,SKU_021,餅乾
T01607,C0074,SKU_026,牙膏
T01608,C0383,SKU_008,醬油
T01608,C0383,SKU_013,果醬
T01609,C0493,SKU_005,塑膠袋
T01609,C0493,SKU_015,牛奶
T01609,C0493,SKU_027,洗髮精
T01610,C0514,SKU_001,尿布
T01610,C0514,SKU_003,啤酒
T01610,C0514,SKU_004,紅酒
T01610,C0514,SKU_007,可樂
T01610,C0514,SKU_009,礦泉水
T01610,C0514,SKU_019,橘子
T01611,C0719,SKU_002,起司
T01611,C0719,SKU_005,塑膠袋
T01611,C0719,SKU_021,餅乾
T01611,C0719,SKU_027,洗髮精
T01612,C0617,SKU_011,杯麵
T01612,C0617,SKU_024,口香糖
T01613,C0133,SKU_010,寶特瓶飲料
T01613,C0133,SKU_017,蘋果
T01614,C0534,SKU_001,尿布
T01614,C0534,SKU_006,米
T01614,C0534,SKU_007,可樂
T01614,C0534,SKU_008,醬油
T01614,C0534,SKU_009,礦泉水
T01614,C0534,SKU_010,寶特瓶飲料
T01615,C0496,SKU_009,礦泉水
T01615,C0496,SKU_014,雪碧
T01615,C0496,SKU_020,葡萄
T01616,C0529,SKU_010,寶特瓶飲料
T01616,C0529,SKU_014,雪碧
T01616,C0529,SKU_017,蘋果
T01616,C0529,SKU_024,口香糖
T01617,C0885,SKU_002,起司
T01617,C0885,SKU_004,紅酒
T01617,C0885,SKU_007,可樂
T01617,C0885,SKU_009,礦泉水
T01617,C0885,SKU_016,豆漿
T01617,C0885,SKU_024,口香糖
T01617,C0885,SKU_026,牙膏
T01618,C0356,SKU_002,起司
T01618,C0356,SKU_004,紅酒
T01618,C0356,SKU_009,礦泉水
T01619,C0652,SKU_002,起司
T01619,C0652,SKU_004,紅酒
T01619,C0652,SKU_010,寶特瓶飲料
T01620,C0271,SKU_008,醬油
T01620,C0271,SKU_012,麵包
T01621,C0089,SKU_006,米
T01621,C0089,SKU_009,礦泉水
T01621,C0089,SKU_010,寶特瓶飲料
T01621,C0089,SKU_018,香蕉
T01621,C0089,SKU_023,洋芋片
T01622,C0545,SKU_004,紅酒
T01622,C0545,SKU_006,米
T01622,C0545,SKU_008,醬油
T01622,C0545,SKU_009,礦泉水
T01623,C0466,SKU_015,牛奶
T01623,C0466,SKU_018,香蕉
T01623,C0466,SKU_022,巧克力
T01624,C1488,SKU_005,塑膠袋
T01624,C1488,SKU_007,可樂
T01624,C1488,SKU_013,果醬
T01624,C1488,SKU_014,雪碧
T01624,C1488,SKU_020,葡萄
T01625,C0430,SKU_008,醬油
T01625,C0430,SKU_009,礦泉水
T01625,C0430,SKU_012,麵包
T01626,C0239,SKU_004,紅酒
T01626,C0239,SKU_006,米
T01626,C0239,SKU_008,醬油
T01626,C0239,SKU_010,寶特瓶飲料
T01626,C0239,SKU_012,麵包
T01626,C0239,SKU_015,牛奶
T01626,C0239,SKU_017,蘋果
T01626,C0239,SKU_022,巧克力
T01627,C0298,SKU_001,尿布
T01627,C0298,SKU_003,啤酒
T01627,C0298,SKU_006,米
T01627,C0298,SKU_008,醬油
T01627,C0298,SKU_010,寶特瓶飲料
T01627,C0298,SKU_011,杯麵
T01627,C0298,SKU_013,果醬
T01628,C0019,SKU_016,豆漿
T01629,C0338,SKU_006,米
T01629,C0338,SKU_011,杯麵
T01629,C0338,SKU_024,口香糖
T01630,C0257,SKU_005,塑膠袋
T01630,C0257,SKU_007,可樂
T01630,C0257,SKU_020,葡萄
T01631,C0096,SKU_002,起司
T01631,C0096,SKU_004,紅酒
T01631,C0096,SKU_005,塑膠袋
T01631,C0096,SKU_029,SKU_NEW_001
T01632,C0323,SKU_006,米
T01632,C0323,SKU_007,可樂
T01632,C0323,SKU_010,寶特瓶飲料
T01632,C0323,SKU_011,杯麵
T01632,C0323,SKU_022,巧克力
T01632,C0323,SKU_026,牙膏
T01632,C0323,SKU_027,洗髮精
T01632,C0323,SKU_028,茶包
T01633,C0185,SKU_005,塑膠袋
T01633,C0185,SKU_010,寶特瓶飲料
T01633,C0185,SKU_015,牛奶
T01633,C0185,SKU_020,葡萄
T01633,C0185,SKU_028,茶包
T01634,C0285,SKU_001,尿布
T01634,C0285,SKU_002,起司
T01634,C0285,SKU_004,紅酒
T01634,C0285,SKU_028,茶包
T01635,C0867,SKU_023,洋芋片
T01636,C0208,SKU_001,尿布
T01636,C0208,SKU_005,塑膠袋
T01636,C0208,SKU_006,米
T01636,C0208,SKU_008,醬油
T01636,C0208,SKU_027,洗髮精
T01637,C0602,SKU_010,寶特瓶飲料
T01637,C0602,SKU_016,豆漿
T01637,C0602,SKU_020,葡萄
T01637,C0602,SKU_027,洗髮精
T01638,C0575,SKU_003,啤酒
T01638,C0575,SKU_009,礦泉水
T01638,C0575,SKU_010,寶特瓶飲料
T01638,C0575,SKU_015,牛奶
T01638,C0575,SKU_017,蘋果
T01639,C0137,SKU_001,尿布
T01639,C0137,SKU_003,啤酒
T01639,C0137,SKU_006,米
T01639,C0137,SKU_010,寶特瓶飲料
T01639,C0137,SKU_012,麵包
T01639,C0137,SKU_014,雪碧
T01639,C0137,SKU_019,橘子
T01639,C0137,SKU_028,茶包
T01640,C0874,SKU_001,尿布
T01640,C0874,SKU_007,可樂
T01640,C0874,SKU_029,SKU_NEW_001
T01640,C0874,SKU_030,SKU_NEW_002
T01641,C0844,SKU_009,礦泉水
T01641,C0844,SKU_010,寶特瓶飲料
T01641,C0844,SKU_024,口香糖
T01642,C0467,SKU_002,起司
T01642,C0467,SKU_004,紅酒
T01642,C0467,SKU_009,礦泉水
T01642,C0467,SKU_010,寶特瓶飲料
T01642,C0467,SKU_015,牛奶
T01642,C0467,SKU_029,SKU_NEW_001
T01643,C0124,SKU_010,寶特瓶飲料
T01643,C0124,SKU_016,豆漿
T01643,C0124,SKU_022,巧克力
T01643,C0124,SKU_027,洗髮精
T01644,C0470,SKU_012,麵包
T01644,C0470,SKU_024,口香糖
T01644,C0470,SKU_029,SKU_NEW_001
T01645,C0946,SKU_001,尿布
T01646,C0341,SKU_015,牛奶
T01646,C0341,SKU_018,香蕉
T01647,C0115,SKU_001,尿布
T01647,C0115,SKU_002,起司
T01647,C0115,SKU_003,啤酒
T01647,C0115,SKU_007,可樂
T01648,C0147,SKU_003,啤酒
T01648,C0147,SKU_026,牙膏
T01649,C1277,SKU_007,可樂
T01649,C1277,SKU_014,雪碧
T01649,C1277,SKU_020,葡萄
T01650,C0423,SKU_006,米
T01650,C0423,SKU_011,杯麵
T01650,C0423,SKU_026,牙膏
T01651,C0409,SKU_001,尿布
T01651,C0409,SKU_006,米
T01651,C0409,SKU_007,可樂
T01651,C0409,SKU_008,醬油
T01651,C0409,SKU_009,礦泉水
T01651,C0409,SKU_024,口香糖
T01652,C0616,SKU_005,塑膠袋
T01652,C0616,SKU_009,礦泉水
T01652,C0616,SKU_024,口香糖
T01653,C0814,SKU_001,尿布
T01653,C0814,SKU_008,醬油
T01653,C0814,SKU_016,豆漿
T01654,C0825,SKU_001,尿布
T01654,C0825,SKU_002,起司
T01654,C0825,SKU_003,啤酒
T01654,C0825,SKU_004,紅酒
T01654,C0825,SKU_010,寶特瓶飲料
T01654,C0825,SKU_017,蘋果
T01655,C1363,SKU_007,可樂
T01655,C1363,SKU_010,寶特瓶飲料
T01655,C1363,SKU_013,果醬
T01656,C0024,SKU_002,起司
T01656,C0024,SKU_004,紅酒
T01656,C0024,SKU_005,塑膠袋
T01656,C0024,SKU_020,葡萄
T01656,C0024,SKU_026,牙膏
T01657,C0602,SKU_011,杯麵
T01657,C0602,SKU_014,雪碧
T01657,C0602,SKU_024,口香糖
T01657,C0602,SKU_028,茶包
T01657,C0602,SKU_029,SKU_NEW_001
T01658,C0099,SKU_006,米
T01658,C0099,SKU_007,可樂
T01658,C0099,SKU_021,餅乾
T01658,C0099,SKU_029,SKU_NEW_001
T01659,C0196,SKU_009,礦泉水
T01659,C0196,SKU_013,果醬
T01660,C0022,SKU_004,紅酒
T01660,C0022,SKU_007,可樂
T01660,C0022,SKU_010,寶特瓶飲料
T01660,C0022,SKU_023,洋芋片
T01661,C0242,SKU_006,米
T01661,C0242,SKU_008,醬油
T01661,C0242,SKU_023,洋芋片
T01662,C1221,SKU_002,起司
T01662,C1221,SKU_003,啤酒
T01662,C1221,SKU_004,紅酒
T01662,C1221,SKU_005,塑膠袋
T01662,C1221,SKU_007,可樂
T01662,C1221,SKU_028,茶包
T01663,C0090,SKU_010,寶特瓶飲料
T01663,C0090,SKU_011,杯麵
T01663,C0090,SKU_015,牛奶
T01664,C1182,SKU_001,尿布
T01664,C1182,SKU_003,啤酒
T01664,C1182,SKU_008,醬油
T01664,C1182,SKU_010,寶特瓶飲料
T01664,C1182,SKU_012,麵包
T01664,C1182,SKU_022,巧克力
T01664,C1182,SKU_030,SKU_NEW_002
T01665,C0342,SKU_001,尿布
T01665,C0342,SKU_002,起司
T01665,C0342,SKU_004,紅酒
T01665,C0342,SKU_018,香蕉
T01665,C0342,SKU_020,葡萄
T01665,C0342,SKU_025,衛生紙
T01666,C0586,SKU_005,塑膠袋
T01666,C0586,SKU_009,礦泉水
T01666,C0586,SKU_013,果醬
T01666,C0586,SKU_017,蘋果
T01667,C0325,SKU_004,紅酒
T01667,C0325,SKU_009,礦泉水
T01667,C0325,SKU_015,牛奶
T01668,C0125,SKU_004,紅酒
T01668,C0125,SKU_005,塑膠袋
T01668,C0125,SKU_006,米
T01668,C0125,SKU_007,可樂
T01668,C0125,SKU_012,麵包
T01668,C0125,SKU_019,橘子
T01669,C0001,SKU_005,塑膠袋
T01669,C0001,SKU_009,礦泉水
T01669,C0001,SKU_012,麵包
T01669,C0001,SKU_016,豆漿
T01670,C0386,SKU_004,紅酒
T01670,C0386,SKU_011,杯麵
T01671,C0069,SKU_001,尿布
T01671,C0069,SKU_003,啤酒
T01671,C0069,SKU_009,礦泉水
T01671,C0069,SKU_026,牙膏
T01672,C0617,SKU_005,塑膠袋
T01672,C0617,SKU_023,洋芋片
T01672,C0617,SKU_027,洗髮精
T01673,C1185,SKU_007,可樂
T01673,C1185,SKU_010,寶特瓶飲料
T01673,C1185,SKU_017,蘋果
T01673,C1185,SKU_019,橘子
T01674,C0718,SKU_007,可樂
T01674,C0718,SKU_010,寶特瓶飲料
T01674,C0718,SKU_014,雪碧
T01674,C0718,SKU_028,茶包
T01675,C0494,SKU_008,醬油
T01675,C0494,SKU_021,餅乾
T01676,C0198,SKU_012,麵包
T01676,C0198,SKU_023,洋芋片
T01676,C0198,SKU_028,茶包
T01676,C0198,SKU_030,SKU_NEW_002
T01677,C0574,SKU_006,米
T01677,C0574,SKU_008,醬油
T01677,C0574,SKU_015,牛奶
T01678,C0742,SKU_003,啤酒
T01678,C0742,SKU_004,紅酒
T01678,C0742,SKU_023,洋芋片
T01679,C0118,SKU_003,啤酒
T01679,C0118,SKU_009,礦泉水
T01679,C0118,SKU_010,寶特瓶飲料
T01679,C0118,SKU_014,雪碧
T01679,C0118,SKU_022,巧克力
T01679,C0118,SKU_027,洗髮精
T01680,C1065,SKU_001,尿布
T01680,C1065,SKU_004,紅酒
T01680,C1065,SKU_010,寶特瓶飲料
T01680,C1065,SKU_015,牛奶
T01680,C1065,SKU_019,橘子
T01680,C1065,SKU_021,餅乾
T01681,C0101,SKU_007,可樂
T01681,C0101,SKU_008,醬油
T01681,C0101,SKU_012,麵包
T01681,C0101,SKU_020,葡萄
T01682,C0308,SKU_001,尿布
T01682,C0308,SKU_023,洋芋片
T01683,C1210,SKU_002,起司
T01683,C1210,SKU_024,口香糖
T01684,C0755,SKU_002,起司
T01684,C0755,SKU_004,紅酒
T01684,C0755,SKU_018,香蕉
T01684,C0755,SKU_021,餅乾
T01684,C0755,SKU_023,洋芋片
T01684,C0755,SKU_024,口香糖
T01685,C0116,SKU_005,塑膠袋
T01685,C0116,SKU_006,米
T01685,C0116,SKU_024,口香糖
T01685,C0116,SKU_026,牙膏
T01686,C0336,SKU_010,寶特瓶飲料
T01686,C0336,SKU_013,果醬
T01687,C0609,SKU_005,塑膠袋
T01688,C0472,SKU_001,尿布
T01688,C0472,SKU_002,起司
T01688,C0472,SKU_004,紅酒
T01688,C0472,SKU_008,醬油
T01688,C0472,SKU_010,寶特瓶飲料
T01688,C0472,SKU_020,葡萄
T01689,C0650,SKU_008,醬油
T01689,C0650,SKU_015,牛奶
T01690,C0629,SKU_002,起司
T01690,C0629,SKU_004,紅酒
T01690,C0629,SKU_005,塑膠袋
T01690,C0629,SKU_010,寶特瓶飲料
T01690,C0629,SKU_014,雪碧
T01690,C0629,SKU_027,洗髮精
T01690,C0629,SKU_030,SKU_NEW_002
T01691,C0366,SKU_005,塑膠袋
T01691,C0366,SKU_009,礦泉水
T01691,C0366,SKU_023,洋芋片
T01691,C0366,SKU_029,SKU_NEW_001
T01692,C0256,SKU_004,紅酒
T01692,C0256,SKU_005,塑膠袋
T01692,C0256,SKU_010,寶特瓶飲料
T01692,C0256,SKU_011,杯麵
T01692,C0256,SKU_017,蘋果
T01692,C0256,SKU_018,香蕉
T01692,C0256,SKU_022,巧克力
T01692,C0256,SKU_025,衛生紙
T01693,C0037,SKU_002,起司
T01693,C0037,SKU_004,紅酒
T01693,C0037,SKU_012,麵包
T01694,C0588,SKU_004,紅酒
T01694,C0588,SKU_005,塑膠袋
T01694,C0588,SKU_008,醬油
T01694,C0588,SKU_012,麵包
T01694,C0588,SKU_014,雪碧
T01694,C0588,SKU_020,葡萄
T01694,C0588,SKU_023,洋芋片
T01695,C0554,SKU_003,啤酒
T01695,C0554,SKU_005,塑膠袋
T01695,C0554,SKU_026,牙膏
T01696,C0594,SKU_001,尿布
T01696,C0594,SKU_003,啤酒
T01696,C0594,SKU_007,可樂
T01696,C0594,SKU_016,豆漿
T01697,C0275,SKU_002,起司
T01697,C0275,SKU_004,紅酒
T01697,C0275,SKU_006,米
T01697,C0275,SKU_008,醬油
T01697,C0275,SKU_013,果醬
T01697,C0275,SKU_014,雪碧
T01697,C0275,SKU_017,蘋果
T01697,C0275,SKU_018,香蕉
T01698,C0621,SKU_002,起司
T01698,C0621,SKU_004,紅酒
T01698,C0621,SKU_005,塑膠袋
T01698,C0621,SKU_012,麵包
T01698,C0621,SKU_027,洗髮精
T01699,C0648,SKU_010,寶特瓶飲料
T01699,C0648,SKU_030,SKU_NEW_002
T01700,C0867,SKU_006,米
T01700,C0867,SKU_013,果醬
T01701,C0135,SKU_006,米
T01701,C0135,SKU_008,醬油
T01701,C0135,SKU_022,巧克力
T01702,C0099,SKU_001,尿布
T01702,C0099,SKU_013,果醬
T01702,C0099,SKU_017,蘋果
T01702,C0099,SKU_030,SKU_NEW_002
T01703,C0751,SKU_007,可樂
T01703,C0751,SKU_014,雪碧
T01703,C0751,SKU_022,巧克力
T01704,C0289,SKU_008,醬油
T01704,C0289,SKU_009,礦泉水
T01704,C0289,SKU_013,果醬
T01704,C0289,SKU_029,SKU_NEW_001
T01704,C0289,SKU_030,SKU_NEW_002
T01705,C1168,SKU_005,塑膠袋
T01705,C1168,SKU_010,寶特瓶飲料
T01706,C0862,SKU_023,洋芋片
T01707,C0427,SKU_017,蘋果
T01707,C0427,SKU_020,葡萄
T01707,C0427,SKU_023,洋芋片
T01708,C1490,SKU_007,可樂
T01708,C1490,SKU_018,香蕉
T01709,C0272,SKU_007,可樂
T01709,C0272,SKU_010,寶特瓶飲料
T01709,C0272,SKU_022,巧克力
T01709,C0272,SKU_028,茶包
T01709,C0272,SKU_030,SKU_NEW_002
T01710,C0139,SKU_006,米
T01710,C0139,SKU_008,醬油
T01710,C0139,SKU_009,礦泉水
T01710,C0139,SKU_020,葡萄
T01711,C0037,SKU_008,醬油
T01712,C0408,SKU_007,可樂
T01713,C0149,SKU_002,起司
T01713,C0149,SKU_004,紅酒
T01713,C0149,SKU_007,可樂
T01713,C0149,SKU_016,豆漿
T01713,C0149,SKU_020,葡萄
T01713,C0149,SKU_021,餅乾
T01714,C0219,SKU_005,塑膠袋
T01714,C0219,SKU_008,醬油
T01714,C0219,SKU_018,香蕉
T01715,C0513,SKU_004,紅酒
T01715,C0513,SKU_009,礦泉水
T01715,C0513,SKU_010,寶特瓶飲料
T01715,C0513,SKU_028,茶包
T01716,C0846,SKU_024,口香糖
T01716,C0846,SKU_030,SKU_NEW_002
T01717,C0052,SKU_007,可樂
T01717,C0052,SKU_017,蘋果
T01717,C0052,SKU_019,橘子
T01717,C0052,SKU_024,口香糖
T01717,C0052,SKU_030,SKU_NEW_002
T01718,C0845,SKU_004,紅酒
T01718,C0845,SKU_005,塑膠袋
T01718,C0845,SKU_009,礦泉水
T01718,C0845,SKU_023,洋芋片
T01718,C0845,SKU_024,口香糖
T01718,C0845,SKU_028,茶包
T01719,C0295,SKU_001,尿布
T01719,C0295,SKU_003,啤酒
T01719,C0295,SKU_026,牙膏
T01719,C0295,SKU_028,茶包
T01719,C0295,SKU_029,SKU_NEW_001
T01720,C0141,SKU_028,茶包
T01721,C0158,SKU_015,牛奶
T01722,C0936,SKU_005,塑膠袋
T01722,C0936,SKU_016,豆漿
T01722,C0936,SKU_026,牙膏
T01723,C0062,SKU_009,礦泉水
T01723,C0062,SKU_011,杯麵
T01723,C0062,SKU_014,雪碧
T01723,C0062,SKU_018,香蕉
T01723,C0062,SKU_022,巧克力
T01723,C0062,SKU_026,牙膏
T01724,C0064,SKU_006,米
T01724,C0064,SKU_007,可樂
T01724,C0064,SKU_008,醬油
T01724,C0064,SKU_020,葡萄
T01724,C0064,SKU_027,洗髮精
T01725,C0497,SKU_001,尿布
T01725,C0497,SKU_005,塑膠袋
T01725,C0497,SKU_023,洋芋片
T01726,C0735,SKU_002,起司
T01726,C0735,SKU_004,紅酒
T01726,C0735,SKU_007,可樂
T01726,C0735,SKU_008,醬油
T01726,C0735,SKU_023,洋芋片
T01726,C0735,SKU_026,牙膏
T01727,C0629,SKU_001,尿布
T01727,C0629,SKU_002,起司
T01727,C0629,SKU_004,紅酒
T01727,C0629,SKU_008,醬油
T01727,C0629,SKU_024,口香糖
T01727,C0629,SKU_030,SKU_NEW_002
T01728,C0588,SKU_001,尿布
T01728,C0588,SKU_005,塑膠袋
T01728,C0588,SKU_019,橘子
T01728,C0588,SKU_023,洋芋片
T01728,C0588,SKU_026,牙膏
T01728,C0588,SKU_030,SKU_NEW_002
T01729,C1150,SKU_004,紅酒
T01729,C1150,SKU_007,可樂
T01729,C1150,SKU_010,寶特瓶飲料
T01729,C1150,SKU_018,香蕉
T01729,C1150,SKU_030,SKU_NEW_002
T01730,C0121,SKU_008,醬油
T01730,C0121,SKU_019,橘子
T01730,C0121,SKU_025,衛生紙
T01731,C0245,SKU_024,口香糖
T01731,C0245,SKU_029,SKU_NEW_001
T01732,C0772,SKU_010,寶特瓶飲料
T01732,C0772,SKU_018,香蕉
T01732,C0772,SKU_029,SKU_NEW_001
T01733,C0527,SKU_001,尿布
T01733,C0527,SKU_003,啤酒
T01733,C0527,SKU_012,麵包
T01733,C0527,SKU_022,巧克力
T01733,C0527,SKU_027,洗髮精
T01733,C0527,SKU_030,SKU_NEW_002
T01734,C0372,SKU_002,起司
T01734,C0372,SKU_004,紅酒
T01734,C0372,SKU_018,香蕉
T01734,C0372,SKU_020,葡萄
T01734,C0372,SKU_025,衛生紙
T01735,C0606,SKU_006,米
T01735,C0606,SKU_007,可樂
T01735,C0606,SKU_008,醬油
T01735,C0606,SKU_025,衛生紙
T01736,C1022,SKU_007,可樂
T01736,C1022,SKU_025,衛生紙
T01737,C0722,SKU_001,尿布
T01737,C0722,SKU_010,寶特瓶飲料
T01737,C0722,SKU_024,口香糖
T01737,C0722,SKU_028,茶包
T01737,C0722,SKU_029,SKU_NEW_001
T01738,C0778,SKU_001,尿布
T01738,C0778,SKU_003,啤酒
T01738,C0778,SKU_005,塑膠袋
T01738,C0778,SKU_010,寶特瓶飲料
T01738,C0778,SKU_014,雪碧
T01738,C0778,SKU_021,餅乾
T01739,C1286,SKU_005,塑膠袋
T01739,C1286,SKU_006,米
T01739,C1286,SKU_008,醬油
T01739,C1286,SKU_013,果醬
T01739,C1286,SKU_014,雪碧
T01739,C1286,SKU_022,巧克力
T01740,C0541,SKU_002,起司
T01740,C0541,SKU_004,紅酒
T01740,C0541,SKU_007,可樂
T01740,C0541,SKU_021,餅乾
T01740,C0541,SKU_028,茶包
T01741,C1099,SKU_009,礦泉水
T01741,C1099,SKU_020,葡萄
T01742,C0503,SKU_026,牙膏
T01743,C0136,SKU_002,起司
T01743,C0136,SKU_009,礦泉水
T01743,C0136,SKU_010,寶特瓶飲料
T01743,C0136,SKU_018,香蕉
T01744,C0129,SKU_009,礦泉水
T01744,C0129,SKU_012,麵包
T01744,C0129,SKU_021,餅乾
T01745,C0558,SKU_001,尿布
T01745,C0558,SKU_008,醬油
T01746,C1303,SKU_001,尿布
T01746,C1303,SKU_003,啤酒
T01746,C1303,SKU_009,礦泉水
T01746,C1303,SKU_011,杯麵
T01746,C1303,SKU_018,香蕉
T01746,C1303,SKU_020,葡萄
T01746,C1303,SKU_021,餅乾
T01746,C1303,SKU_024,口香糖
T01747,C0018,SKU_007,可樂
T01747,C0018,SKU_014,雪碧
T01747,C0018,SKU_025,衛生紙
T01747,C0018,SKU_028,茶包
T01748,C0113,SKU_007,可樂
T01748,C0113,SKU_023,洋芋片
T01749,C0043,SKU_007,可樂
T01750,C0021,SKU_001,尿布
T01750,C0021,SKU_003,啤酒
T01750,C0021,SKU_007,可樂
T01751,C0709,SKU_010,寶特瓶飲料
T01751,C0709,SKU_020,葡萄
T01752,C0356,SKU_001,尿布
T01752,C0356,SKU_003,啤酒
T01752,C0356,SKU_005,塑膠袋
T01752,C0356,SKU_006,米
T01752,C0356,SKU_008,醬油
T01752,C0356,SKU_025,衛生紙
T01753,C0481,SKU_006,米
T01753,C0481,SKU_008,醬油
T01753,C0481,SKU_019,橘子
T01754,C0561,SKU_001,尿布
T01754,C0561,SKU_003,啤酒
T01754,C0561,SKU_005,塑膠袋
T01754,C0561,SKU_010,寶特瓶飲料
T01754,C0561,SKU_013,果醬
T01754,C0561,SKU_023,洋芋片
T01754,C0561,SKU_026,牙膏
T01754,C0561,SKU_027,洗髮精
T01755,C0191,SKU_001,尿布
T01755,C0191,SKU_003,啤酒
T01756,C0176,SKU_001,尿布
T01756,C0176,SKU_003,啤酒
T01756,C0176,SKU_019,橘子
T01756,C0176,SKU_026,牙膏
T01756,C0176,SKU_030,SKU_NEW_002
T01757,C0576,SKU_001,尿布
T01757,C0576,SKU_002,起司
T01757,C0576,SKU_003,啤酒
T01757,C0576,SKU_004,紅酒
T01757,C0576,SKU_005,塑膠袋
T01758,C0540,SKU_001,尿布
T01758,C0540,SKU_003,啤酒
T01758,C0540,SKU_008,醬油
T01758,C0540,SKU_012,麵包
T01758,C0540,SKU_013,果醬
T01758,C0540,SKU_018,香蕉
T01758,C0540,SKU_021,餅乾
T01759,C0185,SKU_008,醬油
T01759,C0185,SKU_019,橘子
T01760,C0116,SKU_013,果醬
T01760,C0116,SKU_018,香蕉
T01760,C0116,SKU_026,牙膏
T01761,C0062,SKU_009,礦泉水
T01761,C0062,SKU_011,杯麵
T01761,C0062,SKU_021,餅乾
T01762,C0875,SKU_002,起司
T01762,C0875,SKU_004,紅酒
T01762,C0875,SKU_007,可樂
T01762,C0875,SKU_012,麵包
T01762,C0875,SKU_016,豆漿
T01762,C0875,SKU_018,香蕉
T01763,C0053,SKU_010,寶特瓶飲料
T01763,C0053,SKU_021,餅乾
T01763,C0053,SKU_028,茶包
T01764,C0459,SKU_009,礦泉水
T01764,C0459,SKU_010,寶特瓶飲料
T01765,C0702,SKU_004,紅酒
T01766,C0325,SKU_006,米
T01766,C0325,SKU_008,醬油
T01767,C0047,SKU_003,啤酒
T01767,C0047,SKU_005,塑膠袋
T01767,C0047,SKU_008,醬油
T01767,C0047,SKU_014,雪碧
T01767,C0047,SKU_017,蘋果
T01767,C0047,SKU_025,衛生紙
T01768,C0402,SKU_002,起司
T01768,C0402,SKU_007,可樂
T01768,C0402,SKU_014,雪碧
T01768,C0402,SKU_017,蘋果
T01768,C0402,SKU_022,巧克力
T01768,C0402,SKU_027,洗髮精
T01769,C0766,SKU_008,醬油
T01769,C0766,SKU_014,雪碧
T01769,C0766,SKU_030,SKU_NEW_002
T01770,C1391,SKU_024,口香糖
T01770,C1391,SKU_025,衛生紙
T01771,C0134,SKU_002,起司
T01771,C0134,SKU_004,紅酒
T01771,C0134,SKU_006,米
T01771,C0134,SKU_008,醬油
T01771,C0134,SKU_010,寶特瓶飲料
T01771,C0134,SKU_017,蘋果
T01771,C0134,SKU_021,餅乾
T01771,C0134,SKU_025,衛生紙
T01772,C0653,SKU_001,尿布
T01772,C0653,SKU_009,礦泉水
T01772,C0653,SKU_010,寶特瓶飲料
T01772,C0653,SKU_013,果醬
T01772,C0653,SKU_026,牙膏
T01772,C0653,SKU_028,茶包
T01773,C0826,SKU_007,可樂
T01773,C0826,SKU_008,醬油
T01773,C0826,SKU_009,礦泉水
T01773,C0826,SKU_010,寶特瓶飲料
T01773,C0826,SKU_014,雪碧
T01773,C0826,SKU_017,蘋果
T01773,C0826,SKU_021,餅乾
T01774,C0739,SKU_003,啤酒
T01774,C0739,SKU_006,米
T01774,C0739,SKU_008,醬油
T01774,C0739,SKU_009,礦泉水
T01774,C0739,SKU_018,香蕉
T01774,C0739,SKU_019,橘子
T01774,C0739,SKU_029,SKU_NEW_001
T01775,C0226,SKU_006,米
T01775,C0226,SKU_007,可樂
T01775,C0226,SKU_008,醬油
T01775,C0226,SKU_010,寶特瓶飲料
T01775,C0226,SKU_011,杯麵
T01775,C0226,SKU_029,SKU_NEW_001
T01776,C1150,SKU_002,起司
T01776,C1150,SKU_004,紅酒
T01776,C1150,SKU_006,米
T01776,C1150,SKU_008,醬油
T01776,C1150,SKU_009,礦泉水
T01776,C1150,SKU_013,果醬
T01776,C1150,SKU_017,蘋果
T01776,C1150,SKU_024,口香糖
T01776,C1150,SKU_028,茶包
T01777,C0105,SKU_007,可樂
T01777,C0105,SKU_008,醬油
T01777,C0105,SKU_009,礦泉水
T01777,C0105,SKU_010,寶特瓶飲料
T01777,C0105,SKU_017,蘋果
T01777,C0105,SKU_029,SKU_NEW_001
T01778,C0179,SKU_007,可樂
T01778,C0179,SKU_010,寶特瓶飲料
T01778,C0179,SKU_027,洗髮精
T01778,C0179,SKU_029,SKU_NEW_001
T01779,C1402,SKU_006,米
T01779,C1402,SKU_007,可樂
T01779,C1402,SKU_008,醬油
T01780,C0995,SKU_001,尿布
T01780,C0995,SKU_002,起司
T01780,C0995,SKU_003,啤酒
T01780,C0995,SKU_004,紅酒
T01780,C0995,SKU_006,米
T01780,C0995,SKU_008,醬油
T01780,C0995,SKU_026,牙膏
T01781,C0491,SKU_005,塑膠袋
T01781,C0491,SKU_007,可樂
T01781,C0491,SKU_010,寶特瓶飲料
T01781,C0491,SKU_015,牛奶
T01782,C0651,SKU_006,米
T01782,C0651,SKU_008,醬油
T01782,C0651,SKU_012,麵包
T01782,C0651,SKU_015,牛奶
T01782,C0651,SKU_023,洋芋片
T01782,C0651,SKU_030,SKU_NEW_002
T01783,C0275,SKU_005,塑膠袋
T01783,C0275,SKU_010,寶特瓶飲料
T01783,C0275,SKU_026,牙膏
T01784,C1030,SKU_001,尿布
T01784,C1030,SKU_003,啤酒
T01784,C1030,SKU_006,米
T01784,C1030,SKU_008,醬油
T01784,C1030,SKU_009,礦泉水
T01785,C0194,SKU_008,醬油
T01785,C0194,SKU_009,礦泉水
T01785,C0194,SKU_012,麵包
T01785,C0194,SKU_013,果醬
T01785,C0194,SKU_030,SKU_NEW_002
T01786,C0327,SKU_001,尿布
T01786,C0327,SKU_003,啤酒
T01786,C0327,SKU_005,塑膠袋
T01786,C0327,SKU_015,牛奶
T01786,C0327,SKU_018,香蕉
T01786,C0327,SKU_023,洋芋片
T01787,C0786,SKU_001,尿布
T01787,C0786,SKU_003,啤酒
T01787,C0786,SKU_007,可樂
T01787,C0786,SKU_026,牙膏
T01787,C0786,SKU_029,SKU_NEW_001
T01788,C0572,SKU_010,寶特瓶飲料
T01788,C0572,SKU_014,雪碧
T01789,C0107,SKU_007,可樂
T01789,C0107,SKU_012,麵包
T01789,C0107,SKU_014,雪碧
T01789,C0107,SKU_016,豆漿
T01789,C0107,SKU_025,衛生紙
T01789,C0107,SKU_029,SKU_NEW_001
T01790,C0550,SKU_009,礦泉水
T01791,C0397,SKU_005,塑膠袋
T01791,C0397,SKU_007,可樂
T01791,C0397,SKU_018,香蕉
T01791,C0397,SKU_020,葡萄
T01792,C0143,SKU_003,啤酒
T01792,C0143,SKU_007,可樂
T01792,C0143,SKU_017,蘋果
T01793,C0308,SKU_002,起司
T01794,C0542,SKU_005,塑膠袋
T01794,C0542,SKU_007,可樂
T01794,C0542,SKU_009,礦泉水
T01794,C0542,SKU_011,杯麵
T01794,C0542,SKU_017,蘋果
T01795,C0316,SKU_001,尿布
T01795,C0316,SKU_002,起司
T01795,C0316,SKU_008,醬油
T01795,C0316,SKU_009,礦泉水
T01795,C0316,SKU_013,果醬
T01796,C0636,SKU_005,塑膠袋
T01796,C0636,SKU_015,牛奶
T01796,C0636,SKU_027,洗髮精
T01797,C0103,SKU_007,可樂
T01797,C0103,SKU_010,寶特瓶飲料
T01797,C0103,SKU_011,杯麵
T01797,C0103,SKU_024,口香糖
T01798,C0546,SKU_006,米
T01798,C0546,SKU_007,可樂
T01798,C0546,SKU_020,葡萄
T01799,C0366,SKU_009,礦泉水
T01799,C0366,SKU_018,香蕉
T01799,C0366,SKU_026,牙膏
T01800,C1077,SKU_010,寶特瓶飲料
T01800,C1077,SKU_022,巧克力
T01800,C1077,SKU_030,SKU_NEW_002
T01801,C0411,SKU_003,啤酒
T01801,C0411,SKU_005,塑膠袋
T01802,C0692,SKU_006,米
T01802,C0692,SKU_012,麵包
T01803,C0861,SKU_002,起司
T01803,C0861,SKU_004,紅酒
T01803,C0861,SKU_013,果醬
T01804,C0012,SKU_007,可樂
T01804,C0012,SKU_018,香蕉
T01804,C0012,SKU_024,口香糖
T01805,C0707,SKU_001,尿布
T01805,C0707,SKU_003,啤酒
T01805,C0707,SKU_007,可樂
T01805,C0707,SKU_008,醬油
T01805,C0707,SKU_010,寶特瓶飲料
T01805,C0707,SKU_011,杯麵
T01805,C0707,SKU_022,巧克力
T01805,C0707,SKU_029,SKU_NEW_001
T01806,C0480,SKU_006,米
T01806,C0480,SKU_008,醬油
T01806,C0480,SKU_009,礦泉水
T01806,C0480,SKU_010,寶特瓶飲料
T01806,C0480,SKU_029,SKU_NEW_001
T01807,C0355,SKU_011,杯麵
T01807,C0355,SKU_020,葡萄
T01807,C0355,SKU_022,巧克力
T01808,C0508,SKU_001,尿布
T01808,C0508,SKU_010,寶特瓶飲料
T01808,C0508,SKU_017,蘋果
T01809,C0875,SKU_007,可樂
T01809,C0875,SKU_026,牙膏
T01809,C0875,SKU_028,茶包
T01810,C0521,SKU_009,礦泉水
T01810,C0521,SKU_013,果醬
T01811,C1065,SKU_025,衛生紙
T01811,C1065,SKU_030,SKU_NEW_002
T01812,C1229,SKU_005,塑膠袋
T01812,C1229,SKU_009,礦泉水
T01812,C1229,SKU_010,寶特瓶飲料
T01812,C1229,SKU_011,杯麵
T01813,C0091,SKU_014,雪碧
T01813,C0091,SKU_019,橘子
T01813,C0091,SKU_022,巧克力
T01814,C1299,SKU_027,洗髮精
T01815,C1170,SKU_005,塑膠袋
T01815,C1170,SKU_012,麵包
T01815,C1170,SKU_016,豆漿
T01815,C1170,SKU_019,橘子
T01816,C0218,SKU_005,塑膠袋
T01816,C0218,SKU_007,可樂
T01816,C0218,SKU_010,寶特瓶飲料
T01816,C0218,SKU_015,牛奶
T01816,C0218,SKU_019,橘子
T01817,C0176,SKU_003,啤酒
T01817,C0176,SKU_007,可樂
T01817,C0176,SKU_011,杯麵
T01818,C1294,SKU_010,寶特瓶飲料
T01818,C1294,SKU_014,雪碧
T01818,C1294,SKU_026,牙膏
T01818,C1294,SKU_029,SKU_NEW_001
T01819,C0665,SKU_008,醬油
T01819,C0665,SKU_010,寶特瓶飲料
T01819,C0665,SKU_016,豆漿
T01819,C0665,SKU_020,葡萄
T01819,C0665,SKU_024,口香糖
T01820,C0434,SKU_024,口香糖
T01820,C0434,SKU_027,洗髮精
T01821,C0107,SKU_004,紅酒
T01821,C0107,SKU_005,塑膠袋
T01821,C0107,SKU_007,可樂
T01822,C0761,SKU_001,尿布
T01822,C0761,SKU_003,啤酒
T01822,C0761,SKU_007,可樂
T01822,C0761,SKU_009,礦泉水
T01822,C0761,SKU_026,牙膏
T01823,C0018,SKU_001,尿布
T01823,C0018,SKU_002,起司
T01823,C0018,SKU_003,啤酒
T01823,C0018,SKU_005,塑膠袋
T01823,C0018,SKU_007,可樂
T01823,C0018,SKU_011,杯麵
T01823,C0018,SKU_029,SKU_NEW_001
T01824,C0001,SKU_002,起司
T01824,C0001,SKU_005,塑膠袋
T01824,C0001,SKU_019,橘子
T01824,C0001,SKU_024,口香糖
T01825,C0453,SKU_002,起司
T01825,C0453,SKU_009,礦泉水
T01825,C0453,SKU_011,杯麵
T01825,C0453,SKU_016,豆漿
T01826,C0661,SKU_010,寶特瓶飲料
T01826,C0661,SKU_014,雪碧
T01827,C0897,SKU_005,塑膠袋
T01827,C0897,SKU_009,礦泉水
T01827,C0897,SKU_016,豆漿
T01827,C0897,SKU_019,橘子
T01828,C0268,SKU_001,尿布
T01828,C0268,SKU_002,起司
T01828,C0268,SKU_009,礦泉水
T01828,C0268,SKU_010,寶特瓶飲料
T01829,C0933,SKU_006,米
T01829,C0933,SKU_007,可樂
T01829,C0933,SKU_009,礦泉水
T01829,C0933,SKU_013,果醬
T01829,C0933,SKU_027,洗髮精
T01830,C0338,SKU_002,起司
T01830,C0338,SKU_004,紅酒
T01830,C0338,SKU_005,塑膠袋
T01830,C0338,SKU_030,SKU_NEW_002
T01831,C0991,SKU_010,寶特瓶飲料
T01831,C0991,SKU_013,果醬
T01832,C0366,SKU_007,可樂
T01832,C0366,SKU_009,礦泉水
T01833,C0632,SKU_005,塑膠袋
T01834,C0004,SKU_002,起司
T01834,C0004,SKU_005,塑膠袋
T01834,C0004,SKU_006,米
T01834,C0004,SKU_008,醬油
T01835,C0139,SKU_010,寶特瓶飲料
T01835,C0139,SKU_026,牙膏
T01836,C0835,SKU_004,紅酒
T01836,C0835,SKU_005,塑膠袋
T01836,C0835,SKU_008,醬油
T01836,C0835,SKU_009,礦泉水
T01836,C0835,SKU_010,寶特瓶飲料
T01837,C0664,SKU_005,塑膠袋
T01837,C0664,SKU_006,米
T01837,C0664,SKU_008,醬油
T01837,C0664,SKU_021,餅乾
T01838,C0130,SKU_007,可樂
T01838,C0130,SKU_020,葡萄
T01838,C0130,SKU_024,口香糖
T01839,C1245,SKU_013,果醬
T01839,C1245,SKU_025,衛生紙
T01840,C0376,SKU_001,尿布
T01840,C0376,SKU_005,塑膠袋
T01840,C0376,SKU_017,蘋果
T01840,C0376,SKU_026,牙膏
T01841,C0027,SKU_018,香蕉
T01841,C0027,SKU_020,葡萄
T01842,C0100,SKU_014,雪碧
T01842,C0100,SKU_027,洗髮精
T01843,C0044,SKU_006,米
T01843,C0044,SKU_008,醬油
T01843,C0044,SKU_013,果醬
T01843,C0044,SKU_015,牛奶
T01843,C0044,SKU_024,口香糖
T01844,C0734,SKU_002,起司
T01844,C0734,SKU_025,衛生紙
T01845,C0069,SKU_005,塑膠袋
T01845,C0069,SKU_020,葡萄
T01845,C0069,SKU_029,SKU_NEW_001
T01846,C0490,SKU_004,紅酒
T01846,C0490,SKU_010,寶特瓶飲料
T01846,C0490,SKU_017,蘋果
T01847,C0149,SKU_001,尿布
T01847,C0149,SKU_003,啤酒
T01847,C0149,SKU_011,杯麵
T01847,C0149,SKU_012,麵包
T01848,C0305,SKU_007,可樂
T01848,C0305,SKU_010,寶特瓶飲料
T01848,C0305,SKU_017,蘋果
T01848,C0305,SKU_019,橘子
T01849,C0811,SKU_001,尿布
T01849,C0811,SKU_009,礦泉水
T01849,C0811,SKU_021,餅乾
T01849,C0811,SKU_027,洗髮精
T01850,C0050,SKU_001,尿布
T01850,C0050,SKU_002,起司
T01850,C0050,SKU_004,紅酒
T01850,C0050,SKU_014,雪碧
T01850,C0050,SKU_022,巧克力
T01850,C0050,SKU_025,衛生紙
T01851,C1115,SKU_007,可樂
T01851,C1115,SKU_009,礦泉水
T01851,C1115,SKU_010,寶特瓶飲料
T01852,C0068,SKU_008,醬油
T01852,C0068,SKU_025,衛生紙
T01852,C0068,SKU_029,SKU_NEW_001
T01853,C0860,SKU_007,可樂
T01853,C0860,SKU_009,礦泉水
T01853,C0860,SKU_011,杯麵
T01853,C0860,SKU_013,果醬
T01854,C0760,SKU_003,啤酒
T01854,C0760,SKU_009,礦泉水
T01854,C0760,SKU_010,寶特瓶飲料
T01854,C0760,SKU_015,牛奶
T01854,C0760,SKU_027,洗髮精
T01855,C0559,SKU_001,尿布
T01855,C0559,SKU_003,啤酒
T01855,C0559,SKU_010,寶特瓶飲料
T01855,C0559,SKU_017,蘋果
T01855,C0559,SKU_019,橘子
T01856,C0145,SKU_012,麵包
T01856,C0145,SKU_013,果醬
T01856,C0145,SKU_016,豆漿
T01856,C0145,SKU_018,香蕉
T01856,C0145,SKU_027,洗髮精
T01857,C0184,SKU_004,紅酒
T01857,C0184,SKU_030,SKU_NEW_002
T01858,C0735,SKU_001,尿布
T01858,C0735,SKU_002,起司
T01858,C0735,SKU_004,紅酒
T01858,C0735,SKU_019,橘子
T01859,C0891,SKU_004,紅酒
T01859,C0891,SKU_008,醬油
T01859,C0891,SKU_025,衛生紙
T01860,C0420,SKU_002,起司
T01860,C0420,SKU_009,礦泉水
T01860,C0420,SKU_022,巧克力
T01860,C0420,SKU_028,茶包
T01861,C0013,SKU_001,尿布
T01861,C0013,SKU_007,可樂
T01861,C0013,SKU_009,礦泉水
T01861,C0013,SKU_024,口香糖
T01861,C0013,SKU_028,茶包
T01862,C0229,SKU_001,尿布
T01862,C0229,SKU_003,啤酒
T01862,C0229,SKU_021,餅乾
T01862,C0229,SKU_029,SKU_NEW_001
T01863,C0134,SKU_007,可樂
T01863,C0134,SKU_010,寶特瓶飲料
T01864,C0644,SKU_004,紅酒
T01864,C0644,SKU_006,米
T01864,C0644,SKU_008,醬油
T01864,C0644,SKU_011,杯麵
T01864,C0644,SKU_022,巧克力
T01864,C0644,SKU_024,口香糖
T01865,C0295,SKU_006,米
T01865,C0295,SKU_010,寶特瓶飲料
T01865,C0295,SKU_011,杯麵
T01865,C0295,SKU_015,牛奶
T01866,C0062,SKU_001,尿布
T01866,C0062,SKU_003,啤酒
T01866,C0062,SKU_007,可樂
T01866,C0062,SKU_022,巧克力
T01866,C0062,SKU_029,SKU_NEW_001
T01867,C0074,SKU_002,起司
T01868,C0193,SKU_007,可樂
T01868,C0193,SKU_016,豆漿
T01869,C0870,SKU_005,塑膠袋
T01869,C0870,SKU_013,果醬
T01870,C1013,SKU_005,塑膠袋
T01871,C0637,SKU_003,啤酒
T01871,C0637,SKU_005,塑膠袋
T01871,C0637,SKU_007,可樂
T01871,C0637,SKU_009,礦泉水
T01871,C0637,SKU_024,口香糖
T01872,C0641,SKU_011,杯麵
T01872,C0641,SKU_012,麵包
T01873,C0627,SKU_002,起司
T01873,C0627,SKU_008,醬油
T01873,C0627,SKU_012,麵包
T01874,C0118,SKU_009,礦泉水
T01874,C0118,SKU_010,寶特瓶飲料
T01874,C0118,SKU_011,杯麵
T01874,C0118,SKU_022,巧克力
T01875,C0625,SKU_024,口香糖
T01875,C0625,SKU_025,衛生紙
T01876,C0071,SKU_002,起司
T01876,C0071,SKU_004,紅酒
T01876,C0071,SKU_012,麵包
T01876,C0071,SKU_015,牛奶
T01876,C0071,SKU_020,葡萄
T01876,C0071,SKU_030,SKU_NEW_002
T01877,C0684,SKU_005,塑膠袋
T01877,C0684,SKU_009,礦泉水
T01877,C0684,SKU_014,雪碧
T01877,C0684,SKU_030,SKU_NEW_002
T01878,C1203,SKU_001,尿布
T01878,C1203,SKU_005,塑膠袋
T01878,C1203,SKU_006,米
T01878,C1203,SKU_008,醬油
T01878,C1203,SKU_012,麵包
T01878,C1203,SKU_023,洋芋片
T01878,C1203,SKU_027,洗髮精
T01879,C1022,SKU_008,醬油
T01879,C1022,SKU_009,礦泉水
T01880,C0299,SKU_011,杯麵
T01880,C0299,SKU_019,橘子
T01881,C0982,SKU_009,礦泉水
T01882,C0135,SKU_005,塑膠袋
T01882,C0135,SKU_009,礦泉水
T01882,C0135,SKU_013,果醬
T01882,C0135,SKU_029,SKU_NEW_001
T01882,C0135,SKU_030,SKU_NEW_002
T01883,C1288,SKU_005,塑膠袋
T01883,C1288,SKU_007,可樂
T01883,C1288,SKU_008,醬油
T01883,C1288,SKU_024,口香糖
T01883,C1288,SKU_025,衛生紙
T01884,C1457,SKU_005,塑膠袋
T01884,C1457,SKU_007,可樂
T01884,C1457,SKU_030,SKU_NEW_002
T01885,C0233,SKU_003,啤酒
T01885,C0233,SKU_026,牙膏
T01886,C1023,SKU_002,起司
T01886,C1023,SKU_004,紅酒
T01886,C1023,SKU_013,果醬
T01886,C1023,SKU_016,豆漿
T01887,C0720,SKU_005,塑膠袋
T01887,C0720,SKU_019,橘子
T01887,C0720,SKU_027,洗髮精
T01888,C0121,SKU_004,紅酒
T01888,C0121,SKU_005,塑膠袋
T01888,C0121,SKU_010,寶特瓶飲料
T01888,C0121,SKU_019,橘子
T01889,C0293,SKU_001,尿布
T01889,C0293,SKU_005,塑膠袋
T01889,C0293,SKU_013,果醬
T01889,C0293,SKU_030,SKU_NEW_002
T01890,C0064,SKU_002,起司
T01890,C0064,SKU_004,紅酒
T01890,C0064,SKU_025,衛生紙
T01891,C1121,SKU_016,豆漿
T01891,C1121,SKU_027,洗髮精
T01892,C0563,SKU_004,紅酒
T01892,C0563,SKU_007,可樂
T01892,C0563,SKU_009,礦泉水
T01892,C0563,SKU_015,牛奶
T01893,C0737,SKU_002,起司
T01893,C0737,SKU_004,紅酒
T01893,C0737,SKU_009,礦泉水
T01894,C0697,SKU_002,起司
T01894,C0697,SKU_006,米
T01894,C0697,SKU_008,醬油
T01894,C0697,SKU_019,橘子
T01895,C0379,SKU_002,起司
T01895,C0379,SKU_004,紅酒
T01895,C0379,SKU_008,醬油
T01895,C0379,SKU_024,口香糖
T01896,C0125,SKU_007,可樂
T01896,C0125,SKU_009,礦泉水
T01897,C0965,SKU_003,啤酒
T01897,C0965,SKU_017,蘋果
T01898,C1348,SKU_001,尿布
T01898,C1348,SKU_002,起司
T01898,C1348,SKU_003,啤酒
T01898,C1348,SKU_004,紅酒
T01898,C1348,SKU_007,可樂
T01899,C0588,SKU_004,紅酒
T01899,C0588,SKU_005,塑膠袋
T01899,C0588,SKU_011,杯麵
T01899,C0588,SKU_012,麵包
T01899,C0588,SKU_017,蘋果
T01899,C0588,SKU_018,香蕉
T01899,C0588,SKU_020,葡萄
T01899,C0588,SKU_026,牙膏
T01900,C0060,SKU_004,紅酒
T01900,C0060,SKU_009,礦泉水
T01900,C0060,SKU_010,寶特瓶飲料
T01900,C0060,SKU_022,巧克力
T01900,C0060,SKU_028,茶包
T01901,C0878,SKU_006,米
T01901,C0878,SKU_017,蘋果
T01902,C0085,SKU_002,起司
T01902,C0085,SKU_004,紅酒
T01902,C0085,SKU_013,果醬
T01902,C0085,SKU_025,衛生紙
T01902,C0085,SKU_027,洗髮精
T01903,C0393,SKU_001,尿布
T01903,C0393,SKU_019,橘子
T01903,C0393,SKU_020,葡萄
T01904,C0220,SKU_002,起司
T01904,C0220,SKU_005,塑膠袋
T01904,C0220,SKU_008,醬油
T01904,C0220,SKU_010,寶特瓶飲料
T01904,C0220,SKU_012,麵包
T01904,C0220,SKU_021,餅乾
T01905,C1196,SKU_010,寶特瓶飲料
T01905,C1196,SKU_014,雪碧
T01905,C1196,SKU_016,豆漿
T01905,C1196,SKU_017,蘋果
T01906,C0034,SKU_003,啤酒
T01906,C0034,SKU_010,寶特瓶飲料
T01906,C0034,SKU_013,果醬
T01906,C0034,SKU_021,餅乾
T01907,C0055,SKU_009,礦泉水
T01907,C0055,SKU_012,麵包
T01908,C0268,SKU_010,寶特瓶飲料
T01908,C0268,SKU_013,果醬
T01908,C0268,SKU_019,橘子
T01909,C0176,SKU_005,塑膠袋
T01909,C0176,SKU_007,可樂
T01909,C0176,SKU_008,醬油
T01910,C0186,SKU_001,尿布
T01910,C0186,SKU_003,啤酒
T01911,C0465,SKU_005,塑膠袋
T01911,C0465,SKU_022,巧克力
T01912,C0072,SKU_002,起司
T01912,C0072,SKU_004,紅酒
T01912,C0072,SKU_008,醬油
T01912,C0072,SKU_010,寶特瓶飲料
T01912,C0072,SKU_028,茶包
T01913,C0818,SKU_003,啤酒
T01913,C0818,SKU_013,果醬
T01914,C0136,SKU_001,尿布
T01914,C0136,SKU_003,啤酒
T01914,C0136,SKU_007,可樂
T01914,C0136,SKU_009,礦泉水
T01914,C0136,SKU_024,口香糖
T01915,C0156,SKU_008,醬油
T01915,C0156,SKU_012,麵包
T01915,C0156,SKU_016,豆漿
T01916,C0787,SKU_001,尿布
T01916,C0787,SKU_003,啤酒
T01916,C0787,SKU_008,醬油
T01916,C0787,SKU_009,礦泉水
T01916,C0787,SKU_014,雪碧
T01916,C0787,SKU_017,蘋果
T01916,C0787,SKU_027,洗髮精
T01917,C0685,SKU_006,米
T01917,C0685,SKU_007,可樂
T01917,C0685,SKU_008,醬油
T01918,C0755,SKU_007,可樂
T01918,C0755,SKU_010,寶特瓶飲料
T01918,C0755,SKU_011,杯麵
T01918,C0755,SKU_024,口香糖
T01918,C0755,SKU_028,茶包
T01919,C1428,SKU_001,尿布
T01919,C1428,SKU_002,起司
T01919,C1428,SKU_003,啤酒
T01919,C1428,SKU_004,紅酒
T01920,C0660,SKU_001,尿布
T01920,C0660,SKU_003,啤酒
T01921,C1324,SKU_002,起司
T01921,C1324,SKU_004,紅酒
T01921,C1324,SKU_005,塑膠袋
T01921,C1324,SKU_008,醬油
T01921,C1324,SKU_010,寶特瓶飲料
T01921,C1324,SKU_017,蘋果
T01922,C0186,SKU_001,尿布
T01922,C0186,SKU_003,啤酒
T01922,C0186,SKU_024,口香糖
T01922,C0186,SKU_029,SKU_NEW_001
T01923,C0775,SKU_012,麵包
T01924,C1449,SKU_001,尿布
T01924,C1449,SKU_002,起司
T01924,C1449,SKU_003,啤酒
T01924,C1449,SKU_004,紅酒
T01924,C1449,SKU_006,米
T01924,C1449,SKU_008,醬油
T01924,C1449,SKU_030,SKU_NEW_002
T01925,C0437,SKU_009,礦泉水
T01925,C0437,SKU_010,寶特瓶飲料
T01926,C0763,SKU_002,起司
T01926,C0763,SKU_018,香蕉
T01927,C0642,SKU_005,塑膠袋
T01927,C0642,SKU_011,杯麵
T01927,C0642,SKU_017,蘋果
T01927,C0642,SKU_023,洋芋片
T01928,C0041,SKU_001,尿布
T01928,C0041,SKU_003,啤酒
T01928,C0041,SKU_016,豆漿
T01928,C0041,SKU_023,洋芋片
T01928,C0041,SKU_026,牙膏
T01929,C0027,SKU_010,寶特瓶飲料
T01929,C0027,SKU_012,麵包
T01930,C0502,SKU_001,尿布
T01930,C0502,SKU_003,啤酒
T01930,C0502,SKU_009,礦泉水
T01930,C0502,SKU_022,巧克力
T01930,C0502,SKU_023,洋芋片
T01930,C0502,SKU_024,口香糖
T01931,C0840,SKU_005,塑膠袋
T01931,C0840,SKU_008,醬油
T01932,C1185,SKU_001,尿布
T01932,C1185,SKU_003,啤酒
T01932,C1185,SKU_015,牛奶
T01932,C1185,SKU_018,香蕉
T01932,C1185,SKU_022,巧克力
T01933,C0882,SKU_007,可樂
T01933,C0882,SKU_009,礦泉水
T01933,C0882,SKU_019,橘子
T01934,C0125,SKU_002,起司
T01934,C0125,SKU_007,可樂
T01934,C0125,SKU_020,葡萄
T01934,C0125,SKU_024,口香糖
T01935,C0502,SKU_001,尿布
T01935,C0502,SKU_002,起司
T01935,C0502,SKU_003,啤酒
T01935,C0502,SKU_004,紅酒
T01935,C0502,SKU_016,豆漿
T01936,C0745,SKU_010,寶特瓶飲料
T01937,C0448,SKU_003,啤酒
T01937,C0448,SKU_020,葡萄
T01937,C0448,SKU_027,洗髮精
T01938,C0889,SKU_005,塑膠袋
T01938,C0889,SKU_007,可樂
T01938,C0889,SKU_009,礦泉水
T01938,C0889,SKU_012,麵包
T01939,C0134,SKU_006,米
T01939,C0134,SKU_007,可樂
T01939,C0134,SKU_008,醬油
T01940,C0378,SKU_001,尿布
T01940,C0378,SKU_003,啤酒
T01940,C0378,SKU_007,可樂
T01941,C0539,SKU_002,起司
T01941,C0539,SKU_004,紅酒
T01941,C0539,SKU_009,礦泉水
T01941,C0539,SKU_014,雪碧
T01941,C0539,SKU_019,橘子
T01941,C0539,SKU_020,葡萄
T01941,C0539,SKU_026,牙膏
T01942,C0494,SKU_010,寶特瓶飲料
T01942,C0494,SKU_025,衛生紙
T01942,C0494,SKU_027,洗髮精
T01943,C0574,SKU_010,寶特瓶飲料
T01943,C0574,SKU_011,杯麵
T01943,C0574,SKU_016,豆漿
T01943,C0574,SKU_019,橘子
T01943,C0574,SKU_021,餅乾
T01944,C0002,SKU_004,紅酒
T01944,C0002,SKU_006,米
T01944,C0002,SKU_028,茶包
T01945,C0349,SKU_001,尿布
T01945,C0349,SKU_003,啤酒
T01945,C0349,SKU_020,葡萄
T01945,C0349,SKU_026,牙膏
T01946,C1336,SKU_010,寶特瓶飲料
T01946,C1336,SKU_011,杯麵
T01946,C1336,SKU_017,蘋果
T01946,C1336,SKU_028,茶包
T01947,C0636,SKU_020,葡萄
T01948,C0788,SKU_006,米
T01948,C0788,SKU_010,寶特瓶飲料
T01948,C0788,SKU_011,杯麵
T01948,C0788,SKU_019,橘子
T01949,C0027,SKU_002,起司
T01949,C0027,SKU_004,紅酒
T01949,C0027,SKU_006,米
T01949,C0027,SKU_008,醬油
T01949,C0027,SKU_030,SKU_NEW_002
T01950,C1348,SKU_001,尿布
T01950,C1348,SKU_008,醬油
T01950,C1348,SKU_011,杯麵
T01951,C0724,SKU_001,尿布
T01951,C0724,SKU_007,可樂
T01951,C0724,SKU_019,橘子
T01952,C0423,SKU_008,醬油
T01952,C0423,SKU_030,SKU_NEW_002
T01953,C0317,SKU_001,尿布
T01953,C0317,SKU_003,啤酒
T01953,C0317,SKU_007,可樂
T01953,C0317,SKU_023,洋芋片
T01953,C0317,SKU_027,洗髮精
T01954,C0131,SKU_001,尿布
T01954,C0131,SKU_003,啤酒
T01954,C0131,SKU_007,可樂
T01954,C0131,SKU_008,醬油
T01954,C0131,SKU_009,礦泉水
T01954,C0131,SKU_021,餅乾
T01954,C0131,SKU_025,衛生紙
T01955,C0471,SKU_017,蘋果
T01956,C0493,SKU_005,塑膠袋
T01956,C0493,SKU_010,寶特瓶飲料
T01956,C0493,SKU_025,衛生紙
T01956,C0493,SKU_029,SKU_NEW_001
T01957,C0564,SKU_016,豆漿
T01957,C0564,SKU_019,橘子
T01957,C0564,SKU_027,洗髮精
T01958,C0429,SKU_006,米
T01958,C0429,SKU_008,醬油
T01958,C0429,SKU_010,寶特瓶飲料
T01958,C0429,SKU_012,麵包
T01959,C0538,SKU_013,果醬
T01959,C0538,SKU_015,牛奶
T01959,C0538,SKU_017,蘋果
T01960,C0803,SKU_001,尿布
T01960,C0803,SKU_009,礦泉水
T01960,C0803,SKU_027,洗髮精
T01961,C0828,SKU_005,塑膠袋
T01961,C0828,SKU_008,醬油
T01961,C0828,SKU_010,寶特瓶飲料
T01962,C0889,SKU_001,尿布
T01962,C0889,SKU_003,啤酒
T01962,C0889,SKU_007,可樂
T01962,C0889,SKU_017,蘋果
T01962,C0889,SKU_018,香蕉
T01962,C0889,SKU_025,衛生紙
T01962,C0889,SKU_026,牙膏
T01963,C0292,SKU_005,塑膠袋
T01963,C0292,SKU_029,SKU_NEW_001
T01964,C0117,SKU_018,香蕉
T01965,C0759,SKU_002,起司
T01965,C0759,SKU_004,紅酒
T01965,C0759,SKU_014,雪碧
T01965,C0759,SKU_022,巧克力
T01965,C0759,SKU_024,口香糖
T01965,C0759,SKU_025,衛生紙
T01965,C0759,SKU_030,SKU_NEW_002
T01966,C1031,SKU_006,米
T01966,C1031,SKU_008,醬油
T01966,C1031,SKU_015,牛奶
T01966,C1031,SKU_016,豆漿
T01967,C0514,SKU_001,尿布
T01967,C0514,SKU_005,塑膠袋
T01967,C0514,SKU_012,麵包
T01967,C0514,SKU_013,果醬
T01967,C0514,SKU_019,橘子
T01967,C0514,SKU_030,SKU_NEW_002
T01968,C0592,SKU_015,牛奶
T01968,C0592,SKU_029,SKU_NEW_001
T01969,C0316,SKU_009,礦泉水
T01969,C0316,SKU_017,蘋果
T01969,C0316,SKU_023,洋芋片
T01970,C0121,SKU_001,尿布
T01970,C0121,SKU_007,可樂
T01970,C0121,SKU_011,杯麵
T01971,C0046,SKU_007,可樂
T01972,C0883,SKU_012,麵包
T01972,C0883,SKU_020,葡萄
T01973,C0723,SKU_003,啤酒
T01973,C0723,SKU_008,醬油
T01973,C0723,SKU_014,雪碧
T01973,C0723,SKU_030,SKU_NEW_002
T01974,C0883,SKU_010,寶特瓶飲料
T01975,C0048,SKU_003,啤酒
T01975,C0048,SKU_005,塑膠袋
T01976,C0470,SKU_004,紅酒
T01976,C0470,SKU_005,塑膠袋
T01976,C0470,SKU_006,米
T01976,C0470,SKU_007,可樂
T01976,C0470,SKU_008,醬油
T01976,C0470,SKU_009,礦泉水
T01976,C0470,SKU_014,雪碧
T01977,C0871,SKU_008,醬油
T01977,C0871,SKU_011,杯麵
T01978,C0648,SKU_004,紅酒
T01978,C0648,SKU_005,塑膠袋
T01978,C0648,SKU_016,豆漿
T01978,C0648,SKU_020,葡萄
T01978,C0648,SKU_025,衛生紙
T01979,C0732,SKU_009,礦泉水
T01979,C0732,SKU_014,雪碧
T01979,C0732,SKU_018,香蕉
T01979,C0732,SKU_022,巧克力
T01979,C0732,SKU_023,洋芋片
T01980,C0856,SKU_005,塑膠袋
T01980,C0856,SKU_007,可樂
T01980,C0856,SKU_008,醬油
T01980,C0856,SKU_011,杯麵
T01981,C0192,SKU_009,礦泉水
T01981,C0192,SKU_018,香蕉
T01982,C0587,SKU_005,塑膠袋
T01982,C0587,SKU_026,牙膏
T01982,C0587,SKU_028,茶包
T01983,C1099,SKU_005,塑膠袋
T01983,C1099,SKU_010,寶特瓶飲料
T01983,C1099,SKU_027,洗髮精
T01984,C0037,SKU_008,醬油
T01984,C0037,SKU_014,雪碧
T01984,C0037,SKU_028,茶包
T01985,C0791,SKU_004,紅酒
T01985,C0791,SKU_026,牙膏
T01985,C0791,SKU_029,SKU_NEW_001
T01986,C0384,SKU_001,尿布
T01986,C0384,SKU_003,啤酒
T01986,C0384,SKU_006,米
T01986,C0384,SKU_007,可樂
T01986,C0384,SKU_022,巧克力
T01987,C0488,SKU_001,尿布
T01987,C0488,SKU_002,起司
T01987,C0488,SKU_004,紅酒
T01987,C0488,SKU_005,塑膠袋
T01988,C0114,SKU_004,紅酒
T01988,C0114,SKU_005,塑膠袋
T01988,C0114,SKU_025,衛生紙
T01989,C0435,SKU_023,洋芋片
T01989,C0435,SKU_024,口香糖
T01989,C0435,SKU_030,SKU_NEW_002
T01990,C0080,SKU_001,尿布
T01990,C0080,SKU_004,紅酒
T01990,C0080,SKU_005,塑膠袋
T01990,C0080,SKU_009,礦泉水
T01990,C0080,SKU_011,杯麵
T01990,C0080,SKU_012,麵包
T01990,C0080,SKU_023,洋芋片
T01991,C0452,SKU_001,尿布
T01991,C0452,SKU_003,啤酒
T01991,C0452,SKU_006,米
T01991,C0452,SKU_008,醬油
T01991,C0452,SKU_011,杯麵
T01991,C0452,SKU_021,餅乾
T01992,C0551,SKU_003,啤酒
T01992,C0551,SKU_005,塑膠袋
T01992,C0551,SKU_007,可樂
T01992,C0551,SKU_022,巧克力
T01993,C0638,SKU_004,紅酒
T01993,C0638,SKU_007,可樂
T01993,C0638,SKU_019,橘子
T01993,C0638,SKU_023,洋芋片
T01993,C0638,SKU_025,衛生紙
T01994,C0298,SKU_002,起司
T01994,C0298,SKU_004,紅酒
T01994,C0298,SKU_021,餅乾
T01994,C0298,SKU_026,牙膏
T01995,C0659,SKU_001,尿布
T01995,C0659,SKU_003,啤酒
T01995,C0659,SKU_007,可樂
T01995,C0659,SKU_017,蘋果
T01996,C0754,SKU_004,紅酒
T01996,C0754,SKU_013,果醬
T01997,C0269,SKU_005,塑膠袋
T01998,C0715,SKU_011,杯麵
T01998,C0715,SKU_028,茶包
T01999,C0473,SKU_003,啤酒
T01999,C0473,SKU_010,寶特瓶飲料
T01999,C0473,SKU_026,牙膏
T02000,C0007,SKU_002,起司
T02000,C0007,SKU_007,可樂
T02000,C0007,SKU_010,寶特瓶飲料
T02000,C0007,SKU_011,杯麵
T02001,C0008,SKU_007,可樂
T02001,C0008,SKU_010,寶特瓶飲料
T02001,C0008,SKU_020,葡萄
T02002,C0423,SKU_001,尿布
T02002,C0423,SKU_003,啤酒
T02002,C0423,SKU_005,塑膠袋
T02002,C0423,SKU_009,礦泉水
T02002,C0423,SKU_010,寶特瓶飲料
T02003,C0954,SKU_004,紅酒
T02004,C0499,SKU_006,米
T02004,C0499,SKU_008,醬油
T02004,C0499,SKU_019,橘子
T02005,C0941,SKU_001,尿布
T02005,C0941,SKU_003,啤酒
T02005,C0941,SKU_006,米
T02005,C0941,SKU_011,杯麵
T02005,C0941,SKU_017,蘋果
T02006,C0837,SKU_002,起司
T02006,C0837,SKU_004,紅酒
T02006,C0837,SKU_008,醬油
T02006,C0837,SKU_017,蘋果
T02007,C1070,SKU_002,起司
T02007,C1070,SKU_004,紅酒
T02007,C1070,SKU_014,雪碧
T02007,C1070,SKU_022,巧克力
T02008,C0265,SKU_003,啤酒
T02008,C0265,SKU_017,蘋果
T02009,C0528,SKU_025,衛生紙
T02010,C0509,SKU_006,米
T02010,C0509,SKU_008,醬油
T02010,C0509,SKU_012,麵包
T02011,C0676,SKU_002,起司
T02011,C0676,SKU_004,紅酒
T02011,C0676,SKU_013,果醬
T02012,C0806,SKU_002,起司
T02012,C0806,SKU_004,紅酒
T02012,C0806,SKU_005,塑膠袋
T02012,C0806,SKU_008,醬油
T02012,C0806,SKU_010,寶特瓶飲料
T02012,C0806,SKU_023,洋芋片
T02013,C0021,SKU_005,塑膠袋
T02013,C0021,SKU_012,麵包
T02013,C0021,SKU_013,果醬
T02013,C0021,SKU_021,餅乾
T02014,C0503,SKU_002,起司
T02014,C0503,SKU_004,紅酒
T02014,C0503,SKU_005,塑膠袋
T02014,C0503,SKU_007,可樂
T02014,C0503,SKU_015,牛奶
T02014,C0503,SKU_018,香蕉
T02014,C0503,SKU_029,SKU_NEW_001
T02015,C0120,SKU_001,尿布
T02015,C0120,SKU_009,礦泉水
T02016,C0058,SKU_024,口香糖
T02017,C0304,SKU_003,啤酒
T02017,C0304,SKU_006,米
T02017,C0304,SKU_008,醬油
T02017,C0304,SKU_012,麵包
T02018,C0146,SKU_001,尿布
T02018,C0146,SKU_003,啤酒
T02018,C0146,SKU_014,雪碧
T02019,C0877,SKU_004,紅酒
T02019,C0877,SKU_010,寶特瓶飲料
T02019,C0877,SKU_015,牛奶
T02019,C0877,SKU_030,SKU_NEW_002
T02020,C1245,SKU_003,啤酒
T02020,C1245,SKU_007,可樂
T02021,C0884,SKU_004,紅酒
T02021,C0884,SKU_010,寶特瓶飲料
T02021,C0884,SKU_027,洗髮精
T02021,C0884,SKU_030,SKU_NEW_002
T02022,C1053,SKU_002,起司
T02022,C1053,SKU_005,塑膠袋
T02022,C1053,SKU_009,礦泉水
T02022,C1053,SKU_010,寶特瓶飲料
T02022,C1053,SKU_023,洋芋片
T02022,C1053,SKU_024,口香糖
T02023,C1366,SKU_015,牛奶
T02024,C0268,SKU_001,尿布
T02024,C0268,SKU_002,起司
T02024,C0268,SKU_003,啤酒
T02024,C0268,SKU_004,紅酒
T02024,C0268,SKU_009,礦泉水
T02024,C0268,SKU_010,寶特瓶飲料
T02024,C0268,SKU_026,牙膏
T02025,C0048,SKU_006,米
T02025,C0048,SKU_008,醬油
T02025,C0048,SKU_026,牙膏
T02026,C0108,SKU_004,紅酒
T02026,C0108,SKU_007,可樂
T02026,C0108,SKU_009,礦泉水
T02026,C0108,SKU_019,橘子
T02026,C0108,SKU_025,衛生紙
T02026,C0108,SKU_028,茶包
T02027,C1346,SKU_002,起司
T02027,C1346,SKU_004,紅酒
T02027,C1346,SKU_005,塑膠袋
T02027,C1346,SKU_009,礦泉水
T02027,C1346,SKU_014,雪碧
T02027,C1346,SKU_029,SKU_NEW_001
T02028,C0104,SKU_004,紅酒
T02028,C0104,SKU_010,寶特瓶飲料
T02028,C0104,SKU_014,雪碧
T02028,C0104,SKU_022,巧克力
T02029,C0081,SKU_003,啤酒
T02029,C0081,SKU_010,寶特瓶飲料
T02029,C0081,SKU_015,牛奶
T02029,C0081,SKU_023,洋芋片
T02030,C0523,SKU_005,塑膠袋
T02031,C0611,SKU_001,尿布
T02031,C0611,SKU_003,啤酒
T02031,C0611,SKU_015,牛奶
T02031,C0611,SKU_024,口香糖
T02032,C0043,SKU_004,紅酒
T02032,C0043,SKU_007,可樂
T02032,C0043,SKU_023,洋芋片
T02033,C0372,SKU_006,米
T02033,C0372,SKU_008,醬油
T02033,C0372,SKU_009,礦泉水
T02033,C0372,SKU_014,雪碧
T02034,C0192,SKU_006,米
T02034,C0192,SKU_008,醬油
T02034,C0192,SKU_016,豆漿
T02034,C0192,SKU_021,餅乾
T02034,C0192,SKU_027,洗髮精
T02035,C0490,SKU_004,紅酒
T02035,C0490,SKU_005,塑膠袋
T02035,C0490,SKU_007,可樂
T02035,C0490,SKU_015,牛奶
T02035,C0490,SKU_026,牙膏
T02036,C0702,SKU_013,果醬
T02036,C0702,SKU_014,雪碧
T02037,C0672,SKU_007,可樂
T02037,C0672,SKU_013,果醬
T02037,C0672,SKU_023,洋芋片
T02037,C0672,SKU_028,茶包
T02038,C0621,SKU_007,可樂
T02038,C0621,SKU_016,豆漿
T02039,C0874,SKU_005,塑膠袋
T02039,C0874,SKU_007,可樂
T02039,C0874,SKU_015,牛奶
T02040,C0628,SKU_004,紅酒
T02041,C0146,SKU_007,可樂
T02041,C0146,SKU_008,醬油
T02041,C0146,SKU_009,礦泉水
T02042,C0710,SKU_001,尿布
T02042,C0710,SKU_010,寶特瓶飲料
T02043,C0189,SKU_008,醬油
T02043,C0189,SKU_011,杯麵
T02043,C0189,SKU_012,麵包
T02043,C0189,SKU_022,巧克力
T02043,C0189,SKU_030,SKU_NEW_002
T02044,C0295,SKU_018,香蕉
T02044,C0295,SKU_019,橘子
T02044,C0295,SKU_025,衛生紙
T02044,C0295,SKU_030,SKU_NEW_002
T02045,C0111,SKU_005,塑膠袋
T02045,C0111,SKU_015,牛奶
T02046,C1158,SKU_005,塑膠袋
T02046,C1158,SKU_021,餅乾
T02047,C0122,SKU_001,尿布
T02047,C0122,SKU_003,啤酒
T02047,C0122,SKU_007,可樂
T02047,C0122,SKU_010,寶特瓶飲料
T02047,C0122,SKU_018,香蕉
T02047,C0122,SKU_020,葡萄
T02048,C0129,SKU_005,塑膠袋
T02048,C0129,SKU_020,葡萄
T02048,C0129,SKU_024,口香糖
T02049,C0346,SKU_006,米
T02049,C0346,SKU_008,醬油
T02050,C0609,SKU_001,尿布
T02050,C0609,SKU_002,起司
T02050,C0609,SKU_004,紅酒
T02050,C0609,SKU_009,礦泉水
T02050,C0609,SKU_010,寶特瓶飲料
T02050,C0609,SKU_016,豆漿
T02051,C0709,SKU_004,紅酒
T02051,C0709,SKU_005,塑膠袋
T02051,C0709,SKU_007,可樂
T02051,C0709,SKU_020,葡萄
T02051,C0709,SKU_021,餅乾
T02051,C0709,SKU_025,衛生紙
T02052,C0329,SKU_001,尿布
T02052,C0329,SKU_002,起司
T02052,C0329,SKU_003,啤酒
T02052,C0329,SKU_004,紅酒
T02052,C0329,SKU_005,塑膠袋
T02052,C0329,SKU_008,醬油
T02052,C0329,SKU_018,香蕉
T02052,C0329,SKU_019,橘子
T02053,C0772,SKU_007,可樂
T02053,C0772,SKU_012,麵包
T02053,C0772,SKU_029,SKU_NEW_001
T02054,C0130,SKU_010,寶特瓶飲料
T02054,C0130,SKU_022,巧克力
T02055,C0626,SKU_009,礦泉水
T02055,C0626,SKU_019,橘子
T02056,C0435,SKU_004,紅酒
T02056,C0435,SKU_008,醬油
T02056,C0435,SKU_011,杯麵
T02057,C0231,SKU_005,塑膠袋
T02057,C0231,SKU_028,茶包
T02057,C0231,SKU_030,SKU_NEW_002
T02058,C0070,SKU_007,可樂
T02058,C0070,SKU_008,醬油
T02058,C0070,SKU_010,寶特瓶飲料
T02058,C0070,SKU_015,牛奶
T02058,C0070,SKU_016,豆漿
T02059,C0848,SKU_007,可樂
T02059,C0848,SKU_009,礦泉水
T02059,C0848,SKU_017,蘋果
T02060,C0617,SKU_007,可樂
T02060,C0617,SKU_012,麵包
T02060,C0617,SKU_019,橘子
T02060,C0617,SKU_027,洗髮精
T02061,C0389,SKU_005,塑膠袋
T02061,C0389,SKU_009,礦泉水
T02061,C0389,SKU_014,雪碧
T02061,C0389,SKU_018,香蕉
T02062,C0892,SKU_003,啤酒
T02062,C0892,SKU_007,可樂
T02062,C0892,SKU_012,麵包
T02062,C0892,SKU_022,巧克力
T02063,C0781,SKU_002,起司
T02063,C0781,SKU_009,礦泉水
T02063,C0781,SKU_012,麵包
T02063,C0781,SKU_016,豆漿
T02063,C0781,SKU_019,橘子
T02063,C0781,SKU_020,葡萄
T02064,C0563,SKU_005,塑膠袋
T02064,C0563,SKU_008,醬油
T02064,C0563,SKU_009,礦泉水
T02064,C0563,SKU_013,果醬
T02064,C0563,SKU_026,牙膏
T02065,C0158,SKU_015,牛奶
T02065,C0158,SKU_022,巧克力
T02066,C0660,SKU_002,起司
T02066,C0660,SKU_004,紅酒
T02066,C0660,SKU_005,塑膠袋
T02066,C0660,SKU_006,米
T02066,C0660,SKU_008,醬油
T02067,C0138,SKU_003,啤酒
T02067,C0138,SKU_007,可樂
T02067,C0138,SKU_022,巧克力
T02067,C0138,SKU_029,SKU_NEW_001
T02067,C0138,SKU_030,SKU_NEW_002
T02068,C0104,SKU_004,紅酒
T02068,C0104,SKU_006,米
T02068,C0104,SKU_008,醬油
T02069,C0159,SKU_006,米
T02069,C0159,SKU_008,醬油
T02069,C0159,SKU_019,橘子
T02069,C0159,SKU_030,SKU_NEW_002
T02070,C0867,SKU_001,尿布
T02070,C0867,SKU_005,塑膠袋
T02070,C0867,SKU_016,豆漿
T02070,C0867,SKU_022,巧克力
T02071,C0766,SKU_001,尿布
T02071,C0766,SKU_003,啤酒
T02071,C0766,SKU_005,塑膠袋
T02072,C0159,SKU_006,米
T02072,C0159,SKU_008,醬油
T02072,C0159,SKU_011,杯麵
T02072,C0159,SKU_018,香蕉
T02073,C0721,SKU_001,尿布
T02073,C0721,SKU_003,啤酒
T02074,C0448,SKU_005,塑膠袋
T02074,C0448,SKU_007,可樂
T02074,C0448,SKU_026,牙膏
T02075,C0425,SKU_007,可樂
T02075,C0425,SKU_009,礦泉水
T02075,C0425,SKU_013,果醬
T02075,C0425,SKU_014,雪碧
T02075,C0425,SKU_021,餅乾
T02076,C0027,SKU_002,起司
T02076,C0027,SKU_004,紅酒
T02076,C0027,SKU_015,牛奶
T02076,C0027,SKU_024,口香糖
T02076,C0027,SKU_025,衛生紙
T02076,C0027,SKU_028,茶包
T02077,C0692,SKU_009,礦泉水
T02077,C0692,SKU_015,牛奶
T02077,C0692,SKU_022,巧克力
T02077,C0692,SKU_028,茶包
T02078,C0488,SKU_005,塑膠袋
T02078,C0488,SKU_016,豆漿
T02078,C0488,SKU_025,衛生紙
T02079,C0232,SKU_005,塑膠袋
T02079,C0232,SKU_024,口香糖
T02080,C0877,SKU_002,起司
T02080,C0877,SKU_004,紅酒
T02080,C0877,SKU_009,礦泉水
T02080,C0877,SKU_027,洗髮精
T02080,C0877,SKU_030,SKU_NEW_002
T02081,C0538,SKU_009,礦泉水
T02081,C0538,SKU_019,橘子
T02081,C0538,SKU_024,口香糖
T02082,C0537,SKU_002,起司
T02082,C0537,SKU_009,礦泉水
T02082,C0537,SKU_012,麵包
T02082,C0537,SKU_014,雪碧
T02082,C0537,SKU_024,口香糖
T02082,C0537,SKU_030,SKU_NEW_002
T02083,C0691,SKU_005,塑膠袋
T02083,C0691,SKU_008,醬油
T02083,C0691,SKU_010,寶特瓶飲料
T02083,C0691,SKU_012,麵包
T02083,C0691,SKU_029,SKU_NEW_001
T02084,C0684,SKU_002,起司
T02084,C0684,SKU_005,塑膠袋
T02084,C0684,SKU_006,米
T02084,C0684,SKU_008,醬油
T02084,C0684,SKU_010,寶特瓶飲料
T02084,C0684,SKU_029,SKU_NEW_001
T02084,C0684,SKU_030,SKU_NEW_002
T02085,C1427,SKU_001,尿布
T02085,C1427,SKU_004,紅酒
T02086,C1218,SKU_006,米
T02086,C1218,SKU_008,醬油
T02086,C1218,SKU_012,麵包
T02086,C1218,SKU_014,雪碧
T02086,C1218,SKU_019,橘子
T02086,C1218,SKU_025,衛生紙
T02087,C0081,SKU_002,起司
T02087,C0081,SKU_005,塑膠袋
T02087,C0081,SKU_007,可樂
T02087,C0081,SKU_010,寶特瓶飲料
T02087,C0081,SKU_029,SKU_NEW_001
T02088,C0051,SKU_006,米
T02088,C0051,SKU_008,醬油
T02088,C0051,SKU_010,寶特瓶飲料
T02089,C0130,SKU_016,豆漿
T02090,C0191,SKU_004,紅酒
T02090,C0191,SKU_005,塑膠袋
T02090,C0191,SKU_010,寶特瓶飲料
T02090,C0191,SKU_019,橘子
T02091,C0788,SKU_009,礦泉水
T02092,C0181,SKU_002,起司
T02092,C0181,SKU_004,紅酒
T02092,C0181,SKU_007,可樂
T02092,C0181,SKU_009,礦泉水
T02092,C0181,SKU_030,SKU_NEW_002
T02093,C0463,SKU_001,尿布
T02093,C0463,SKU_007,可樂
T02093,C0463,SKU_009,礦泉水
T02093,C0463,SKU_020,葡萄
T02094,C0307,SKU_001,尿布
T02094,C0307,SKU_002,起司
T02094,C0307,SKU_004,紅酒
T02094,C0307,SKU_005,塑膠袋
T02094,C0307,SKU_010,寶特瓶飲料
T02094,C0307,SKU_018,香蕉
T02094,C0307,SKU_028,茶包
T02094,C0307,SKU_030,SKU_NEW_002
T02095,C0122,SKU_015,牛奶
T02095,C0122,SKU_017,蘋果
T02095,C0122,SKU_020,葡萄
T02095,C0122,SKU_024,口香糖
T02096,C0294,SKU_006,米
T02096,C0294,SKU_007,可樂
T02096,C0294,SKU_022,巧克力
T02097,C1257,SKU_018,香蕉
T02097,C1257,SKU_026,牙膏
T02097,C1257,SKU_028,茶包
T02098,C0402,SKU_003,啤酒
T02098,C0402,SKU_009,礦泉水
T02098,C0402,SKU_017,蘋果
T02098,C0402,SKU_022,巧克力
T02098,C0402,SKU_030,SKU_NEW_002
T02099,C0121,SKU_011,杯麵
T02099,C0121,SKU_029,SKU_NEW_001
T02100,C0299,SKU_013,果醬
T02100,C0299,SKU_022,巧克力
T02101,C0756,SKU_001,尿布
T02101,C0756,SKU_002,起司
T02101,C0756,SKU_004,紅酒
T02101,C0756,SKU_027,洗髮精
T02102,C1360,SKU_001,尿布
T02102,C1360,SKU_003,啤酒
T02102,C1360,SKU_007,可樂
T02102,C1360,SKU_009,礦泉水
T02102,C1360,SKU_010,寶特瓶飲料
T02103,C0211,SKU_001,尿布
T02103,C0211,SKU_003,啤酒
T02103,C0211,SKU_010,寶特瓶飲料
T02103,C0211,SKU_015,牛奶
T02104,C0015,SKU_001,尿布
T02104,C0015,SKU_002,起司
T02104,C0015,SKU_006,米
T02104,C0015,SKU_009,礦泉水
T02104,C0015,SKU_014,雪碧
T02104,C0015,SKU_021,餅乾
T02104,C0015,SKU_029,SKU_NEW_001
T02105,C1064,SKU_006,米
T02105,C1064,SKU_008,醬油
T02105,C1064,SKU_019,橘子
T02106,C0472,SKU_005,塑膠袋
T02106,C0472,SKU_006,米
T02106,C0472,SKU_008,醬油
T02106,C0472,SKU_020,葡萄
T02106,C0472,SKU_022,巧克力
T02106,C0472,SKU_025,衛生紙
T02106,C0472,SKU_030,SKU_NEW_002
T02107,C0309,SKU_001,尿布
T02107,C0309,SKU_003,啤酒
T02107,C0309,SKU_022,巧克力
T02107,C0309,SKU_024,口香糖
T02107,C0309,SKU_028,茶包
T02107,C0309,SKU_030,SKU_NEW_002
T02108,C1095,SKU_003,啤酒
T02108,C1095,SKU_005,塑膠袋
T02108,C1095,SKU_021,餅乾
T02108,C1095,SKU_024,口香糖
T02108,C1095,SKU_027,洗髮精
T02109,C0711,SKU_001,尿布
T02109,C0711,SKU_003,啤酒
T02109,C0711,SKU_007,可樂
T02109,C0711,SKU_014,雪碧
T02109,C0711,SKU_017,蘋果
T02110,C0133,SKU_011,杯麵
T02110,C0133,SKU_021,餅乾
T02110,C0133,SKU_025,衛生紙
T02110,C0133,SKU_026,牙膏
T02111,C0788,SKU_001,尿布
T02111,C0788,SKU_024,口香糖
T02112,C0714,SKU_009,礦泉水
T02112,C0714,SKU_015,牛奶
T02112,C0714,SKU_016,豆漿
T02112,C0714,SKU_025,衛生紙
T02113,C1462,SKU_006,米
T02113,C1462,SKU_008,醬油
T02113,C1462,SKU_011,杯麵
T02114,C0387,SKU_008,醬油
T02114,C0387,SKU_013,果醬
T02115,C0062,SKU_029,SKU_NEW_001
T02116,C0574,SKU_008,醬油
T02116,C0574,SKU_011,杯麵
T02117,C0529,SKU_002,起司
T02117,C0529,SKU_004,紅酒
T02117,C0529,SKU_010,寶特瓶飲料
T02117,C0529,SKU_015,牛奶
T02117,C0529,SKU_030,SKU_NEW_002
T02118,C0478,SKU_001,尿布
T02118,C0478,SKU_003,啤酒
T02118,C0478,SKU_006,米
T02118,C0478,SKU_007,可樂
T02118,C0478,SKU_008,醬油
T02118,C0478,SKU_009,礦泉水
T02118,C0478,SKU_016,豆漿
T02118,C0478,SKU_021,餅乾
T02118,C0478,SKU_026,牙膏
T02119,C0242,SKU_017,蘋果
T02120,C0070,SKU_014,雪碧
T02120,C0070,SKU_025,衛生紙
T02120,C0070,SKU_028,茶包
T02121,C0528,SKU_023,洋芋片
T02121,C0528,SKU_029,SKU_NEW_001
T02122,C0803,SKU_013,果醬
T02122,C0803,SKU_022,巧克力
T02123,C0510,SKU_006,米
T02123,C0510,SKU_008,醬油
T02123,C0510,SKU_010,寶特瓶飲料
T02123,C0510,SKU_014,雪碧
T02123,C0510,SKU_019,橘子
T02124,C0025,SKU_005,塑膠袋
T02124,C0025,SKU_007,可樂
T02124,C0025,SKU_015,牛奶
T02124,C0025,SKU_017,蘋果
T02125,C0145,SKU_015,牛奶
T02126,C0649,SKU_002,起司
T02126,C0649,SKU_005,塑膠袋
T02126,C0649,SKU_010,寶特瓶飲料
T02126,C0649,SKU_012,麵包
T02126,C0649,SKU_015,牛奶
T02126,C0649,SKU_021,餅乾
T02126,C0649,SKU_025,衛生紙
T02127,C0069,SKU_014,雪碧
T02127,C0069,SKU_021,餅乾
T02128,C0519,SKU_006,米
T02128,C0519,SKU_008,醬油
T02128,C0519,SKU_018,香蕉
T02128,C0519,SKU_024,口香糖
T02128,C0519,SKU_029,SKU_NEW_001
T02129,C0362,SKU_001,尿布
T02129,C0362,SKU_007,可樂
T02130,C0102,SKU_027,洗髮精
T02130,C0102,SKU_030,SKU_NEW_002
T02131,C0014,SKU_005,塑膠袋
T02131,C0014,SKU_007,可樂
T02131,C0014,SKU_009,礦泉水
T02131,C0014,SKU_010,寶特瓶飲料
T02131,C0014,SKU_017,蘋果
T02131,C0014,SKU_019,橘子
T02131,C0014,SKU_029,SKU_NEW_001
T02132,C0369,SKU_001,尿布
T02132,C0369,SKU_002,起司
T02132,C0369,SKU_004,紅酒
T02132,C0369,SKU_006,米
T02132,C0369,SKU_007,可樂
T02132,C0369,SKU_008,醬油
T02132,C0369,SKU_010,寶特瓶飲料
T02132,C0369,SKU_022,巧克力
T02133,C0312,SKU_007,可樂
T02133,C0312,SKU_025,衛生紙
T02134,C0149,SKU_001,尿布
T02134,C0149,SKU_003,啤酒
T02134,C0149,SKU_005,塑膠袋
T02134,C0149,SKU_007,可樂
T02134,C0149,SKU_010,寶特瓶飲料
T02134,C0149,SKU_018,香蕉
T02134,C0149,SKU_026,牙膏
T02135,C0480,SKU_017,蘋果
T02135,C0480,SKU_020,葡萄
T02136,C0438,SKU_005,塑膠袋
T02136,C0438,SKU_006,米
T02136,C0438,SKU_008,醬油
T02136,C0438,SKU_012,麵包
T02136,C0438,SKU_021,餅乾
T02137,C0375,SKU_002,起司
T02137,C0375,SKU_004,紅酒
T02137,C0375,SKU_005,塑膠袋
T02137,C0375,SKU_006,米
T02137,C0375,SKU_007,可樂
T02137,C0375,SKU_008,醬油
T02138,C0191,SKU_005,塑膠袋
T02139,C0105,SKU_007,可樂
T02139,C0105,SKU_019,橘子
T02140,C1499,SKU_008,醬油
T02140,C1499,SKU_009,礦泉水
T02140,C1499,SKU_010,寶特瓶飲料
T02140,C1499,SKU_011,杯麵
T02141,C0544,SKU_007,可樂
T02141,C0544,SKU_009,礦泉水
T02141,C0544,SKU_020,葡萄
T02142,C0659,SKU_006,米
T02142,C0659,SKU_008,醬油
T02142,C0659,SKU_010,寶特瓶飲料
T02143,C0234,SKU_014,雪碧
T02143,C0234,SKU_019,橘子
T02143,C0234,SKU_020,葡萄
T02144,C0030,SKU_012,麵包
T02144,C0030,SKU_019,橘子
T02145,C0657,SKU_001,尿布
T02145,C0657,SKU_002,起司
T02145,C0657,SKU_003,啤酒
T02145,C0657,SKU_004,紅酒
T02145,C0657,SKU_005,塑膠袋
T02145,C0657,SKU_011,杯麵
T02145,C0657,SKU_013,果醬
T02145,C0657,SKU_022,巧克力
T02146,C1495,SKU_012,麵包
T02146,C1495,SKU_027,洗髮精
T02147,C0595,SKU_009,礦泉水
T02147,C0595,SKU_015,牛奶
T02147,C0595,SKU_023,洋芋片
T02147,C0595,SKU_024,口香糖
T02148,C0309,SKU_004,紅酒
T02148,C0309,SKU_005,塑膠袋
T02148,C0309,SKU_013,果醬
T02148,C0309,SKU_014,雪碧
T02149,C0147,SKU_006,米
T02149,C0147,SKU_018,香蕉
T02149,C0147,SKU_028,茶包
T02150,C0479,SKU_001,尿布
T02150,C0479,SKU_003,啤酒
T02151,C0114,SKU_001,尿布
T02151,C0114,SKU_002,起司
T02151,C0114,SKU_003,啤酒
T02151,C0114,SKU_004,紅酒
T02151,C0114,SKU_010,寶特瓶飲料
T02151,C0114,SKU_019,橘子
T02152,C0353,SKU_005,塑膠袋
T02153,C0087,SKU_007,可樂
T02153,C0087,SKU_014,雪碧
T02153,C0087,SKU_025,衛生紙
T02154,C0157,SKU_001,尿布
T02154,C0157,SKU_003,啤酒
T02154,C0157,SKU_019,橘子
T02155,C0142,SKU_008,醬油
T02155,C0142,SKU_019,橘子
T02156,C0100,SKU_002,起司
T02156,C0100,SKU_004,紅酒
T02156,C0100,SKU_010,寶特瓶飲料
T02156,C0100,SKU_014,雪碧
T02156,C0100,SKU_023,洋芋片
T02157,C0939,SKU_012,麵包
T02157,C0939,SKU_016,豆漿
T02157,C0939,SKU_024,口香糖
T02157,C0939,SKU_026,牙膏
T02158,C0113,SKU_005,塑膠袋
T02158,C0113,SKU_018,香蕉
T02158,C0113,SKU_023,洋芋片
T02158,C0113,SKU_028,茶包
T02159,C0755,SKU_015,牛奶
T02159,C0755,SKU_016,豆漿
T02159,C0755,SKU_021,餅乾
T02159,C0755,SKU_027,洗髮精
T02160,C0175,SKU_010,寶特瓶飲料
T02160,C0175,SKU_029,SKU_NEW_001
T02161,C0871,SKU_001,尿布
T02161,C0871,SKU_003,啤酒
T02161,C0871,SKU_016,豆漿
T02161,C0871,SKU_021,餅乾
T02162,C1249,SKU_004,紅酒
T02162,C1249,SKU_012,麵包
T02162,C1249,SKU_014,雪碧
T02162,C1249,SKU_019,橘子
T02163,C1336,SKU_006,米
T02163,C1336,SKU_009,礦泉水
T02163,C1336,SKU_013,果醬
T02164,C0615,SKU_001,尿布
T02164,C0615,SKU_003,啤酒
T02164,C0615,SKU_004,紅酒
T02164,C0615,SKU_007,可樂
T02164,C0615,SKU_013,果醬
T02165,C1466,SKU_007,可樂
T02165,C1466,SKU_025,衛生紙
T02166,C0673,SKU_001,尿布
T02166,C0673,SKU_002,起司
T02166,C0673,SKU_003,啤酒
T02166,C0673,SKU_006,米
T02166,C0673,SKU_008,醬油
T02167,C0910,SKU_003,啤酒
T02167,C0910,SKU_006,米
T02167,C0910,SKU_007,可樂
T02167,C0910,SKU_008,醬油
T02167,C0910,SKU_010,寶特瓶飲料
T02168,C0847,SKU_001,尿布
T02168,C0847,SKU_003,啤酒
T02168,C0847,SKU_006,米
T02168,C0847,SKU_007,可樂
T02168,C0847,SKU_008,醬油
T02168,C0847,SKU_013,果醬
T02168,C0847,SKU_014,雪碧
T02168,C0847,SKU_020,葡萄
T02168,C0847,SKU_026,牙膏
T02168,C0847,SKU_027,洗髮精
T02169,C1118,SKU_005,塑膠袋
T02169,C1118,SKU_014,雪碧
T02169,C1118,SKU_019,橘子
T02169,C1118,SKU_020,葡萄
T02169,C1118,SKU_030,SKU_NEW_002
T02170,C0410,SKU_007,可樂
T02170,C0410,SKU_023,洋芋片
T02171,C0173,SKU_001,尿布
T02171,C0173,SKU_003,啤酒
T02171,C0173,SKU_005,塑膠袋
T02171,C0173,SKU_007,可樂
T02171,C0173,SKU_008,醬油
T02171,C0173,SKU_010,寶特瓶飲料
T02172,C0681,SKU_009,礦泉水
T02172,C0681,SKU_010,寶特瓶飲料
T02172,C0681,SKU_017,蘋果
T02172,C0681,SKU_025,衛生紙
T02173,C0953,SKU_001,尿布
T02173,C0953,SKU_007,可樂
T02173,C0953,SKU_012,麵包
T02174,C0408,SKU_004,紅酒
T02174,C0408,SKU_005,塑膠袋
T02174,C0408,SKU_007,可樂
T02174,C0408,SKU_022,巧克力
T02175,C0642,SKU_006,米
T02175,C0642,SKU_007,可樂
T02175,C0642,SKU_008,醬油
T02175,C0642,SKU_015,牛奶
T02175,C0642,SKU_017,蘋果
T02176,C1286,SKU_002,起司
T02176,C1286,SKU_014,雪碧
T02176,C1286,SKU_025,衛生紙
T02176,C1286,SKU_028,茶包
T02176,C1286,SKU_029,SKU_NEW_001
T02177,C0863,SKU_001,尿布
T02177,C0863,SKU_003,啤酒
T02177,C0863,SKU_007,可樂
T02177,C0863,SKU_029,SKU_NEW_001
T02178,C0528,SKU_001,尿布
T02178,C0528,SKU_003,啤酒
T02178,C0528,SKU_008,醬油
T02178,C0528,SKU_015,牛奶
T02178,C0528,SKU_018,香蕉
T02178,C0528,SKU_024,口香糖
T02178,C0528,SKU_025,衛生紙
T02179,C0799,SKU_002,起司
T02179,C0799,SKU_004,紅酒
T02179,C0799,SKU_010,寶特瓶飲料
T02179,C0799,SKU_021,餅乾
T02179,C0799,SKU_024,口香糖
T02180,C0218,SKU_004,紅酒
T02180,C0218,SKU_005,塑膠袋
T02180,C0218,SKU_019,橘子
T02181,C0059,SKU_010,寶特瓶飲料
T02181,C0059,SKU_020,葡萄
T02182,C0850,SKU_005,塑膠袋
T02182,C0850,SKU_006,米
T02182,C0850,SKU_007,可樂
T02182,C0850,SKU_012,麵包
T02182,C0850,SKU_013,果醬
T02182,C0850,SKU_022,巧克力
T02183,C0542,SKU_003,啤酒
T02183,C0542,SKU_009,礦泉水
T02183,C0542,SKU_010,寶特瓶飲料
T02183,C0542,SKU_025,衛生紙
T02184,C0781,SKU_009,礦泉水
T02184,C0781,SKU_021,餅乾
T02184,C0781,SKU_022,巧克力
T02185,C1192,SKU_019,橘子
T02185,C1192,SKU_023,洋芋片
T02186,C0172,SKU_006,米
T02186,C0172,SKU_014,雪碧
T02186,C0172,SKU_021,餅乾
T02186,C0172,SKU_023,洋芋片
T02186,C0172,SKU_026,牙膏
T02187,C0703,SKU_013,果醬
T02187,C0703,SKU_014,雪碧
T02187,C0703,SKU_015,牛奶
T02188,C0714,SKU_006,米
T02188,C0714,SKU_008,醬油
T02188,C0714,SKU_010,寶特瓶飲料
T02188,C0714,SKU_021,餅乾
T02188,C0714,SKU_025,衛生紙
T02189,C0582,SKU_004,紅酒
T02189,C0582,SKU_010,寶特瓶飲料
T02189,C0582,SKU_013,果醬
T02189,C0582,SKU_014,雪碧
T02189,C0582,SKU_023,洋芋片
T02190,C0068,SKU_001,尿布
T02190,C0068,SKU_012,麵包
T02191,C0508,SKU_005,塑膠袋
T02191,C0508,SKU_020,葡萄
T02191,C0508,SKU_024,口香糖
T02192,C0495,SKU_002,起司
T02192,C0495,SKU_004,紅酒
T02192,C0495,SKU_019,橘子
T02193,C0224,SKU_005,塑膠袋
T02193,C0224,SKU_008,醬油
T02193,C0224,SKU_010,寶特瓶飲料
T02193,C0224,SKU_019,橘子
T02194,C0741,SKU_008,醬油
T02194,C0741,SKU_025,衛生紙
T02195,C0827,SKU_001,尿布
T02195,C0827,SKU_002,起司
T02195,C0827,SKU_003,啤酒
T02195,C0827,SKU_004,紅酒
T02195,C0827,SKU_006,米
T02195,C0827,SKU_007,可樂
T02195,C0827,SKU_008,醬油
T02195,C0827,SKU_009,礦泉水
T02196,C0136,SKU_004,紅酒
T02196,C0136,SKU_018,香蕉
T02196,C0136,SKU_024,口香糖
T02196,C0136,SKU_028,茶包
T02197,C0707,SKU_002,起司
T02197,C0707,SKU_004,紅酒
T02197,C0707,SKU_008,醬油
T02197,C0707,SKU_026,牙膏
T02197,C0707,SKU_028,茶包
T02197,C0707,SKU_030,SKU_NEW_002
T02198,C1081,SKU_002,起司
T02198,C1081,SKU_004,紅酒
T02198,C1081,SKU_025,衛生紙
T02199,C0573,SKU_020,葡萄
T02200,C0664,SKU_001,尿布
T02200,C0664,SKU_002,起司
T02200,C0664,SKU_004,紅酒
T02200,C0664,SKU_010,寶特瓶飲料
T02200,C0664,SKU_025,衛生紙
T02201,C0765,SKU_005,塑膠袋
T02201,C0765,SKU_008,醬油
T02201,C0765,SKU_020,葡萄
T02201,C0765,SKU_029,SKU_NEW_001
T02202,C0784,SKU_005,塑膠袋
T02202,C0784,SKU_020,葡萄
T02203,C0233,SKU_009,礦泉水
T02203,C0233,SKU_010,寶特瓶飲料
T02204,C1403,SKU_002,起司
T02204,C1403,SKU_004,紅酒
T02204,C1403,SKU_007,可樂
T02204,C1403,SKU_008,醬油
T02204,C1403,SKU_012,麵包
T02205,C1006,SKU_005,塑膠袋
T02205,C1006,SKU_006,米
T02205,C1006,SKU_008,醬油
T02206,C0545,SKU_001,尿布
T02206,C0545,SKU_003,啤酒
T02206,C0545,SKU_007,可樂
T02206,C0545,SKU_009,礦泉水
T02206,C0545,SKU_013,果醬
T02207,C0025,SKU_001,尿布
T02207,C0025,SKU_003,啤酒
T02207,C0025,SKU_005,塑膠袋
T02207,C0025,SKU_008,醬油
T02207,C0025,SKU_016,豆漿
T02207,C0025,SKU_021,餅乾
T02207,C0025,SKU_022,巧克力
T02208,C0121,SKU_007,可樂
T02208,C0121,SKU_010,寶特瓶飲料
T02208,C0121,SKU_021,餅乾
T02209,C1272,SKU_004,紅酒
T02209,C1272,SKU_017,蘋果
T02210,C0198,SKU_007,可樂
T02210,C0198,SKU_009,礦泉水
T02210,C0198,SKU_012,麵包
T02211,C0269,SKU_005,塑膠袋
T02211,C0269,SKU_006,米
T02211,C0269,SKU_008,醬油
T02211,C0269,SKU_009,礦泉水
T02211,C0269,SKU_011,杯麵
T02211,C0269,SKU_027,洗髮精
T02212,C0131,SKU_001,尿布
T02212,C0131,SKU_003,啤酒
T02212,C0131,SKU_009,礦泉水
T02212,C0131,SKU_013,果醬
T02212,C0131,SKU_017,蘋果
T02212,C0131,SKU_018,香蕉
T02212,C0131,SKU_021,餅乾
T02213,C0120,SKU_001,尿布
T02213,C0120,SKU_003,啤酒
T02213,C0120,SKU_004,紅酒
T02213,C0120,SKU_006,米
T02213,C0120,SKU_009,礦泉水
T02213,C0120,SKU_010,寶特瓶飲料
T02213,C0120,SKU_017,蘋果
T02213,C0120,SKU_023,洋芋片
T02214,C0346,SKU_006,米
T02214,C0346,SKU_009,礦泉水
T02214,C0346,SKU_011,杯麵
T02214,C0346,SKU_012,麵包
T02214,C0346,SKU_025,衛生紙
T02215,C0822,SKU_001,尿布
T02215,C0822,SKU_002,起司
T02215,C0822,SKU_003,啤酒
T02215,C0822,SKU_004,紅酒
T02215,C0822,SKU_007,可樂
T02215,C0822,SKU_029,SKU_NEW_001
T02216,C0762,SKU_001,尿布
T02216,C0762,SKU_003,啤酒
T02216,C0762,SKU_005,塑膠袋
T02216,C0762,SKU_006,米
T02216,C0762,SKU_007,可樂
T02217,C0018,SKU_001,尿布
T02217,C0018,SKU_003,啤酒
T02217,C0018,SKU_007,可樂
T02217,C0018,SKU_018,香蕉
T02218,C0065,SKU_001,尿布
T02218,C0065,SKU_002,起司
T02218,C0065,SKU_004,紅酒
T02218,C0065,SKU_006,米
T02218,C0065,SKU_007,可樂
T02218,C0065,SKU_008,醬油
T02218,C0065,SKU_023,洋芋片
T02218,C0065,SKU_030,SKU_NEW_002
T02219,C0205,SKU_010,寶特瓶飲料
T02219,C0205,SKU_017,蘋果
T02219,C0205,SKU_025,衛生紙
T02219,C0205,SKU_030,SKU_NEW_002
T02220,C0194,SKU_001,尿布
T02220,C0194,SKU_003,啤酒
T02220,C0194,SKU_007,可樂
T02220,C0194,SKU_009,礦泉水
T02220,C0194,SKU_013,果醬
T02220,C0194,SKU_017,蘋果
T02220,C0194,SKU_018,香蕉
T02221,C0034,SKU_001,尿布
T02221,C0034,SKU_002,起司
T02221,C0034,SKU_003,啤酒
T02221,C0034,SKU_004,紅酒
T02221,C0034,SKU_005,塑膠袋
T02221,C0034,SKU_013,果醬
T02221,C0034,SKU_014,雪碧
T02221,C0034,SKU_025,衛生紙
T02222,C0624,SKU_002,起司
T02222,C0624,SKU_007,可樂
T02222,C0624,SKU_011,杯麵
T02222,C0624,SKU_014,雪碧
T02222,C0624,SKU_015,牛奶
T02223,C0048,SKU_002,起司
T02223,C0048,SKU_004,紅酒
T02223,C0048,SKU_006,米
T02224,C0226,SKU_010,寶特瓶飲料
T02224,C0226,SKU_013,果醬
T02224,C0226,SKU_015,牛奶
T02224,C0226,SKU_017,蘋果
T02225,C0686,SKU_002,起司
T02225,C0686,SKU_004,紅酒
T02225,C0686,SKU_009,礦泉水
T02225,C0686,SKU_015,牛奶
T02225,C0686,SKU_030,SKU_NEW_002
T02226,C0898,SKU_002,起司
T02226,C0898,SKU_004,紅酒
T02226,C0898,SKU_012,麵包
T02227,C0399,SKU_018,香蕉
T02227,C0399,SKU_019,橘子
T02227,C0399,SKU_027,洗髮精
T02228,C0413,SKU_010,寶特瓶飲料
T02228,C0413,SKU_018,香蕉
T02228,C0413,SKU_027,洗髮精
T02229,C0636,SKU_009,礦泉水
T02230,C0015,SKU_005,塑膠袋
T02230,C0015,SKU_009,礦泉水
T02230,C0015,SKU_010,寶特瓶飲料
T02230,C0015,SKU_014,雪碧
T02231,C0393,SKU_001,尿布
T02231,C0393,SKU_006,米
T02231,C0393,SKU_008,醬油
T02231,C0393,SKU_010,寶特瓶飲料
T02231,C0393,SKU_013,果醬
T02231,C0393,SKU_017,蘋果
T02231,C0393,SKU_021,餅乾
T02232,C0784,SKU_011,杯麵
T02232,C0784,SKU_024,口香糖
T02233,C0143,SKU_007,可樂
T02233,C0143,SKU_013,果醬
T02233,C0143,SKU_017,蘋果
T02233,C0143,SKU_028,茶包
T02234,C0597,SKU_001,尿布
T02234,C0597,SKU_003,啤酒
T02234,C0597,SKU_007,可樂
T02234,C0597,SKU_010,寶特瓶飲料
T02234,C0597,SKU_014,雪碧
T02234,C0597,SKU_026,牙膏
T02234,C0597,SKU_028,茶包
T02235,C0687,SKU_001,尿布
T02235,C0687,SKU_005,塑膠袋
T02235,C0687,SKU_007,可樂
T02236,C0719,SKU_001,尿布
T02236,C0719,SKU_002,起司
T02236,C0719,SKU_003,啤酒
T02236,C0719,SKU_004,紅酒
T02236,C0719,SKU_005,塑膠袋
T02236,C0719,SKU_007,可樂
T02236,C0719,SKU_010,寶特瓶飲料
T02237,C0160,SKU_002,起司
T02237,C0160,SKU_005,塑膠袋
T02237,C0160,SKU_010,寶特瓶飲料
T02237,C0160,SKU_027,洗髮精
T02237,C0160,SKU_029,SKU_NEW_001
T02238,C0490,SKU_009,礦泉水
T02238,C0490,SKU_010,寶特瓶飲料
T02238,C0490,SKU_019,橘子
T02238,C0490,SKU_026,牙膏
T02239,C0870,SKU_008,醬油
T02239,C0870,SKU_009,礦泉水
T02239,C0870,SKU_018,香蕉
T02239,C0870,SKU_019,橘子
T02239,C0870,SKU_023,洋芋片
T02240,C0673,SKU_011,杯麵
T02240,C0673,SKU_024,口香糖
T02240,C0673,SKU_025,衛生紙
T02241,C0325,SKU_001,尿布
T02241,C0325,SKU_003,啤酒
T02241,C0325,SKU_009,礦泉水
T02241,C0325,SKU_018,香蕉
T02242,C0551,SKU_010,寶特瓶飲料
T02242,C0551,SKU_012,麵包
T02242,C0551,SKU_023,洋芋片
T02243,C0072,SKU_001,尿布
T02243,C0072,SKU_003,啤酒
T02243,C0072,SKU_008,醬油
T02243,C0072,SKU_010,寶特瓶飲料
T02243,C0072,SKU_013,果醬
T02243,C0072,SKU_025,衛生紙
T02244,C0572,SKU_001,尿布
T02244,C0572,SKU_023,洋芋片
T02245,C0754,SKU_001,尿布
T02245,C0754,SKU_003,啤酒
T02245,C0754,SKU_009,礦泉水
T02245,C0754,SKU_012,麵包
T02245,C0754,SKU_023,洋芋片
T02245,C0754,SKU_026,牙膏
T02246,C0371,SKU_008,醬油
T02246,C0371,SKU_017,蘋果
T02247,C0855,SKU_005,塑膠袋
T02247,C0855,SKU_011,杯麵
T02247,C0855,SKU_017,蘋果
T02248,C0353,SKU_001,尿布
T02248,C0353,SKU_007,可樂
T02248,C0353,SKU_023,洋芋片
T02248,C0353,SKU_027,洗髮精
T02249,C0669,SKU_006,米
T02249,C0669,SKU_007,可樂
T02249,C0669,SKU_018,香蕉
T02249,C0669,SKU_025,衛生紙
T02250,C0142,SKU_005,塑膠袋
T02250,C0142,SKU_012,麵包
T02250,C0142,SKU_022,巧克力
T02251,C0072,SKU_007,可樂
T02251,C0072,SKU_009,礦泉水
T02251,C0072,SKU_025,衛生紙
T02252,C0803,SKU_008,醬油
T02252,C0803,SKU_013,果醬
T02252,C0803,SKU_015,牛奶
T02253,C0117,SKU_007,可樂
T02253,C0117,SKU_014,雪碧
T02254,C0696,SKU_001,尿布
T02254,C0696,SKU_002,起司
T02254,C0696,SKU_003,啤酒
T02254,C0696,SKU_004,紅酒
T02254,C0696,SKU_005,塑膠袋
T02254,C0696,SKU_020,葡萄
T02255,C0329,SKU_002,起司
T02255,C0329,SKU_004,紅酒
T02255,C0329,SKU_009,礦泉水
T02255,C0329,SKU_010,寶特瓶飲料
T02255,C0329,SKU_011,杯麵
T02255,C0329,SKU_017,蘋果
T02255,C0329,SKU_026,牙膏
T02256,C0679,SKU_011,杯麵
T02256,C0679,SKU_019,橘子
T02257,C0528,SKU_030,SKU_NEW_002
T02258,C0289,SKU_001,尿布
T02258,C0289,SKU_004,紅酒
T02258,C0289,SKU_006,米
T02258,C0289,SKU_008,醬油
T02258,C0289,SKU_009,礦泉水
T02258,C0289,SKU_010,寶特瓶飲料
T02258,C0289,SKU_015,牛奶
T02258,C0289,SKU_018,香蕉
T02259,C0589,SKU_006,米
T02259,C0589,SKU_008,醬油
T02259,C0589,SKU_023,洋芋片
T02260,C0806,SKU_005,塑膠袋
T02260,C0806,SKU_016,豆漿
T02260,C0806,SKU_027,洗髮精
T02261,C0866,SKU_001,尿布
T02261,C0866,SKU_003,啤酒
T02261,C0866,SKU_007,可樂
T02261,C0866,SKU_009,礦泉水
T02262,C0079,SKU_002,起司
T02262,C0079,SKU_010,寶特瓶飲料
T02262,C0079,SKU_023,洋芋片
T02263,C0399,SKU_006,米
T02263,C0399,SKU_020,葡萄
T02263,C0399,SKU_025,衛生紙
T02264,C0927,SKU_005,塑膠袋
T02264,C0927,SKU_015,牛奶
T02264,C0927,SKU_021,餅乾
T02264,C0927,SKU_029,SKU_NEW_001
T02265,C1345,SKU_008,醬油
T02265,C1345,SKU_013,果醬
T02266,C0095,SKU_004,紅酒
T02266,C0095,SKU_005,塑膠袋
T02266,C0095,SKU_006,米
T02266,C0095,SKU_015,牛奶
T02266,C0095,SKU_029,SKU_NEW_001
T02267,C0568,SKU_001,尿布
T02267,C0568,SKU_003,啤酒
T02267,C0568,SKU_004,紅酒
T02267,C0568,SKU_013,果醬
T02267,C0568,SKU_017,蘋果
T02267,C0568,SKU_018,香蕉
T02268,C0109,SKU_001,尿布
T02268,C0109,SKU_002,起司
T02268,C0109,SKU_003,啤酒
T02268,C0109,SKU_004,紅酒
T02268,C0109,SKU_011,杯麵
T02268,C0109,SKU_017,蘋果
T02269,C0833,SKU_002,起司
T02269,C0833,SKU_004,紅酒
T02269,C0833,SKU_005,塑膠袋
T02269,C0833,SKU_018,香蕉
T02269,C0833,SKU_019,橘子
T02269,C0833,SKU_024,口香糖
T02269,C0833,SKU_028,茶包
T02270,C0764,SKU_002,起司
T02270,C0764,SKU_004,紅酒
T02270,C0764,SKU_029,SKU_NEW_001
T02271,C1364,SKU_012,麵包
T02271,C1364,SKU_017,蘋果
T02272,C0265,SKU_005,塑膠袋
T02272,C0265,SKU_006,米
T02272,C0265,SKU_025,衛生紙
T02273,C0284,SKU_001,尿布
T02273,C0284,SKU_003,啤酒
T02273,C0284,SKU_014,雪碧
T02273,C0284,SKU_023,洋芋片
T02273,C0284,SKU_028,茶包
T02274,C0759,SKU_002,起司
T02274,C0759,SKU_004,紅酒
T02274,C0759,SKU_005,塑膠袋
T02274,C0759,SKU_023,洋芋片
T02274,C0759,SKU_024,口香糖
T02274,C0759,SKU_030,SKU_NEW_002
T02275,C0308,SKU_003,啤酒
T02275,C0308,SKU_004,紅酒
T02275,C0308,SKU_005,塑膠袋
T02275,C0308,SKU_009,礦泉水
T02275,C0308,SKU_010,寶特瓶飲料
T02275,C0308,SKU_018,香蕉
T02276,C0739,SKU_001,尿布
T02276,C0739,SKU_010,寶特瓶飲料
T02276,C0739,SKU_016,豆漿
T02277,C0169,SKU_002,起司
T02277,C0169,SKU_004,紅酒
T02277,C0169,SKU_010,寶特瓶飲料
T02277,C0169,SKU_019,橘子
T02278,C0370,SKU_007,可樂
T02278,C0370,SKU_009,礦泉水
T02278,C0370,SKU_010,寶特瓶飲料
T02278,C0370,SKU_014,雪碧
T02279,C0898,SKU_009,礦泉水
T02280,C0142,SKU_002,起司
T02280,C0142,SKU_004,紅酒
T02280,C0142,SKU_007,可樂
T02280,C0142,SKU_009,礦泉水
T02280,C0142,SKU_018,香蕉
T02280,C0142,SKU_024,口香糖
T02280,C0142,SKU_025,衛生紙
T02280,C0142,SKU_030,SKU_NEW_002
T02281,C0510,SKU_008,醬油
T02281,C0510,SKU_010,寶特瓶飲料
T02281,C0510,SKU_014,雪碧
T02281,C0510,SKU_030,SKU_NEW_002
T02282,C0521,SKU_006,米
T02282,C0521,SKU_010,寶特瓶飲料
T02283,C1169,SKU_002,起司
T02283,C1169,SKU_005,塑膠袋
T02283,C1169,SKU_015,牛奶
T02283,C1169,SKU_025,衛生紙
T02284,C0835,SKU_003,啤酒
T02284,C0835,SKU_025,衛生紙
T02284,C0835,SKU_026,牙膏
T02285,C0289,SKU_009,礦泉水
T02286,C0092,SKU_001,尿布
T02286,C0092,SKU_003,啤酒
T02286,C0092,SKU_005,塑膠袋
T02286,C0092,SKU_008,醬油
T02286,C0092,SKU_022,巧克力
T02286,C0092,SKU_027,洗髮精
T02287,C0164,SKU_001,尿布
T02287,C0164,SKU_005,塑膠袋
T02287,C0164,SKU_015,牛奶
T02287,C0164,SKU_027,洗髮精
T02287,C0164,SKU_028,茶包
T02288,C0261,SKU_009,礦泉水
T02288,C0261,SKU_018,香蕉
T02288,C0261,SKU_028,茶包
T02289,C0873,SKU_001,尿布
T02289,C0873,SKU_003,啤酒
T02289,C0873,SKU_007,可樂
T02289,C0873,SKU_011,杯麵
T02289,C0873,SKU_016,豆漿
T02289,C0873,SKU_019,橘子
T02290,C0810,SKU_002,起司
T02290,C0810,SKU_004,紅酒
T02290,C0810,SKU_006,米
T02290,C0810,SKU_007,可樂
T02290,C0810,SKU_009,礦泉水
T02290,C0810,SKU_018,香蕉
T02291,C0391,SKU_002,起司
T02291,C0391,SKU_006,米
T02291,C0391,SKU_009,礦泉水
T02291,C0391,SKU_010,寶特瓶飲料
T02291,C0391,SKU_013,果醬
T02292,C1337,SKU_002,起司
T02292,C1337,SKU_009,礦泉水
T02292,C1337,SKU_010,寶特瓶飲料
T02293,C1346,SKU_005,塑膠袋
T02293,C1346,SKU_007,可樂
T02293,C1346,SKU_010,寶特瓶飲料
T02293,C1346,SKU_013,果醬
T02294,C0502,SKU_010,寶特瓶飲料
T02294,C0502,SKU_014,雪碧
T02295,C0215,SKU_009,礦泉水
T02295,C0215,SKU_010,寶特瓶飲料
T02295,C0215,SKU_016,豆漿
T02296,C0751,SKU_001,尿布
T02297,C0051,SKU_004,紅酒
T02297,C0051,SKU_009,礦泉水
T02297,C0051,SKU_011,杯麵
T02297,C0051,SKU_012,麵包
T02297,C0051,SKU_025,衛生紙
T02298,C0007,SKU_004,紅酒
T02298,C0007,SKU_005,塑膠袋
T02298,C0007,SKU_006,米
T02298,C0007,SKU_007,可樂
T02298,C0007,SKU_008,醬油
T02298,C0007,SKU_016,豆漿
T02298,C0007,SKU_020,葡萄
T02299,C0210,SKU_010,寶特瓶飲料
T02299,C0210,SKU_011,杯麵
T02299,C0210,SKU_023,洋芋片
T02299,C0210,SKU_029,SKU_NEW_001
T02300,C1235,SKU_001,尿布
T02300,C1235,SKU_010,寶特瓶飲料
T02300,C1235,SKU_024,口香糖
T02301,C0893,SKU_001,尿布
T02301,C0893,SKU_003,啤酒
T02301,C0893,SKU_010,寶特瓶飲料
T02301,C0893,SKU_018,香蕉
T02302,C0196,SKU_001,尿布
T02302,C0196,SKU_003,啤酒
T02302,C0196,SKU_006,米
T02302,C0196,SKU_008,醬油
T02302,C0196,SKU_009,礦泉水
T02302,C0196,SKU_012,麵包
T02302,C0196,SKU_023,洋芋片
T02303,C0197,SKU_009,礦泉水
T02303,C0197,SKU_012,麵包
T02303,C0197,SKU_015,牛奶
T02303,C0197,SKU_019,橘子
T02304,C0429,SKU_002,起司
T02304,C0429,SKU_004,紅酒
T02304,C0429,SKU_013,果醬
T02304,C0429,SKU_025,衛生紙
T02304,C0429,SKU_026,牙膏
T02305,C0100,SKU_005,塑膠袋
T02305,C0100,SKU_009,礦泉水
T02305,C0100,SKU_014,雪碧
T02305,C0100,SKU_027,洗髮精
T02306,C0469,SKU_007,可樂
T02306,C0469,SKU_010,寶特瓶飲料
T02306,C0469,SKU_027,洗髮精
T02306,C0469,SKU_030,SKU_NEW_002
T02307,C0500,SKU_004,紅酒
T02307,C0500,SKU_008,醬油
T02307,C0500,SKU_010,寶特瓶飲料
T02307,C0500,SKU_022,巧克力
T02308,C0015,SKU_010,寶特瓶飲料
T02308,C0015,SKU_018,香蕉
T02308,C0015,SKU_025,衛生紙
T02309,C0854,SKU_009,礦泉水
T02309,C0854,SKU_016,豆漿
T02310,C0923,SKU_001,尿布
T02310,C0923,SKU_003,啤酒
T02310,C0923,SKU_005,塑膠袋
T02310,C0923,SKU_008,醬油
T02310,C0923,SKU_009,礦泉水
T02310,C0923,SKU_010,寶特瓶飲料
T02310,C0923,SKU_028,茶包
T02310,C0923,SKU_029,SKU_NEW_001
T02311,C0859,SKU_004,紅酒
T02311,C0859,SKU_005,塑膠袋
T02311,C0859,SKU_007,可樂
T02311,C0859,SKU_008,醬油
T02311,C0859,SKU_022,巧克力
T02312,C1385,SKU_005,塑膠袋
T02312,C1385,SKU_010,寶特瓶飲料
T02312,C1385,SKU_011,杯麵
T02312,C1385,SKU_013,果醬
T02312,C1385,SKU_017,蘋果
T02313,C0480,SKU_001,尿布
T02313,C0480,SKU_003,啤酒
T02313,C0480,SKU_004,紅酒
T02313,C0480,SKU_005,塑膠袋
T02313,C0480,SKU_020,葡萄
T02314,C0048,SKU_030,SKU_NEW_002
T02315,C0894,SKU_001,尿布
T02315,C0894,SKU_002,起司
T02315,C0894,SKU_003,啤酒
T02315,C0894,SKU_004,紅酒
T02315,C0894,SKU_005,塑膠袋
T02315,C0894,SKU_007,可樂
T02315,C0894,SKU_009,礦泉水
T02315,C0894,SKU_010,寶特瓶飲料
T02315,C0894,SKU_027,洗髮精
T02316,C0026,SKU_001,尿布
T02316,C0026,SKU_002,起司
T02316,C0026,SKU_003,啤酒
T02316,C0026,SKU_004,紅酒
T02316,C0026,SKU_005,塑膠袋
T02316,C0026,SKU_018,香蕉
T02316,C0026,SKU_019,橘子
T02316,C0026,SKU_021,餅乾
T02316,C0026,SKU_027,洗髮精
T02316,C0026,SKU_029,SKU_NEW_001
T02317,C0845,SKU_006,米
T02317,C0845,SKU_008,醬油
T02317,C0845,SKU_025,衛生紙
T02318,C0445,SKU_001,尿布
T02318,C0445,SKU_007,可樂
T02318,C0445,SKU_022,巧克力
T02318,C0445,SKU_028,茶包
T02319,C0152,SKU_005,塑膠袋
T02319,C0152,SKU_016,豆漿
T02320,C0005,SKU_007,可樂
T02321,C0301,SKU_003,啤酒
T02321,C0301,SKU_008,醬油
T02321,C0301,SKU_009,礦泉水
T02321,C0301,SKU_011,杯麵
T02322,C0063,SKU_015,牛奶
T02323,C0555,SKU_002,起司
T02323,C0555,SKU_013,果醬
T02324,C0691,SKU_002,起司
T02324,C0691,SKU_003,啤酒
T02324,C0691,SKU_009,礦泉水
T02324,C0691,SKU_017,蘋果
T02324,C0691,SKU_020,葡萄
T02325,C0146,SKU_004,紅酒
T02325,C0146,SKU_008,醬油
T02325,C0146,SKU_010,寶特瓶飲料
T02325,C0146,SKU_018,香蕉
T02325,C0146,SKU_019,橘子
T02325,C0146,SKU_020,葡萄
T02325,C0146,SKU_028,茶包
T02325,C0146,SKU_030,SKU_NEW_002
T02326,C0356,SKU_004,紅酒
T02326,C0356,SKU_005,塑膠袋
T02326,C0356,SKU_014,雪碧
T02327,C0788,SKU_009,礦泉水
T02327,C0788,SKU_023,洋芋片
T02327,C0788,SKU_028,茶包
T02328,C0015,SKU_006,米
T02328,C0015,SKU_008,醬油
T02328,C0015,SKU_013,果醬
T02329,C0804,SKU_001,尿布
T02329,C0804,SKU_003,啤酒
T02329,C0804,SKU_005,塑膠袋
T02329,C0804,SKU_008,醬油
T02329,C0804,SKU_015,牛奶
T02329,C0804,SKU_017,蘋果
T02329,C0804,SKU_019,橘子
T02329,C0804,SKU_027,洗髮精
T02329,C0804,SKU_030,SKU_NEW_002
T02330,C0205,SKU_001,尿布
T02330,C0205,SKU_003,啤酒
T02330,C0205,SKU_005,塑膠袋
T02330,C0205,SKU_010,寶特瓶飲料
T02330,C0205,SKU_017,蘋果
T02330,C0205,SKU_027,洗髮精
T02331,C0415,SKU_001,尿布
T02331,C0415,SKU_003,啤酒
T02331,C0415,SKU_007,可樂
T02331,C0415,SKU_027,洗髮精
T02332,C0007,SKU_001,尿布
T02332,C0007,SKU_002,起司
T02332,C0007,SKU_003,啤酒
T02332,C0007,SKU_004,紅酒
T02332,C0007,SKU_008,醬油
T02332,C0007,SKU_009,礦泉水
T02332,C0007,SKU_012,麵包
T02332,C0007,SKU_024,口香糖
T02333,C0183,SKU_005,塑膠袋
T02333,C0183,SKU_010,寶特瓶飲料
T02333,C0183,SKU_018,香蕉
T02333,C0183,SKU_025,衛生紙
T02334,C0599,SKU_018,香蕉
T02334,C0599,SKU_020,葡萄
T02335,C0121,SKU_004,紅酒
T02335,C0121,SKU_009,礦泉水
T02335,C0121,SKU_017,蘋果
T02335,C0121,SKU_026,牙膏
T02336,C0445,SKU_006,米
T02336,C0445,SKU_007,可樂
T02336,C0445,SKU_008,醬油
T02336,C0445,SKU_009,礦泉水
T02337,C0812,SKU_004,紅酒
T02337,C0812,SKU_008,醬油
T02337,C0812,SKU_014,雪碧
T02337,C0812,SKU_024,口香糖
T02337,C0812,SKU_029,SKU_NEW_001
T02338,C0785,SKU_010,寶特瓶飲料
T02339,C0011,SKU_006,米
T02339,C0011,SKU_007,可樂
T02339,C0011,SKU_008,醬油
T02339,C0011,SKU_020,葡萄
T02339,C0011,SKU_025,衛生紙
T02340,C0076,SKU_008,醬油
T02340,C0076,SKU_025,衛生紙
T02341,C0519,SKU_002,起司
T02341,C0519,SKU_004,紅酒
T02341,C0519,SKU_010,寶特瓶飲料
T02342,C0215,SKU_009,礦泉水
T02342,C0215,SKU_015,牛奶
T02342,C0215,SKU_020,葡萄
T02343,C0058,SKU_002,起司
T02343,C0058,SKU_004,紅酒
T02343,C0058,SKU_023,洋芋片
T02343,C0058,SKU_026,牙膏
T02343,C0058,SKU_029,SKU_NEW_001
T02344,C0509,SKU_005,塑膠袋
T02344,C0509,SKU_007,可樂
T02344,C0509,SKU_008,醬油
T02344,C0509,SKU_014,雪碧
T02344,C0509,SKU_020,葡萄
T02345,C1212,SKU_001,尿布
T02345,C1212,SKU_010,寶特瓶飲料
T02345,C1212,SKU_027,洗髮精
T02346,C0023,SKU_004,紅酒
T02346,C0023,SKU_009,礦泉水
T02346,C0023,SKU_014,雪碧
T02346,C0023,SKU_015,牛奶
T02346,C0023,SKU_017,蘋果
T02347,C0192,SKU_001,尿布
T02347,C0192,SKU_003,啤酒
T02347,C0192,SKU_007,可樂
T02347,C0192,SKU_012,麵包
T02348,C1041,SKU_002,起司
T02348,C1041,SKU_004,紅酒
T02348,C1041,SKU_012,麵包
T02348,C1041,SKU_029,SKU_NEW_001
T02349,C0148,SKU_010,寶特瓶飲料
T02350,C0827,SKU_002,起司
T02350,C0827,SKU_004,紅酒
T02350,C0827,SKU_008,醬油
T02350,C0827,SKU_014,雪碧
T02351,C0528,SKU_006,米
T02351,C0528,SKU_007,可樂
T02351,C0528,SKU_008,醬油
T02351,C0528,SKU_020,葡萄
T02351,C0528,SKU_022,巧克力
T02352,C0004,SKU_001,尿布
T02352,C0004,SKU_003,啤酒
T02352,C0004,SKU_007,可樂
T02352,C0004,SKU_025,衛生紙
T02353,C0228,SKU_004,紅酒
T02353,C0228,SKU_006,米
T02353,C0228,SKU_008,醬油
T02353,C0228,SKU_018,香蕉
T02353,C0228,SKU_030,SKU_NEW_002
T02354,C0001,SKU_014,雪碧
T02354,C0001,SKU_016,豆漿
T02355,C0211,SKU_009,礦泉水
T02355,C0211,SKU_013,果醬
T02355,C0211,SKU_021,餅乾
T02356,C0191,SKU_016,豆漿
T02356,C0191,SKU_025,衛生紙
T02357,C0809,SKU_001,尿布
T02357,C0809,SKU_003,啤酒
T02357,C0809,SKU_009,礦泉水
T02358,C0457,SKU_009,礦泉水
T02358,C0457,SKU_013,果醬
T02358,C0457,SKU_016,豆漿
T02358,C0457,SKU_017,蘋果
T02358,C0457,SKU_028,茶包
T02359,C1089,SKU_006,米
T02359,C1089,SKU_007,可樂
T02359,C1089,SKU_008,醬油
T02359,C1089,SKU_016,豆漿
T02360,C0183,SKU_002,起司
T02360,C0183,SKU_009,礦泉水
T02360,C0183,SKU_010,寶特瓶飲料
T02361,C0737,SKU_005,塑膠袋
T02361,C0737,SKU_008,醬油
T02361,C0737,SKU_010,寶特瓶飲料
T02361,C0737,SKU_024,口香糖
T02362,C0851,SKU_005,塑膠袋
T02362,C0851,SKU_021,餅乾
T02362,C0851,SKU_027,洗髮精
T02363,C0329,SKU_002,起司
T02363,C0329,SKU_004,紅酒
T02363,C0329,SKU_005,塑膠袋
T02363,C0329,SKU_012,麵包
T02363,C0329,SKU_021,餅乾
T02364,C0202,SKU_002,起司
T02364,C0202,SKU_004,紅酒
T02364,C0202,SKU_008,醬油
T02364,C0202,SKU_028,茶包
T02365,C0391,SKU_001,尿布
T02365,C0391,SKU_007,可樂
T02366,C0740,SKU_005,塑膠袋
T02366,C0740,SKU_009,礦泉水
T02366,C0740,SKU_018,香蕉
T02366,C0740,SKU_024,口香糖
T02366,C0740,SKU_026,牙膏
T02366,C0740,SKU_028,茶包
T02367,C0101,SKU_018,香蕉
T02368,C0787,SKU_007,可樂
T02368,C0787,SKU_010,寶特瓶飲料
T02368,C0787,SKU_011,杯麵
T02368,C0787,SKU_013,果醬
T02368,C0787,SKU_020,葡萄
T02369,C0520,SKU_001,尿布
T02369,C0520,SKU_007,可樂
T02369,C0520,SKU_027,洗髮精
T02370,C0006,SKU_007,可樂
T02370,C0006,SKU_008,醬油
T02370,C0006,SKU_019,橘子
T02370,C0006,SKU_025,衛生紙
T02371,C0087,SKU_009,礦泉水
T02372,C0245,SKU_002,起司
T02372,C0245,SKU_004,紅酒
T02372,C0245,SKU_006,米
T02372,C0245,SKU_008,醬油
T02372,C0245,SKU_010,寶特瓶飲料
T02372,C0245,SKU_023,洋芋片
T02372,C0245,SKU_029,SKU_NEW_001
T02372,C0245,SKU_030,SKU_NEW_002
T02373,C0204,SKU_009,礦泉水
T02373,C0204,SKU_010,寶特瓶飲料
T02373,C0204,SKU_020,葡萄
T02373,C0204,SKU_024,口香糖
T02374,C0861,SKU_004,紅酒
T02374,C0861,SKU_005,塑膠袋
T02374,C0861,SKU_007,可樂
T02374,C0861,SKU_009,礦泉水
T02374,C0861,SKU_015,牛奶
T02374,C0861,SKU_020,葡萄
T02374,C0861,SKU_026,牙膏
T02375,C0003,SKU_014,雪碧
T02375,C0003,SKU_029,SKU_NEW_001
T02376,C0414,SKU_004,紅酒
T02376,C0414,SKU_007,可樂
T02376,C0414,SKU_008,醬油
T02376,C0414,SKU_021,餅乾
T02376,C0414,SKU_024,口香糖
T02376,C0414,SKU_025,衛生紙
T02377,C0566,SKU_001,尿布
T02377,C0566,SKU_003,啤酒
T02377,C0566,SKU_006,米
T02377,C0566,SKU_012,麵包
T02377,C0566,SKU_013,果醬
T02377,C0566,SKU_017,蘋果
T02377,C0566,SKU_026,牙膏
T02378,C0424,SKU_001,尿布
T02378,C0424,SKU_003,啤酒
T02378,C0424,SKU_018,香蕉
T02379,C0028,SKU_010,寶特瓶飲料
T02379,C0028,SKU_012,麵包
T02379,C0028,SKU_029,SKU_NEW_001
T02380,C0754,SKU_008,醬油
T02380,C0754,SKU_018,香蕉
T02381,C0726,SKU_002,起司
T02381,C0726,SKU_006,米
T02381,C0726,SKU_008,醬油
T02381,C0726,SKU_011,杯麵
T02382,C0605,SKU_005,塑膠袋
T02382,C0605,SKU_007,可樂
T02382,C0605,SKU_017,蘋果
T02382,C0605,SKU_023,洋芋片
T02383,C0281,SKU_005,塑膠袋
T02383,C0281,SKU_007,可樂
T02383,C0281,SKU_019,橘子
T02383,C0281,SKU_020,葡萄
T02383,C0281,SKU_024,口香糖
T02384,C0687,SKU_001,尿布
T02384,C0687,SKU_002,起司
T02384,C0687,SKU_003,啤酒
T02384,C0687,SKU_004,紅酒
T02384,C0687,SKU_006,米
T02384,C0687,SKU_008,醬油
T02384,C0687,SKU_023,洋芋片
T02384,C0687,SKU_028,茶包
T02385,C0068,SKU_001,尿布
T02385,C0068,SKU_005,塑膠袋
T02385,C0068,SKU_006,米
T02385,C0068,SKU_007,可樂
T02385,C0068,SKU_009,礦泉水
T02385,C0068,SKU_015,牛奶
T02386,C0386,SKU_009,礦泉水
T02386,C0386,SKU_010,寶特瓶飲料
T02386,C0386,SKU_017,蘋果
T02386,C0386,SKU_019,橘子
T02387,C0881,SKU_005,塑膠袋
T02387,C0881,SKU_016,豆漿
T02387,C0881,SKU_018,香蕉
T02388,C0419,SKU_001,尿布
T02388,C0419,SKU_005,塑膠袋
T02388,C0419,SKU_007,可樂
T02388,C0419,SKU_009,礦泉水
T02388,C0419,SKU_021,餅乾
T02389,C0110,SKU_005,塑膠袋
T02389,C0110,SKU_006,米
T02389,C0110,SKU_008,醬油
T02389,C0110,SKU_010,寶特瓶飲料
T02389,C0110,SKU_011,杯麵
T02389,C0110,SKU_014,雪碧
T02389,C0110,SKU_020,葡萄
T02389,C0110,SKU_022,巧克力
T02389,C0110,SKU_023,洋芋片
T02390,C1221,SKU_001,尿布
T02390,C1221,SKU_002,起司
T02390,C1221,SKU_003,啤酒
T02390,C1221,SKU_023,洋芋片
T02391,C0039,SKU_002,起司
T02391,C0039,SKU_007,可樂
T02391,C0039,SKU_015,牛奶
T02391,C0039,SKU_028,茶包
T02392,C0034,SKU_012,麵包
T02392,C0034,SKU_018,香蕉
T02392,C0034,SKU_023,洋芋片
T02393,C0085,SKU_001,尿布
T02393,C0085,SKU_008,醬油
T02393,C0085,SKU_022,巧克力
T02394,C0041,SKU_001,尿布
T02394,C0041,SKU_003,啤酒
T02394,C0041,SKU_014,雪碧
T02394,C0041,SKU_019,橘子
T02394,C0041,SKU_023,洋芋片
T02394,C0041,SKU_024,口香糖
T02394,C0041,SKU_029,SKU_NEW_001
T02395,C0787,SKU_005,塑膠袋
T02395,C0787,SKU_029,SKU_NEW_001
T02396,C0665,SKU_002,起司
T02396,C0665,SKU_003,啤酒
T02396,C0665,SKU_004,紅酒
T02396,C0665,SKU_018,香蕉
T02397,C0782,SKU_019,橘子
T02398,C0465,SKU_004,紅酒
T02398,C0465,SKU_006,米
T02398,C0465,SKU_007,可樂
T02398,C0465,SKU_008,醬油
T02398,C0465,SKU_010,寶特瓶飲料
T02398,C0465,SKU_013,果醬
T02398,C0465,SKU_020,葡萄
T02398,C0465,SKU_030,SKU_NEW_002
T02399,C0430,SKU_018,香蕉
T02400,C0472,SKU_001,尿布
T02400,C0472,SKU_002,起司
T02400,C0472,SKU_028,茶包
T02401,C1070,SKU_002,起司
T02401,C1070,SKU_004,紅酒
T02401,C1070,SKU_019,橘子
T02402,C0192,SKU_001,尿布
T02402,C0192,SKU_003,啤酒
T02402,C0192,SKU_006,米
T02402,C0192,SKU_007,可樂
T02402,C0192,SKU_008,醬油
T02402,C0192,SKU_009,礦泉水
T02403,C0645,SKU_001,尿布
T02403,C0645,SKU_003,啤酒
T02403,C0645,SKU_005,塑膠袋
T02403,C0645,SKU_009,礦泉水
T02403,C0645,SKU_012,麵包
T02403,C0645,SKU_023,洋芋片
T02403,C0645,SKU_030,SKU_NEW_002
T02404,C0543,SKU_002,起司
T02404,C0543,SKU_004,紅酒
T02404,C0543,SKU_010,寶特瓶飲料
T02404,C0543,SKU_021,餅乾
T02405,C0025,SKU_002,起司
T02405,C0025,SKU_004,紅酒
T02405,C0025,SKU_006,米
T02405,C0025,SKU_029,SKU_NEW_001
T02406,C0017,SKU_009,礦泉水
T02406,C0017,SKU_017,蘋果
T02406,C0017,SKU_027,洗髮精
T02407,C1318,SKU_002,起司
T02407,C1318,SKU_004,紅酒
T02407,C1318,SKU_024,口香糖
T02408,C0119,SKU_007,可樂
T02408,C0119,SKU_010,寶特瓶飲料
T02408,C0119,SKU_014,雪碧
T02409,C0226,SKU_004,紅酒
T02409,C0226,SKU_005,塑膠袋
T02409,C0226,SKU_009,礦泉水
T02409,C0226,SKU_010,寶特瓶飲料
T02409,C0226,SKU_019,橘子
T02410,C0072,SKU_006,米
T02410,C0072,SKU_008,醬油
T02410,C0072,SKU_012,麵包
T02410,C0072,SKU_025,衛生紙
T02410,C0072,SKU_026,牙膏
T02411,C0043,SKU_001,尿布
T02411,C0043,SKU_003,啤酒
T02411,C0043,SKU_008,醬油
T02411,C0043,SKU_009,礦泉水
T02412,C0144,SKU_003,啤酒
T02412,C0144,SKU_005,塑膠袋
T02412,C0144,SKU_018,香蕉
T02412,C0144,SKU_020,葡萄
T02413,C1133,SKU_001,尿布
T02413,C1133,SKU_003,啤酒
T02413,C1133,SKU_009,礦泉水
T02413,C1133,SKU_010,寶特瓶飲料
T02413,C1133,SKU_012,麵包
T02413,C1133,SKU_013,果醬
T02413,C1133,SKU_015,牛奶
T02413,C1133,SKU_017,蘋果
T02413,C1133,SKU_018,香蕉
T02414,C0067,SKU_001,尿布
T02414,C0067,SKU_007,可樂
T02414,C0067,SKU_009,礦泉水
T02414,C0067,SKU_024,口香糖
T02415,C0753,SKU_006,米
T02415,C0753,SKU_007,可樂
T02416,C0772,SKU_005,塑膠袋
T02416,C0772,SKU_010,寶特瓶飲料
T02416,C0772,SKU_021,餅乾
T02417,C0146,SKU_024,口香糖
T02417,C0146,SKU_029,SKU_NEW_001
T02418,C0042,SKU_002,起司
T02418,C0042,SKU_003,啤酒
T02418,C0042,SKU_004,紅酒
T02418,C0042,SKU_005,塑膠袋
T02418,C0042,SKU_006,米
T02418,C0042,SKU_008,醬油
T02418,C0042,SKU_026,牙膏
T02419,C0573,SKU_001,尿布
T02419,C0573,SKU_003,啤酒
T02419,C0573,SKU_029,SKU_NEW_001
T02420,C0032,SKU_001,尿布
T02420,C0032,SKU_005,塑膠袋
T02420,C0032,SKU_007,可樂
T02420,C0032,SKU_008,醬油
T02420,C0032,SKU_026,牙膏
T02420,C0032,SKU_027,洗髮精
T02421,C0198,SKU_001,尿布
T02421,C0198,SKU_002,起司
T02421,C0198,SKU_003,啤酒
T02421,C0198,SKU_004,紅酒
T02421,C0198,SKU_017,蘋果
T02421,C0198,SKU_026,牙膏
T02421,C0198,SKU_028,茶包
T02422,C0013,SKU_002,起司
T02422,C0013,SKU_004,紅酒
T02422,C0013,SKU_006,米
T02422,C0013,SKU_008,醬油
T02422,C0013,SKU_029,SKU_NEW_001
T02423,C0135,SKU_026,牙膏
T02423,C0135,SKU_028,茶包
T02424,C0535,SKU_004,紅酒
T02424,C0535,SKU_007,可樂
T02424,C0535,SKU_023,洋芋片
T02425,C1382,SKU_004,紅酒
T02425,C1382,SKU_005,塑膠袋
T02425,C1382,SKU_011,杯麵
T02425,C1382,SKU_016,豆漿
T02426,C0689,SKU_003,啤酒
T02426,C0689,SKU_005,塑膠袋
T02426,C0689,SKU_006,米
T02426,C0689,SKU_007,可樂
T02426,C0689,SKU_024,口香糖
T02427,C0640,SKU_004,紅酒
T02427,C0640,SKU_007,可樂
T02427,C0640,SKU_009,礦泉水
T02427,C0640,SKU_010,寶特瓶飲料
T02427,C0640,SKU_023,洋芋片
T02428,C0064,SKU_001,尿布
T02428,C0064,SKU_004,紅酒
T02428,C0064,SKU_009,礦泉水
T02428,C0064,SKU_015,牛奶
T02428,C0064,SKU_017,蘋果
T02428,C0064,SKU_026,牙膏
T02429,C0398,SKU_012,麵包
T02429,C0398,SKU_019,橘子
T02429,C0398,SKU_026,牙膏
T02429,C0398,SKU_028,茶包
T02430,C0906,SKU_007,可樂
T02430,C0906,SKU_011,杯麵
T02431,C0213,SKU_010,寶特瓶飲料
T02431,C0213,SKU_012,麵包
T02431,C0213,SKU_025,衛生紙
T02432,C0072,SKU_005,塑膠袋
T02432,C0072,SKU_026,牙膏
T02433,C0637,SKU_006,米
T02433,C0637,SKU_018,香蕉
T02434,C0103,SKU_017,蘋果
T02434,C0103,SKU_029,SKU_NEW_001
T02435,C1014,SKU_003,啤酒
T02435,C1014,SKU_005,塑膠袋
T02435,C1014,SKU_006,米
T02435,C1014,SKU_008,醬油
T02435,C1014,SKU_010,寶特瓶飲料
T02436,C0567,SKU_002,起司
T02436,C0567,SKU_004,紅酒
T02436,C0567,SKU_005,塑膠袋
T02436,C0567,SKU_009,礦泉水
T02436,C0567,SKU_014,雪碧
T02436,C0567,SKU_018,香蕉
T02437,C0751,SKU_005,塑膠袋
T02437,C0751,SKU_009,礦泉水
T02437,C0751,SKU_012,麵包
T02437,C0751,SKU_021,餅乾
T02437,C0751,SKU_028,茶包
T02438,C0103,SKU_003,啤酒
T02439,C0351,SKU_002,起司
T02439,C0351,SKU_004,紅酒
T02439,C0351,SKU_021,餅乾
T02440,C0746,SKU_025,衛生紙
T02440,C0746,SKU_028,茶包
T02441,C1266,SKU_003,啤酒
T02441,C1266,SKU_017,蘋果
T02441,C1266,SKU_027,洗髮精
T02441,C1266,SKU_028,茶包
T02442,C0708,SKU_007,可樂
T02443,C0058,SKU_009,礦泉水
T02443,C0058,SKU_012,麵包
T02443,C0058,SKU_015,牛奶
T02444,C0197,SKU_005,塑膠袋
T02444,C0197,SKU_014,雪碧
T02444,C0197,SKU_022,巧克力
T02445,C1292,SKU_006,米
T02445,C1292,SKU_008,醬油
T02445,C1292,SKU_018,香蕉
T02446,C0114,SKU_011,杯麵
T02447,C0016,SKU_004,紅酒
T02447,C0016,SKU_009,礦泉水
T02447,C0016,SKU_012,麵包
T02447,C0016,SKU_021,餅乾
T02447,C0016,SKU_022,巧克力
T02448,C0385,SKU_002,起司
T02448,C0385,SKU_004,紅酒
T02448,C0385,SKU_010,寶特瓶飲料
T02448,C0385,SKU_029,SKU_NEW_001
T02449,C0324,SKU_006,米
T02449,C0324,SKU_007,可樂
T02449,C0324,SKU_008,醬油
T02449,C0324,SKU_009,礦泉水
T02449,C0324,SKU_010,寶特瓶飲料
T02450,C0850,SKU_003,啤酒
T02450,C0850,SKU_005,塑膠袋
T02450,C0850,SKU_009,礦泉水
T02450,C0850,SKU_020,葡萄
T02451,C0509,SKU_001,尿布
T02451,C0509,SKU_002,起司
T02451,C0509,SKU_003,啤酒
T02451,C0509,SKU_004,紅酒
T02451,C0509,SKU_008,醬油
T02451,C0509,SKU_017,蘋果
T02451,C0509,SKU_019,橘子
T02451,C0509,SKU_022,巧克力
T02452,C0338,SKU_001,尿布
T02452,C0338,SKU_002,起司
T02452,C0338,SKU_003,啤酒
T02452,C0338,SKU_006,米
T02452,C0338,SKU_013,果醬
T02452,C0338,SKU_023,洋芋片
T02452,C0338,SKU_025,衛生紙
T02452,C0338,SKU_029,SKU_NEW_001
T02453,C0090,SKU_001,尿布
T02453,C0090,SKU_002,起司
T02453,C0090,SKU_003,啤酒
T02453,C0090,SKU_004,紅酒
T02453,C0090,SKU_005,塑膠袋
T02453,C0090,SKU_007,可樂
T02454,C1162,SKU_001,尿布
T02454,C1162,SKU_007,可樂
T02454,C1162,SKU_013,果醬
T02454,C1162,SKU_027,洗髮精
T02455,C0556,SKU_007,可樂
T02455,C0556,SKU_010,寶特瓶飲料
T02456,C0344,SKU_003,啤酒
T02456,C0344,SKU_005,塑膠袋
T02457,C0816,SKU_006,米
T02457,C0816,SKU_008,醬油
T02457,C0816,SKU_010,寶特瓶飲料
T02458,C0102,SKU_008,醬油
T02458,C0102,SKU_013,果醬
T02458,C0102,SKU_014,雪碧
T02458,C0102,SKU_015,牛奶
T02458,C0102,SKU_026,牙膏
T02459,C0067,SKU_001,尿布
T02459,C0067,SKU_003,啤酒
T02459,C0067,SKU_006,米
T02459,C0067,SKU_028,茶包
T02460,C0097,SKU_005,塑膠袋
T02460,C0097,SKU_006,米
T02460,C0097,SKU_008,醬油
T02461,C0756,SKU_003,啤酒
T02461,C0756,SKU_007,可樂
T02461,C0756,SKU_015,牛奶
T02461,C0756,SKU_021,餅乾
T02462,C0062,SKU_001,尿布
T02462,C0062,SKU_022,巧克力
T02463,C0210,SKU_001,尿布
T02463,C0210,SKU_003,啤酒
T02464,C0319,SKU_002,起司
T02464,C0319,SKU_004,紅酒
T02464,C0319,SKU_018,香蕉
T02464,C0319,SKU_027,洗髮精
T02465,C0572,SKU_002,起司
T02465,C0572,SKU_004,紅酒
T02465,C0572,SKU_005,塑膠袋
T02465,C0572,SKU_008,醬油
T02465,C0572,SKU_029,SKU_NEW_001
T02466,C0103,SKU_001,尿布
T02466,C0103,SKU_005,塑膠袋
T02466,C0103,SKU_030,SKU_NEW_002
T02467,C0100,SKU_007,可樂
T02467,C0100,SKU_008,醬油
T02467,C0100,SKU_009,礦泉水
T02467,C0100,SKU_015,牛奶
T02467,C0100,SKU_030,SKU_NEW_002
T02468,C0048,SKU_009,礦泉水
T02468,C0048,SKU_010,寶特瓶飲料
T02469,C0472,SKU_010,寶特瓶飲料
T02469,C0472,SKU_011,杯麵
T02469,C0472,SKU_018,香蕉
T02469,C0472,SKU_024,口香糖
T02470,C1414,SKU_005,塑膠袋
T02470,C1414,SKU_011,杯麵
T02471,C0744,SKU_007,可樂
T02472,C0078,SKU_001,尿布
T02472,C0078,SKU_002,起司
T02472,C0078,SKU_003,啤酒
T02472,C0078,SKU_007,可樂
T02472,C0078,SKU_010,寶特瓶飲料
T02472,C0078,SKU_015,牛奶
T02472,C0078,SKU_025,衛生紙
T02473,C0694,SKU_005,塑膠袋
T02473,C0694,SKU_006,米
T02473,C0694,SKU_008,醬油
T02473,C0694,SKU_022,巧克力
T02474,C0125,SKU_005,塑膠袋
T02474,C0125,SKU_021,餅乾
T02474,C0125,SKU_029,SKU_NEW_001
T02475,C0807,SKU_010,寶特瓶飲料
T02475,C0807,SKU_014,雪碧
T02475,C0807,SKU_016,豆漿
T02475,C0807,SKU_023,洋芋片
T02476,C0818,SKU_004,紅酒
T02476,C0818,SKU_005,塑膠袋
T02476,C0818,SKU_007,可樂
T02476,C0818,SKU_012,麵包
T02476,C0818,SKU_020,葡萄
T02476,C0818,SKU_025,衛生紙
T02477,C0064,SKU_001,尿布
T02477,C0064,SKU_003,啤酒
T02477,C0064,SKU_013,果醬
T02477,C0064,SKU_017,蘋果
T02478,C0335,SKU_006,米
T02478,C0335,SKU_008,醬油
T02478,C0335,SKU_021,餅乾
T02478,C0335,SKU_030,SKU_NEW_002
T02479,C0235,SKU_007,可樂
T02479,C0235,SKU_010,寶特瓶飲料
T02479,C0235,SKU_018,香蕉
T02479,C0235,SKU_025,衛生紙
T02479,C0235,SKU_030,SKU_NEW_002
T02480,C0463,SKU_007,可樂
T02480,C0463,SKU_024,口香糖
T02481,C0870,SKU_009,礦泉水
T02481,C0870,SKU_011,杯麵
T02481,C0870,SKU_015,牛奶
T02481,C0870,SKU_016,豆漿
T02481,C0870,SKU_027,洗髮精
T02482,C1122,SKU_007,可樂
T02482,C1122,SKU_016,豆漿
T02482,C1122,SKU_018,香蕉
T02482,C1122,SKU_024,口香糖
T02483,C1230,SKU_001,尿布
T02483,C1230,SKU_009,礦泉水
T02483,C1230,SKU_022,巧克力
T02483,C1230,SKU_029,SKU_NEW_001
T02484,C0548,SKU_018,香蕉
T02484,C0548,SKU_027,洗髮精
T02484,C0548,SKU_028,茶包
T02485,C0875,SKU_001,尿布
T02485,C0875,SKU_002,起司
T02485,C0875,SKU_024,口香糖
T02485,C0875,SKU_026,牙膏
T02486,C0211,SKU_002,起司
T02486,C0211,SKU_004,紅酒
T02486,C0211,SKU_005,塑膠袋
T02486,C0211,SKU_014,雪碧
T02487,C0520,SKU_009,礦泉水
T02488,C0131,SKU_001,尿布
T02488,C0131,SKU_003,啤酒
T02488,C0131,SKU_014,雪碧
T02488,C0131,SKU_016,豆漿
T02489,C0467,SKU_005,塑膠袋
T02489,C0467,SKU_013,果醬
T02489,C0467,SKU_024,口香糖
T02489,C0467,SKU_025,衛生紙
T02490,C0857,SKU_004,紅酒
T02490,C0857,SKU_013,果醬
T02490,C0857,SKU_020,葡萄
T02490,C0857,SKU_023,洋芋片
T02490,C0857,SKU_025,衛生紙
T02491,C0830,SKU_003,啤酒
T02491,C0830,SKU_006,米
T02491,C0830,SKU_010,寶特瓶飲料
T02492,C0116,SKU_006,米
T02492,C0116,SKU_007,可樂
T02492,C0116,SKU_008,醬油
T02492,C0116,SKU_009,礦泉水
T02492,C0116,SKU_014,雪碧
T02492,C0116,SKU_023,洋芋片
T02492,C0116,SKU_025,衛生紙
T02492,C0116,SKU_027,洗髮精
T02493,C0179,SKU_002,起司
T02493,C0179,SKU_004,紅酒
T02493,C0179,SKU_010,寶特瓶飲料
T02494,C0364,SKU_010,寶特瓶飲料
T02494,C0364,SKU_022,巧克力
T02494,C0364,SKU_024,口香糖
T02495,C1191,SKU_009,礦泉水
T02495,C1191,SKU_014,雪碧
T02495,C1191,SKU_018,香蕉
T02496,C0272,SKU_006,米
T02496,C0272,SKU_018,香蕉
T02497,C0604,SKU_001,尿布
T02497,C0604,SKU_003,啤酒
T02498,C0376,SKU_001,尿布
T02498,C0376,SKU_010,寶特瓶飲料
T02498,C0376,SKU_015,牛奶
T02498,C0376,SKU_024,口香糖
T02499,C0082,SKU_001,尿布
T02499,C0082,SKU_002,起司
T02499,C0082,SKU_003,啤酒
T02499,C0082,SKU_004,紅酒
T02500,C0849,SKU_016,豆漿
T02500,C0849,SKU_018,香蕉
T02500,C0849,SKU_021,餅乾
T02500,C0849,SKU_024,口香糖
T02501,C0140,SKU_004,紅酒
T02501,C0140,SKU_020,葡萄
T02502,C0346,SKU_003,啤酒
T02502,C0346,SKU_009,礦泉水
T02502,C0346,SKU_016,豆漿
T02502,C0346,SKU_017,蘋果
T02502,C0346,SKU_019,橘子
T02503,C0966,SKU_001,尿布
T02503,C0966,SKU_007,可樂
T02503,C0966,SKU_010,寶特瓶飲料
T02503,C0966,SKU_013,果醬
T02504,C0063,SKU_001,尿布
T02504,C0063,SKU_003,啤酒
T02504,C0063,SKU_007,可樂
T02504,C0063,SKU_010,寶特瓶飲料
T02504,C0063,SKU_014,雪碧
T02504,C0063,SKU_023,洋芋片
T02505,C1277,SKU_007,可樂
T02505,C1277,SKU_014,雪碧
T02505,C1277,SKU_016,豆漿
T02506,C0760,SKU_008,醬油
T02506,C0760,SKU_011,杯麵
T02506,C0760,SKU_015,牛奶
T02506,C0760,SKU_018,香蕉
T02506,C0760,SKU_030,SKU_NEW_002
T02507,C0725,SKU_008,醬油
T02507,C0725,SKU_009,礦泉水
T02508,C0630,SKU_004,紅酒
T02508,C0630,SKU_005,塑膠袋
T02508,C0630,SKU_007,可樂
T02508,C0630,SKU_011,杯麵
T02508,C0630,SKU_012,麵包
T02508,C0630,SKU_029,SKU_NEW_001
T02509,C0451,SKU_005,塑膠袋
T02509,C0451,SKU_008,醬油
T02509,C0451,SKU_009,礦泉水
T02509,C0451,SKU_010,寶特瓶飲料
T02509,C0451,SKU_014,雪碧
T02509,C0451,SKU_015,牛奶
T02510,C0378,SKU_008,醬油
T02510,C0378,SKU_011,杯麵
T02510,C0378,SKU_012,麵包
T02511,C0304,SKU_002,起司
T02511,C0304,SKU_005,塑膠袋
T02511,C0304,SKU_017,蘋果
T02511,C0304,SKU_022,巧克力
T02512,C0392,SKU_002,起司
T02512,C0392,SKU_004,紅酒
T02512,C0392,SKU_008,醬油
T02512,C0392,SKU_012,麵包
T02512,C0392,SKU_016,豆漿
T02513,C0185,SKU_001,尿布
T02513,C0185,SKU_003,啤酒
T02513,C0185,SKU_005,塑膠袋
T02513,C0185,SKU_029,SKU_NEW_001
T02514,C0540,SKU_005,塑膠袋
T02514,C0540,SKU_007,可樂
T02514,C0540,SKU_009,礦泉水
T02514,C0540,SKU_010,寶特瓶飲料
T02514,C0540,SKU_014,雪碧
T02514,C0540,SKU_025,衛生紙
T02514,C0540,SKU_028,茶包
T02514,C0540,SKU_029,SKU_NEW_001
T02515,C0251,SKU_001,尿布
T02515,C0251,SKU_003,啤酒
T02515,C0251,SKU_005,塑膠袋
T02515,C0251,SKU_017,蘋果
T02515,C0251,SKU_018,香蕉
T02515,C0251,SKU_023,洋芋片
T02516,C0055,SKU_005,塑膠袋
T02516,C0055,SKU_006,米
T02516,C0055,SKU_013,果醬
T02516,C0055,SKU_016,豆漿
T02517,C0604,SKU_027,洗髮精
T02518,C0079,SKU_001,尿布
T02519,C0285,SKU_001,尿布
T02519,C0285,SKU_002,起司
T02519,C0285,SKU_004,紅酒
T02519,C0285,SKU_006,米
T02519,C0285,SKU_008,醬油
T02519,C0285,SKU_012,麵包
T02519,C0285,SKU_017,蘋果
T02520,C0810,SKU_004,紅酒
T02520,C0810,SKU_007,可樂
T02520,C0810,SKU_024,口香糖
T02521,C1243,SKU_028,茶包
T02522,C0644,SKU_019,橘子
T02523,C0564,SKU_002,起司
T02523,C0564,SKU_004,紅酒
T02523,C0564,SKU_006,米
T02523,C0564,SKU_008,醬油
T02523,C0564,SKU_009,礦泉水
T02523,C0564,SKU_013,果醬
T02523,C0564,SKU_030,SKU_NEW_002
T02524,C0155,SKU_002,起司
T02524,C0155,SKU_006,米
T02524,C0155,SKU_011,杯麵
T02524,C0155,SKU_026,牙膏
T02525,C0816,SKU_002,起司
T02525,C0816,SKU_004,紅酒
T02525,C0816,SKU_008,醬油
T02525,C0816,SKU_022,巧克力
T02526,C0733,SKU_008,醬油
T02526,C0733,SKU_009,礦泉水
T02526,C0733,SKU_026,牙膏
T02526,C0733,SKU_030,SKU_NEW_002
T02527,C0039,SKU_006,米
T02527,C0039,SKU_008,醬油
T02527,C0039,SKU_009,礦泉水
T02528,C1132,SKU_004,紅酒
T02528,C1132,SKU_010,寶特瓶飲料
T02528,C1132,SKU_024,口香糖
T02528,C1132,SKU_027,洗髮精
T02529,C0892,SKU_001,尿布
T02529,C0892,SKU_004,紅酒
T02529,C0892,SKU_009,礦泉水
T02529,C0892,SKU_011,杯麵
T02529,C0892,SKU_023,洋芋片
T02529,C0892,SKU_030,SKU_NEW_002
T02530,C0072,SKU_001,尿布
T02530,C0072,SKU_003,啤酒
T02530,C0072,SKU_006,米
T02530,C0072,SKU_008,醬油
T02530,C0072,SKU_010,寶特瓶飲料
T02530,C0072,SKU_013,果醬
T02530,C0072,SKU_019,橘子
T02530,C0072,SKU_022,巧克力
T02531,C0778,SKU_004,紅酒
T02532,C0170,SKU_009,礦泉水
T02533,C0119,SKU_027,洗髮精
T02534,C0998,SKU_001,尿布
T02534,C0998,SKU_003,啤酒
T02534,C0998,SKU_006,米
T02534,C0998,SKU_008,醬油
T02534,C0998,SKU_009,礦泉水
T02534,C0998,SKU_015,牛奶
T02534,C0998,SKU_016,豆漿
T02535,C0811,SKU_010,寶特瓶飲料
T02535,C0811,SKU_014,雪碧
T02535,C0811,SKU_020,葡萄
T02535,C0811,SKU_024,口香糖
T02536,C0439,SKU_001,尿布
T02536,C0439,SKU_003,啤酒
T02536,C0439,SKU_012,麵包
T02536,C0439,SKU_024,口香糖
T02537,C0453,SKU_002,起司
T02537,C0453,SKU_004,紅酒
T02537,C0453,SKU_007,可樂
T02537,C0453,SKU_008,醬油
T02537,C0453,SKU_010,寶特瓶飲料
T02538,C0773,SKU_005,塑膠袋
T02538,C0773,SKU_010,寶特瓶飲料
T02539,C0027,SKU_005,塑膠袋
T02539,C0027,SKU_013,果醬
T02540,C0856,SKU_001,尿布
T02540,C0856,SKU_003,啤酒
T02540,C0856,SKU_004,紅酒
T02540,C0856,SKU_006,米
T02540,C0856,SKU_008,醬油
T02540,C0856,SKU_011,杯麵
T02540,C0856,SKU_026,牙膏
T02541,C0831,SKU_004,紅酒
T02541,C0831,SKU_006,米
T02541,C0831,SKU_008,醬油
T02541,C0831,SKU_009,礦泉水
T02542,C0193,SKU_016,豆漿
T02543,C0041,SKU_003,啤酒
T02543,C0041,SKU_007,可樂
T02543,C0041,SKU_009,礦泉水
T02543,C0041,SKU_024,口香糖
T02543,C0041,SKU_029,SKU_NEW_001
T02543,C0041,SKU_030,SKU_NEW_002
T02544,C0184,SKU_002,起司
T02544,C0184,SKU_004,紅酒
T02544,C0184,SKU_008,醬油
T02544,C0184,SKU_010,寶特瓶飲料
T02544,C0184,SKU_011,杯麵
T02544,C0184,SKU_024,口香糖
T02545,C0670,SKU_004,紅酒
T02545,C0670,SKU_005,塑膠袋
T02545,C0670,SKU_006,米
T02545,C0670,SKU_007,可樂
T02545,C0670,SKU_008,醬油
T02545,C0670,SKU_019,橘子
T02545,C0670,SKU_023,洋芋片
T02545,C0670,SKU_029,SKU_NEW_001
T02546,C0590,SKU_014,雪碧
T02546,C0590,SKU_029,SKU_NEW_001
T02547,C1439,SKU_001,尿布
T02547,C1439,SKU_002,起司
T02547,C1439,SKU_003,啤酒
T02547,C1439,SKU_004,紅酒
T02547,C1439,SKU_015,牛奶
T02547,C1439,SKU_020,葡萄
T02548,C0004,SKU_001,尿布
T02548,C0004,SKU_003,啤酒
T02548,C0004,SKU_018,香蕉
T02548,C0004,SKU_019,橘子
T02548,C0004,SKU_023,洋芋片
T02548,C0004,SKU_027,洗髮精
T02549,C0754,SKU_001,尿布
T02549,C0754,SKU_004,紅酒
T02549,C0754,SKU_014,雪碧
T02549,C0754,SKU_019,橘子
T02549,C0754,SKU_024,口香糖
T02550,C0162,SKU_003,啤酒
T02550,C0162,SKU_005,塑膠袋
T02550,C0162,SKU_007,可樂
T02550,C0162,SKU_008,醬油
T02550,C0162,SKU_009,礦泉水
T02550,C0162,SKU_017,蘋果
T02550,C0162,SKU_025,衛生紙
T02550,C0162,SKU_030,SKU_NEW_002
T02551,C0025,SKU_001,尿布
T02551,C0025,SKU_002,起司
T02551,C0025,SKU_004,紅酒
T02552,C0119,SKU_001,尿布
T02552,C0119,SKU_003,啤酒
T02552,C0119,SKU_004,紅酒
T02552,C0119,SKU_005,塑膠袋
T02552,C0119,SKU_006,米
T02552,C0119,SKU_008,醬油
T02552,C0119,SKU_009,礦泉水
T02552,C0119,SKU_024,口香糖
T02553,C1264,SKU_029,SKU_NEW_001
T02554,C0640,SKU_004,紅酒
T02554,C0640,SKU_007,可樂
T02554,C0640,SKU_017,蘋果
T02554,C0640,SKU_018,香蕉
T02554,C0640,SKU_023,洋芋片
T02555,C0881,SKU_005,塑膠袋
T02555,C0881,SKU_014,雪碧
T02555,C0881,SKU_022,巧克力
T02556,C0130,SKU_001,尿布
T02556,C0130,SKU_003,啤酒
T02556,C0130,SKU_009,礦泉水
T02557,C0566,SKU_001,尿布
T02557,C0566,SKU_002,起司
T02557,C0566,SKU_003,啤酒
T02557,C0566,SKU_004,紅酒
T02557,C0566,SKU_014,雪碧
T02557,C0566,SKU_021,餅乾
T02557,C0566,SKU_028,茶包
T02558,C0067,SKU_005,塑膠袋
T02558,C0067,SKU_012,麵包
T02558,C0067,SKU_014,雪碧
T02558,C0067,SKU_019,橘子
T02559,C0570,SKU_004,紅酒
T02559,C0570,SKU_005,塑膠袋
T02560,C0316,SKU_012,麵包
T02560,C0316,SKU_028,茶包
T02561,C0978,SKU_011,杯麵
T02562,C0630,SKU_002,起司
T02562,C0630,SKU_010,寶特瓶飲料
T02562,C0630,SKU_013,果醬
T02562,C0630,SKU_014,雪碧
T02562,C0630,SKU_018,香蕉
T02563,C0213,SKU_007,可樂
T02563,C0213,SKU_008,醬油
T02563,C0213,SKU_010,寶特瓶飲料
T02563,C0213,SKU_020,葡萄
T02563,C0213,SKU_023,洋芋片
T02564,C0276,SKU_009,礦泉水
T02564,C0276,SKU_029,SKU_NEW_001
T02565,C0828,SKU_007,可樂
T02565,C0828,SKU_009,礦泉水
T02565,C0828,SKU_019,橘子
T02566,C0011,SKU_009,礦泉水
T02566,C0011,SKU_020,葡萄
T02566,C0011,SKU_021,餅乾
T02566,C0011,SKU_026,牙膏
T02567,C0062,SKU_007,可樂
T02567,C0062,SKU_010,寶特瓶飲料
T02567,C0062,SKU_019,橘子
T02567,C0062,SKU_021,餅乾
T02568,C0398,SKU_001,尿布
T02568,C0398,SKU_002,起司
T02568,C0398,SKU_003,啤酒
T02568,C0398,SKU_004,紅酒
T02568,C0398,SKU_006,米
T02568,C0398,SKU_008,醬油
T02568,C0398,SKU_015,牛奶
T02569,C0598,SKU_010,寶特瓶飲料
T02569,C0598,SKU_012,麵包
T02570,C0811,SKU_014,雪碧
T02571,C0074,SKU_008,醬油
T02571,C0074,SKU_009,礦泉水
T02571,C0074,SKU_011,杯麵
T02571,C0074,SKU_017,蘋果
T02572,C0028,SKU_009,礦泉水
T02572,C0028,SKU_010,寶特瓶飲料
T02573,C1305,SKU_002,起司
T02573,C1305,SKU_004,紅酒
T02573,C1305,SKU_006,米
T02573,C1305,SKU_007,可樂
T02573,C1305,SKU_008,醬油
T02573,C1305,SKU_010,寶特瓶飲料
T02574,C0622,SKU_001,尿布
T02574,C0622,SKU_002,起司
T02574,C0622,SKU_003,啤酒
T02574,C0622,SKU_004,紅酒
T02574,C0622,SKU_015,牛奶
T02574,C0622,SKU_016,豆漿
T02575,C1351,SKU_019,橘子
T02575,C1351,SKU_026,牙膏
T02576,C0751,SKU_006,米
T02576,C0751,SKU_008,醬油
T02576,C0751,SKU_009,礦泉水
T02576,C0751,SKU_013,果醬
T02576,C0751,SKU_027,洗髮精
T02577,C0784,SKU_007,可樂
T02577,C0784,SKU_008,醬油
T02577,C0784,SKU_011,杯麵
T02577,C0784,SKU_029,SKU_NEW_001
T02578,C0839,SKU_008,醬油
T02579,C0803,SKU_001,尿布
T02579,C0803,SKU_003,啤酒
T02579,C0803,SKU_005,塑膠袋
T02579,C0803,SKU_008,醬油
T02579,C0803,SKU_010,寶特瓶飲料
T02579,C0803,SKU_024,口香糖
T02580,C0006,SKU_004,紅酒
T02580,C0006,SKU_006,米
T02580,C0006,SKU_008,醬油
T02580,C0006,SKU_012,麵包
T02580,C0006,SKU_020,葡萄
T02580,C0006,SKU_026,牙膏
T02581,C0141,SKU_001,尿布
T02581,C0141,SKU_003,啤酒
T02581,C0141,SKU_006,米
T02581,C0141,SKU_007,可樂
T02581,C0141,SKU_009,礦泉水
T02582,C0769,SKU_001,尿布
T02582,C0769,SKU_003,啤酒
T02582,C0769,SKU_018,香蕉
T02582,C0769,SKU_021,餅乾
T02582,C0769,SKU_026,牙膏
T02583,C0353,SKU_001,尿布
T02583,C0353,SKU_005,塑膠袋
T02583,C0353,SKU_008,醬油
T02583,C0353,SKU_019,橘子
T02583,C0353,SKU_023,洋芋片
T02583,C0353,SKU_027,洗髮精
T02583,C0353,SKU_029,SKU_NEW_001
T02584,C0779,SKU_001,尿布
T02584,C0779,SKU_005,塑膠袋
T02584,C0779,SKU_030,SKU_NEW_002
T02585,C0135,SKU_018,香蕉
T02585,C0135,SKU_021,餅乾
T02585,C0135,SKU_024,口香糖
T02585,C0135,SKU_030,SKU_NEW_002
T02586,C0282,SKU_002,起司
T02586,C0282,SKU_004,紅酒
T02586,C0282,SKU_007,可樂
T02586,C0282,SKU_009,礦泉水
T02586,C0282,SKU_010,寶特瓶飲料
T02586,C0282,SKU_020,葡萄
T02587,C0091,SKU_007,可樂
T02587,C0091,SKU_009,礦泉水
T02587,C0091,SKU_011,杯麵
T02587,C0091,SKU_012,麵包
T02587,C0091,SKU_028,茶包
T02588,C0746,SKU_001,尿布
T02588,C0746,SKU_004,紅酒
T02588,C0746,SKU_005,塑膠袋
T02588,C0746,SKU_011,杯麵
T02588,C0746,SKU_012,麵包
T02589,C0197,SKU_002,起司
T02589,C0197,SKU_004,紅酒
T02589,C0197,SKU_008,醬油
T02589,C0197,SKU_014,雪碧
T02589,C0197,SKU_019,橘子
T02590,C0176,SKU_005,塑膠袋
T02591,C0877,SKU_001,尿布
T02591,C0877,SKU_008,醬油
T02591,C0877,SKU_009,礦泉水
T02591,C0877,SKU_010,寶特瓶飲料
T02591,C0877,SKU_012,麵包
T02591,C0877,SKU_029,SKU_NEW_001
T02592,C0510,SKU_002,起司
T02592,C0510,SKU_004,紅酒
T02592,C0510,SKU_006,米
T02592,C0510,SKU_008,醬油
T02592,C0510,SKU_010,寶特瓶飲料
T02593,C0825,SKU_001,尿布
T02593,C0825,SKU_005,塑膠袋
T02593,C0825,SKU_010,寶特瓶飲料
T02593,C0825,SKU_027,洗髮精
T02594,C0552,SKU_006,米
T02594,C0552,SKU_008,醬油
T02594,C0552,SKU_012,麵包
T02594,C0552,SKU_015,牛奶
T02594,C0552,SKU_028,茶包
T02594,C0552,SKU_029,SKU_NEW_001
T02595,C0448,SKU_001,尿布
T02595,C0448,SKU_003,啤酒
T02595,C0448,SKU_013,果醬
T02595,C0448,SKU_015,牛奶
T02596,C0815,SKU_001,尿布
T02596,C0815,SKU_006,米
T02596,C0815,SKU_008,醬油
T02596,C0815,SKU_009,礦泉水
T02596,C0815,SKU_015,牛奶
T02596,C0815,SKU_017,蘋果
T02596,C0815,SKU_026,牙膏
T02597,C0252,SKU_002,起司
T02597,C0252,SKU_004,紅酒
T02597,C0252,SKU_007,可樂
T02597,C0252,SKU_010,寶特瓶飲料
T02597,C0252,SKU_021,餅乾
T02597,C0252,SKU_025,衛生紙
T02598,C0612,SKU_009,礦泉水
T02598,C0612,SKU_015,牛奶
T02598,C0612,SKU_018,香蕉
T02599,C0892,SKU_005,塑膠袋
T02599,C0892,SKU_006,米
T02599,C0892,SKU_008,醬油
T02599,C0892,SKU_009,礦泉水
T02599,C0892,SKU_012,麵包
T02599,C0892,SKU_013,果醬
T02599,C0892,SKU_020,葡萄
T02599,C0892,SKU_030,SKU_NEW_002
T02600,C0324,SKU_004,紅酒
T02600,C0324,SKU_007,可樂
T02600,C0324,SKU_017,蘋果
T02600,C0324,SKU_030,SKU_NEW_002
T02601,C0186,SKU_002,起司
T02601,C0186,SKU_009,礦泉水
T02601,C0186,SKU_027,洗髮精
T02602,C0724,SKU_007,可樂
T02602,C0724,SKU_015,牛奶
T02602,C0724,SKU_017,蘋果
T02603,C0666,SKU_002,起司
T02603,C0666,SKU_004,紅酒
T02603,C0666,SKU_005,塑膠袋
T02603,C0666,SKU_007,可樂
T02603,C0666,SKU_019,橘子
T02603,C0666,SKU_024,口香糖
T02603,C0666,SKU_029,SKU_NEW_001
T02604,C0393,SKU_001,尿布
T02604,C0393,SKU_002,起司
T02604,C0393,SKU_003,啤酒
T02604,C0393,SKU_004,紅酒
T02604,C0393,SKU_007,可樂
T02604,C0393,SKU_028,茶包
T02605,C0272,SKU_001,尿布
T02605,C0272,SKU_003,啤酒
T02605,C0272,SKU_005,塑膠袋
T02605,C0272,SKU_012,麵包
T02605,C0272,SKU_025,衛生紙
T02606,C0418,SKU_007,可樂
T02606,C0418,SKU_010,寶特瓶飲料
T02606,C0418,SKU_026,牙膏
T02607,C1040,SKU_006,米
T02607,C1040,SKU_015,牛奶
T02607,C1040,SKU_021,餅乾
T02607,C1040,SKU_029,SKU_NEW_001
T02608,C0684,SKU_013,果醬
T02608,C0684,SKU_020,葡萄
T02608,C0684,SKU_024,口香糖
T02609,C0772,SKU_001,尿布
T02609,C0772,SKU_003,啤酒
T02610,C0515,SKU_016,豆漿
T02610,C0515,SKU_027,洗髮精
T02611,C0688,SKU_005,塑膠袋
T02611,C0688,SKU_008,醬油
T02611,C0688,SKU_009,礦泉水
T02611,C0688,SKU_022,巧克力
T02612,C1334,SKU_004,紅酒
T02612,C1334,SKU_006,米
T02612,C1334,SKU_007,可樂
T02612,C1334,SKU_008,醬油
T02612,C1334,SKU_009,礦泉水
T02612,C1334,SKU_010,寶特瓶飲料
T02612,C1334,SKU_012,麵包
T02612,C1334,SKU_018,香蕉
T02613,C0075,SKU_007,可樂
T02613,C0075,SKU_010,寶特瓶飲料
T02614,C0005,SKU_006,米
T02614,C0005,SKU_008,醬油
T02614,C0005,SKU_029,SKU_NEW_001
T02615,C0328,SKU_010,寶特瓶飲料
T02615,C0328,SKU_015,牛奶
T02615,C0328,SKU_022,巧克力
T02615,C0328,SKU_029,SKU_NEW_001
T02616,C0149,SKU_004,紅酒
T02616,C0149,SKU_018,香蕉
T02616,C0149,SKU_028,茶包
T02617,C0144,SKU_009,礦泉水
T02617,C0144,SKU_019,橘子
T02617,C0144,SKU_021,餅乾
T02617,C0144,SKU_024,口香糖
T02618,C0420,SKU_002,起司
T02618,C0420,SKU_004,紅酒
T02618,C0420,SKU_005,塑膠袋
T02618,C0420,SKU_009,礦泉水
T02618,C0420,SKU_026,牙膏
T02618,C0420,SKU_028,茶包
T02619,C1150,SKU_004,紅酒
T02619,C1150,SKU_010,寶特瓶飲料
T02619,C1150,SKU_019,橘子
T02619,C1150,SKU_020,葡萄
T02619,C1150,SKU_021,餅乾
T02619,C1150,SKU_030,SKU_NEW_002
T02620,C0402,SKU_002,起司
T02620,C0402,SKU_004,紅酒
T02620,C0402,SKU_011,杯麵
T02620,C0402,SKU_019,橘子
T02620,C0402,SKU_026,牙膏
T02620,C0402,SKU_028,茶包
T02620,C0402,SKU_030,SKU_NEW_002
T02621,C0854,SKU_007,可樂
T02621,C0854,SKU_009,礦泉水
T02621,C0854,SKU_011,杯麵
T02621,C0854,SKU_019,橘子
T02622,C1283,SKU_005,塑膠袋
T02622,C1283,SKU_016,豆漿
T02622,C1283,SKU_027,洗髮精
T02623,C0320,SKU_030,SKU_NEW_002
T02624,C0467,SKU_009,礦泉水
T02624,C0467,SKU_013,果醬
T02625,C0725,SKU_001,尿布
T02625,C0725,SKU_003,啤酒
T02625,C0725,SKU_005,塑膠袋
T02625,C0725,SKU_006,米
T02625,C0725,SKU_008,醬油
T02625,C0725,SKU_022,巧克力
T02626,C0772,SKU_002,起司
T02626,C0772,SKU_004,紅酒
T02626,C0772,SKU_022,巧克力
T02626,C0772,SKU_027,洗髮精
T02626,C0772,SKU_030,SKU_NEW_002
T02627,C0546,SKU_009,礦泉水
T02627,C0546,SKU_015,牛奶
T02627,C0546,SKU_024,口香糖
T02628,C0626,SKU_001,尿布
T02628,C0626,SKU_003,啤酒
T02628,C0626,SKU_004,紅酒
T02628,C0626,SKU_005,塑膠袋
T02628,C0626,SKU_023,洋芋片
T02628,C0626,SKU_025,衛生紙
T02628,C0626,SKU_027,洗髮精
T02629,C0871,SKU_030,SKU_NEW_002
T02630,C0522,SKU_009,礦泉水
T02630,C0522,SKU_016,豆漿
T02631,C0132,SKU_008,醬油
T02631,C0132,SKU_024,口香糖
T02632,C0026,SKU_008,醬油
T02632,C0026,SKU_009,礦泉水
T02632,C0026,SKU_025,衛生紙
T02632,C0026,SKU_027,洗髮精
T02633,C0072,SKU_016,豆漿
T02633,C0072,SKU_017,蘋果
T02634,C0250,SKU_001,尿布
T02634,C0250,SKU_023,洋芋片
T02635,C0429,SKU_009,礦泉水
T02635,C0429,SKU_021,餅乾
T02635,C0429,SKU_028,茶包
T02636,C0734,SKU_001,尿布
T02636,C0734,SKU_003,啤酒
T02636,C0734,SKU_007,可樂
T02636,C0734,SKU_024,口香糖
T02636,C0734,SKU_029,SKU_NEW_001
T02637,C0551,SKU_005,塑膠袋
T02637,C0551,SKU_007,可樂
T02637,C0551,SKU_012,麵包
T02637,C0551,SKU_028,茶包
T02638,C0729,SKU_005,塑膠袋
T02638,C0729,SKU_011,杯麵
T02638,C0729,SKU_018,香蕉
T02638,C0729,SKU_027,洗髮精
T02639,C0490,SKU_003,啤酒
T02639,C0490,SKU_006,米
T02639,C0490,SKU_007,可樂
T02639,C0490,SKU_008,醬油
T02639,C0490,SKU_010,寶特瓶飲料
T02639,C0490,SKU_023,洋芋片
T02640,C1218,SKU_001,尿布
T02640,C1218,SKU_003,啤酒
T02640,C1218,SKU_004,紅酒
T02640,C1218,SKU_006,米
T02640,C1218,SKU_019,橘子
T02640,C1218,SKU_022,巧克力
T02641,C0437,SKU_009,礦泉水
T02641,C0437,SKU_017,蘋果
T02641,C0437,SKU_019,橘子
T02642,C0491,SKU_002,起司
T02642,C0491,SKU_004,紅酒
T02642,C0491,SKU_027,洗髮精
T02643,C0315,SKU_001,尿布
T02643,C0315,SKU_003,啤酒
T02643,C0315,SKU_005,塑膠袋
T02643,C0315,SKU_007,可樂
T02643,C0315,SKU_009,礦泉水
T02643,C0315,SKU_022,巧克力
T02644,C0043,SKU_001,尿布
T02644,C0043,SKU_004,紅酒
T02645,C0719,SKU_002,起司
T02645,C0719,SKU_004,紅酒
T02646,C0555,SKU_002,起司
T02646,C0555,SKU_004,紅酒
T02646,C0555,SKU_010,寶特瓶飲料
T02646,C0555,SKU_017,蘋果
T02647,C1222,SKU_002,起司
T02647,C1222,SKU_004,紅酒
T02647,C1222,SKU_007,可樂
T02647,C1222,SKU_012,麵包
T02648,C0056,SKU_001,尿布
T02648,C0056,SKU_003,啤酒
T02648,C0056,SKU_020,葡萄
T02649,C0312,SKU_015,牛奶
T02649,C0312,SKU_021,餅乾
T02650,C0371,SKU_007,可樂
T02650,C0371,SKU_016,豆漿
T02651,C0932,SKU_001,尿布
T02651,C0932,SKU_003,啤酒
T02651,C0932,SKU_004,紅酒
T02651,C0932,SKU_024,口香糖
T02652,C0214,SKU_001,尿布
T02652,C0214,SKU_003,啤酒
T02652,C0214,SKU_008,醬油
T02652,C0214,SKU_019,橘子
T02652,C0214,SKU_022,巧克力
T02652,C0214,SKU_023,洋芋片
T02653,C0043,SKU_001,尿布
T02653,C0043,SKU_003,啤酒
T02653,C0043,SKU_007,可樂
T02653,C0043,SKU_019,橘子
T02653,C0043,SKU_025,衛生紙
T02654,C1008,SKU_005,塑膠袋
T02654,C1008,SKU_021,餅乾
T02655,C0889,SKU_002,起司
T02655,C0889,SKU_004,紅酒
T02655,C0889,SKU_008,醬油
T02656,C0795,SKU_003,啤酒
T02656,C0795,SKU_007,可樂
T02657,C0024,SKU_005,塑膠袋
T02657,C0024,SKU_007,可樂
T02657,C0024,SKU_009,礦泉水
T02657,C0024,SKU_010,寶特瓶飲料
T02657,C0024,SKU_022,巧克力
T02658,C0803,SKU_002,起司
T02658,C0803,SKU_012,麵包
T02658,C0803,SKU_018,香蕉
T02659,C0535,SKU_002,起司
T02659,C0535,SKU_006,米
T02659,C0535,SKU_008,醬油
T02659,C0535,SKU_011,杯麵
T02660,C0085,SKU_001,尿布
T02660,C0085,SKU_008,醬油
T02660,C0085,SKU_009,礦泉水
T02660,C0085,SKU_014,雪碧
T02661,C0845,SKU_005,塑膠袋
T02661,C0845,SKU_012,麵包
T02661,C0845,SKU_020,葡萄
T02661,C0845,SKU_021,餅乾
T02661,C0845,SKU_024,口香糖
T02661,C0845,SKU_029,SKU_NEW_001
T02662,C0403,SKU_005,塑膠袋
T02662,C0403,SKU_007,可樂
T02662,C0403,SKU_014,雪碧
T02662,C0403,SKU_019,橘子
T02662,C0403,SKU_021,餅乾
T02662,C0403,SKU_023,洋芋片
T02663,C0067,SKU_010,寶特瓶飲料
T02663,C0067,SKU_025,衛生紙
T02663,C0067,SKU_030,SKU_NEW_002
T02664,C0194,SKU_001,尿布
T02664,C0194,SKU_003,啤酒
T02664,C0194,SKU_004,紅酒
T02664,C0194,SKU_008,醬油
T02664,C0194,SKU_009,礦泉水
T02664,C0194,SKU_011,杯麵
T02664,C0194,SKU_015,牛奶
T02664,C0194,SKU_017,蘋果
T02664,C0194,SKU_025,衛生紙
T02665,C0399,SKU_003,啤酒
T02665,C0399,SKU_006,米
T02665,C0399,SKU_008,醬油
T02666,C0424,SKU_005,塑膠袋
T02666,C0424,SKU_010,寶特瓶飲料
T02666,C0424,SKU_013,果醬
T02666,C0424,SKU_029,SKU_NEW_001
T02667,C0086,SKU_009,礦泉水
T02667,C0086,SKU_018,香蕉
T02668,C0689,SKU_016,豆漿
T02668,C0689,SKU_024,口香糖
T02669,C0093,SKU_029,SKU_NEW_001
T02670,C0898,SKU_002,起司
T02670,C0898,SKU_004,紅酒
T02670,C0898,SKU_007,可樂
T02670,C0898,SKU_009,礦泉水
T02670,C0898,SKU_013,果醬
T02670,C0898,SKU_016,豆漿
T02670,C0898,SKU_023,洋芋片
T02671,C0676,SKU_006,米
T02671,C0676,SKU_007,可樂
T02671,C0676,SKU_008,醬油
T02671,C0676,SKU_009,礦泉水
T02671,C0676,SKU_016,豆漿
T02672,C1239,SKU_002,起司
T02672,C1239,SKU_004,紅酒
T02672,C1239,SKU_011,杯麵
T02672,C1239,SKU_021,餅乾
T02673,C0324,SKU_029,SKU_NEW_001
T02674,C0828,SKU_005,塑膠袋
T02674,C0828,SKU_013,果醬
T02675,C0390,SKU_003,啤酒
T02675,C0390,SKU_011,杯麵
T02675,C0390,SKU_026,牙膏
T02675,C0390,SKU_027,洗髮精
T02676,C0173,SKU_005,塑膠袋
T02676,C0173,SKU_009,礦泉水
T02676,C0173,SKU_010,寶特瓶飲料
T02676,C0173,SKU_018,香蕉
T02677,C0956,SKU_005,塑膠袋
T02677,C0956,SKU_010,寶特瓶飲料
T02678,C0163,SKU_002,起司
T02678,C0163,SKU_004,紅酒
T02678,C0163,SKU_005,塑膠袋
T02678,C0163,SKU_007,可樂
T02678,C0163,SKU_011,杯麵
T02678,C0163,SKU_017,蘋果
T02678,C0163,SKU_030,SKU_NEW_002
T02679,C1195,SKU_005,塑膠袋
T02679,C1195,SKU_009,礦泉水
T02679,C1195,SKU_025,衛生紙
T02680,C0896,SKU_005,塑膠袋
T02680,C0896,SKU_008,醬油
T02680,C0896,SKU_029,SKU_NEW_001
T02681,C0164,SKU_005,塑膠袋
T02681,C0164,SKU_009,礦泉水
T02682,C0279,SKU_001,尿布
T02682,C0279,SKU_006,米
T02682,C0279,SKU_019,橘子
T02682,C0279,SKU_029,SKU_NEW_001
T02683,C0081,SKU_010,寶特瓶飲料
T02683,C0081,SKU_017,蘋果
T02683,C0081,SKU_020,葡萄
T02683,C0081,SKU_026,牙膏
T02683,C0081,SKU_027,洗髮精
T02684,C0503,SKU_006,米
T02684,C0503,SKU_008,醬油
T02685,C0302,SKU_006,米
T02685,C0302,SKU_008,醬油
T02685,C0302,SKU_024,口香糖
T02685,C0302,SKU_026,牙膏
T02685,C0302,SKU_027,洗髮精
T02686,C0417,SKU_002,起司
T02686,C0417,SKU_004,紅酒
T02686,C0417,SKU_013,果醬
T02687,C0465,SKU_004,紅酒
T02687,C0465,SKU_006,米
T02687,C0465,SKU_012,麵包
T02687,C0465,SKU_030,SKU_NEW_002
T02688,C0024,SKU_005,塑膠袋
T02688,C0024,SKU_006,米
T02688,C0024,SKU_008,醬油
T02688,C0024,SKU_015,牛奶
T02688,C0024,SKU_021,餅乾
T02689,C0335,SKU_001,尿布
T02689,C0335,SKU_003,啤酒
T02689,C0335,SKU_008,醬油
T02689,C0335,SKU_027,洗髮精
T02690,C0116,SKU_001,尿布
T02690,C0116,SKU_003,啤酒
T02690,C0116,SKU_010,寶特瓶飲料
T02690,C0116,SKU_012,麵包
T02690,C0116,SKU_015,牛奶
T02690,C0116,SKU_021,餅乾
T02690,C0116,SKU_025,衛生紙
T02690,C0116,SKU_028,茶包
T02691,C0690,SKU_013,果醬
T02692,C0883,SKU_005,塑膠袋
T02692,C0883,SKU_011,杯麵
T02693,C0510,SKU_007,可樂
T02693,C0510,SKU_009,礦泉水
T02693,C0510,SKU_010,寶特瓶飲料
T02693,C0510,SKU_015,牛奶
T02693,C0510,SKU_028,茶包
T02694,C0845,SKU_002,起司
T02694,C0845,SKU_004,紅酒
T02694,C0845,SKU_006,米
T02694,C0845,SKU_008,醬油
T02694,C0845,SKU_013,果醬
T02694,C0845,SKU_016,豆漿
T02694,C0845,SKU_024,口香糖
T02695,C0772,SKU_003,啤酒
T02695,C0772,SKU_026,牙膏
T02696,C0483,SKU_001,尿布
T02696,C0483,SKU_002,起司
T02696,C0483,SKU_003,啤酒
T02696,C0483,SKU_004,紅酒
T02696,C0483,SKU_008,醬油
T02696,C0483,SKU_010,寶特瓶飲料
T02696,C0483,SKU_027,洗髮精
T02697,C0318,SKU_006,米
T02697,C0318,SKU_008,醬油
T02697,C0318,SKU_017,蘋果
T02698,C1305,SKU_002,起司
T02698,C1305,SKU_004,紅酒
T02698,C1305,SKU_006,米
T02698,C1305,SKU_008,醬油
T02698,C1305,SKU_023,洋芋片
T02699,C0359,SKU_006,米
T02699,C0359,SKU_008,醬油
T02699,C0359,SKU_014,雪碧
T02699,C0359,SKU_015,牛奶
T02699,C0359,SKU_016,豆漿
T02699,C0359,SKU_029,SKU_NEW_001
T02700,C0288,SKU_003,啤酒
T02700,C0288,SKU_004,紅酒
T02700,C0288,SKU_006,米
T02700,C0288,SKU_008,醬油
T02700,C0288,SKU_020,葡萄
T02700,C0288,SKU_021,餅乾
T02700,C0288,SKU_027,洗髮精
T02701,C0181,SKU_001,尿布
T02701,C0181,SKU_003,啤酒
T02701,C0181,SKU_013,果醬
T02701,C0181,SKU_021,餅乾
T02702,C0102,SKU_001,尿布
T02702,C0102,SKU_010,寶特瓶飲料
T02702,C0102,SKU_025,衛生紙
T02703,C0858,SKU_004,紅酒
T02703,C0858,SKU_007,可樂
T02703,C0858,SKU_020,葡萄
T02703,C0858,SKU_024,口香糖
T02704,C0560,SKU_002,起司
T02704,C0560,SKU_004,紅酒
T02704,C0560,SKU_007,可樂
T02705,C0117,SKU_001,尿布
T02705,C0117,SKU_003,啤酒
T02705,C0117,SKU_013,果醬
T02705,C0117,SKU_021,餅乾
T02705,C0117,SKU_025,衛生紙
T02705,C0117,SKU_029,SKU_NEW_001
T02705,C0117,SKU_030,SKU_NEW_002
T02706,C0362,SKU_006,米
T02706,C0362,SKU_007,可樂
T02706,C0362,SKU_019,橘子
T02707,C0480,SKU_009,礦泉水
T02707,C0480,SKU_027,洗髮精
T02708,C0524,SKU_001,尿布
T02709,C0807,SKU_003,啤酒
T02709,C0807,SKU_007,可樂
T02709,C0807,SKU_009,礦泉水
T02709,C0807,SKU_029,SKU_NEW_001
T02710,C0279,SKU_003,啤酒
T02710,C0279,SKU_012,麵包
T02710,C0279,SKU_027,洗髮精
T02710,C0279,SKU_029,SKU_NEW_001
T02711,C0559,SKU_007,可樂
T02711,C0559,SKU_010,寶特瓶飲料
T02712,C0524,SKU_028,茶包
T02713,C0701,SKU_009,礦泉水
T02713,C0701,SKU_011,杯麵
T02713,C0701,SKU_015,牛奶
T02714,C1050,SKU_006,米
T02714,C1050,SKU_008,醬油
T02714,C1050,SKU_025,衛生紙
T02715,C1266,SKU_001,尿布
T02715,C1266,SKU_002,起司
T02715,C1266,SKU_004,紅酒
T02715,C1266,SKU_007,可樂
T02715,C1266,SKU_010,寶特瓶飲料
T02716,C0718,SKU_001,尿布
T02716,C0718,SKU_003,啤酒
T02716,C0718,SKU_009,礦泉水
T02716,C0718,SKU_027,洗髮精
T02716,C0718,SKU_028,茶包
T02717,C0024,SKU_005,塑膠袋
T02717,C0024,SKU_007,可樂
T02718,C0190,SKU_007,可樂
T02718,C0190,SKU_016,豆漿
T02719,C0233,SKU_006,米
T02719,C0233,SKU_008,醬油
T02720,C0598,SKU_003,啤酒
T02720,C0598,SKU_007,可樂
T02720,C0598,SKU_011,杯麵
T02720,C0598,SKU_016,豆漿
T02720,C0598,SKU_023,洋芋片
T02721,C1191,SKU_001,尿布
T02721,C1191,SKU_005,塑膠袋
T02721,C1191,SKU_010,寶特瓶飲料
T02721,C1191,SKU_016,豆漿
T02721,C1191,SKU_017,蘋果
T02721,C1191,SKU_021,餅乾
T02722,C0907,SKU_001,尿布
T02722,C0907,SKU_002,起司
T02722,C0907,SKU_003,啤酒
T02722,C0907,SKU_004,紅酒
T02722,C0907,SKU_005,塑膠袋
T02722,C0907,SKU_007,可樂
T02722,C0907,SKU_018,香蕉
T02723,C1145,SKU_005,塑膠袋
T02723,C1145,SKU_014,雪碧
T02724,C0032,SKU_002,起司
T02724,C0032,SKU_023,洋芋片
T02725,C0203,SKU_011,杯麵
T02725,C0203,SKU_015,牛奶
T02726,C0387,SKU_006,米
T02726,C0387,SKU_012,麵包
T02727,C0234,SKU_003,啤酒
T02727,C0234,SKU_014,雪碧
T02727,C0234,SKU_026,牙膏
T02728,C0558,SKU_007,可樂
T02728,C0558,SKU_014,雪碧
T02729,C0692,SKU_021,餅乾
T02729,C0692,SKU_026,牙膏
T02729,C0692,SKU_028,茶包
T02730,C0190,SKU_001,尿布
T02730,C0190,SKU_007,可樂
T02730,C0190,SKU_008,醬油
T02731,C0050,SKU_001,尿布
T02731,C0050,SKU_010,寶特瓶飲料
T02731,C0050,SKU_018,香蕉
T02732,C0023,SKU_001,尿布
T02732,C0023,SKU_003,啤酒
T02732,C0023,SKU_010,寶特瓶飲料
T02732,C0023,SKU_012,麵包
T02732,C0023,SKU_025,衛生紙
T02733,C1340,SKU_003,啤酒
T02733,C1340,SKU_010,寶特瓶飲料
T02734,C0045,SKU_006,米
T02734,C0045,SKU_007,可樂
T02734,C0045,SKU_008,醬油
T02734,C0045,SKU_010,寶特瓶飲料
T02734,C0045,SKU_013,果醬
T02735,C0059,SKU_001,尿布
T02735,C0059,SKU_003,啤酒
T02735,C0059,SKU_007,可樂
T02735,C0059,SKU_023,洋芋片
T02736,C0443,SKU_002,起司
T02736,C0443,SKU_004,紅酒
T02736,C0443,SKU_005,塑膠袋
T02736,C0443,SKU_010,寶特瓶飲料
T02736,C0443,SKU_013,果醬
T02736,C0443,SKU_025,衛生紙
T02736,C0443,SKU_027,洗髮精
T02737,C0884,SKU_002,起司
T02737,C0884,SKU_004,紅酒
T02737,C0884,SKU_010,寶特瓶飲料
T02737,C0884,SKU_014,雪碧
T02737,C0884,SKU_022,巧克力
T02737,C0884,SKU_023,洋芋片
T02738,C0689,SKU_007,可樂
T02738,C0689,SKU_012,麵包
T02738,C0689,SKU_017,蘋果
T02738,C0689,SKU_023,洋芋片
T02739,C0133,SKU_007,可樂
T02739,C0133,SKU_019,橘子
T02739,C0133,SKU_021,餅乾
T02739,C0133,SKU_025,衛生紙
T02740,C0654,SKU_001,尿布
T02740,C0654,SKU_005,塑膠袋
T02740,C0654,SKU_023,洋芋片
T02741,C1379,SKU_005,塑膠袋
T02741,C1379,SKU_006,米
T02741,C1379,SKU_007,可樂
T02741,C1379,SKU_015,牛奶
T02741,C1379,SKU_018,香蕉
T02742,C0821,SKU_008,醬油
T02742,C0821,SKU_012,麵包
T02742,C0821,SKU_023,洋芋片
T02743,C0674,SKU_001,尿布
T02743,C0674,SKU_003,啤酒
T02743,C0674,SKU_005,塑膠袋
T02743,C0674,SKU_012,麵包
T02743,C0674,SKU_024,口香糖
T02743,C0674,SKU_026,牙膏
T02743,C0674,SKU_029,SKU_NEW_001
T02744,C0499,SKU_002,起司
T02744,C0499,SKU_009,礦泉水
T02744,C0499,SKU_010,寶特瓶飲料
T02744,C0499,SKU_017,蘋果
T02744,C0499,SKU_019,橘子
T02744,C0499,SKU_022,巧克力
T02744,C0499,SKU_023,洋芋片
T02744,C0499,SKU_029,SKU_NEW_001
T02745,C0945,SKU_004,紅酒
T02745,C0945,SKU_007,可樂
T02746,C0473,SKU_009,礦泉水
T02746,C0473,SKU_016,豆漿
T02746,C0473,SKU_021,餅乾
T02746,C0473,SKU_026,牙膏
T02747,C0429,SKU_001,尿布
T02747,C0429,SKU_003,啤酒
T02747,C0429,SKU_006,米
T02747,C0429,SKU_008,醬油
T02747,C0429,SKU_012,麵包
T02747,C0429,SKU_013,果醬
T02748,C1112,SKU_001,尿布
T02748,C1112,SKU_004,紅酒
T02748,C1112,SKU_008,醬油
T02748,C1112,SKU_017,蘋果
T02748,C1112,SKU_027,洗髮精
T02749,C0570,SKU_002,起司
T02749,C0570,SKU_007,可樂
T02750,C0376,SKU_009,礦泉水
T02750,C0376,SKU_013,果醬
T02750,C0376,SKU_018,香蕉
T02751,C0057,SKU_001,尿布
T02751,C0057,SKU_003,啤酒
T02751,C0057,SKU_009,礦泉水
T02751,C0057,SKU_010,寶特瓶飲料
T02751,C0057,SKU_019,橘子
T02752,C0383,SKU_001,尿布
T02752,C0383,SKU_003,啤酒
T02752,C0383,SKU_009,礦泉水
T02753,C0645,SKU_005,塑膠袋
T02753,C0645,SKU_006,米
T02753,C0645,SKU_007,可樂
T02753,C0645,SKU_008,醬油
T02753,C0645,SKU_009,礦泉水
T02753,C0645,SKU_010,寶特瓶飲料
T02753,C0645,SKU_029,SKU_NEW_001
T02754,C0453,SKU_001,尿布
T02754,C0453,SKU_003,啤酒
T02754,C0453,SKU_006,米
T02754,C0453,SKU_007,可樂
T02754,C0453,SKU_013,果醬
T02755,C0024,SKU_001,尿布
T02755,C0024,SKU_003,啤酒
T02755,C0024,SKU_005,塑膠袋
T02756,C1141,SKU_001,尿布
T02756,C1141,SKU_003,啤酒
T02756,C1141,SKU_007,可樂
T02756,C1141,SKU_008,醬油
T02756,C1141,SKU_009,礦泉水
T02756,C1141,SKU_010,寶特瓶飲料
T02757,C0696,SKU_007,可樂
T02757,C0696,SKU_008,醬油
T02757,C0696,SKU_009,礦泉水
T02757,C0696,SKU_026,牙膏
T02758,C0035,SKU_009,礦泉水
T02759,C0200,SKU_009,礦泉水
T02759,C0200,SKU_010,寶特瓶飲料
T02759,C0200,SKU_015,牛奶
T02760,C0509,SKU_004,紅酒
T02760,C0509,SKU_011,杯麵
T02760,C0509,SKU_030,SKU_NEW_002
T02761,C0628,SKU_002,起司
T02761,C0628,SKU_008,醬油
T02761,C0628,SKU_009,礦泉水
T02762,C0148,SKU_001,尿布
T02762,C0148,SKU_002,起司
T02762,C0148,SKU_004,紅酒
T02762,C0148,SKU_005,塑膠袋
T02762,C0148,SKU_010,寶特瓶飲料
T02762,C0148,SKU_012,麵包
T02762,C0148,SKU_020,葡萄
T02762,C0148,SKU_022,巧克力
T02763,C1319,SKU_009,礦泉水
T02763,C1319,SKU_018,香蕉
T02763,C1319,SKU_021,餅乾
T02763,C1319,SKU_024,口香糖
T02764,C0445,SKU_001,尿布
T02764,C0445,SKU_003,啤酒
T02764,C0445,SKU_018,香蕉
T02764,C0445,SKU_023,洋芋片
T02764,C0445,SKU_024,口香糖
T02765,C0095,SKU_001,尿布
T02765,C0095,SKU_003,啤酒
T02765,C0095,SKU_005,塑膠袋
T02765,C0095,SKU_029,SKU_NEW_001
T02766,C0830,SKU_002,起司
T02766,C0830,SKU_006,米
T02766,C0830,SKU_008,醬油
T02766,C0830,SKU_010,寶特瓶飲料
T02766,C0830,SKU_013,果醬
T02766,C0830,SKU_014,雪碧
T02766,C0830,SKU_019,橘子
T02766,C0830,SKU_026,牙膏
T02767,C0547,SKU_006,米
T02767,C0547,SKU_008,醬油
T02767,C0547,SKU_013,果醬
T02767,C0547,SKU_015,牛奶
T02767,C0547,SKU_018,香蕉
T02768,C0759,SKU_006,米
T02768,C0759,SKU_015,牛奶
T02768,C0759,SKU_016,豆漿
T02768,C0759,SKU_017,蘋果
T02769,C0636,SKU_009,礦泉水
T02769,C0636,SKU_013,果醬
T02769,C0636,SKU_021,餅乾
T02770,C1096,SKU_001,尿布
T02770,C1096,SKU_002,起司
T02770,C1096,SKU_003,啤酒
T02770,C1096,SKU_010,寶特瓶飲料
T02770,C1096,SKU_011,杯麵
T02771,C0053,SKU_005,塑膠袋
T02771,C0053,SKU_007,可樂
T02771,C0053,SKU_009,礦泉水
T02771,C0053,SKU_010,寶特瓶飲料
T02771,C0053,SKU_016,豆漿
T02772,C0302,SKU_010,寶特瓶飲料
T02772,C0302,SKU_025,衛生紙
T02772,C0302,SKU_027,洗髮精
T02773,C0187,SKU_007,可樂
T02773,C0187,SKU_015,牛奶
T02773,C0187,SKU_026,牙膏
T02774,C0584,SKU_004,紅酒
T02774,C0584,SKU_005,塑膠袋
T02775,C1097,SKU_005,塑膠袋
T02775,C1097,SKU_007,可樂
T02775,C1097,SKU_015,牛奶
T02776,C0086,SKU_002,起司
T02776,C0086,SKU_004,紅酒
T02776,C0086,SKU_005,塑膠袋
T02776,C0086,SKU_006,米
T02776,C0086,SKU_008,醬油
T02776,C0086,SKU_020,葡萄
T02776,C0086,SKU_025,衛生紙
T02777,C0489,SKU_002,起司
T02777,C0489,SKU_004,紅酒
T02777,C0489,SKU_030,SKU_NEW_002
T02778,C0650,SKU_007,可樂
T02778,C0650,SKU_013,果醬
T02778,C0650,SKU_023,洋芋片
T02779,C0037,SKU_001,尿布
T02779,C0037,SKU_005,塑膠袋
T02779,C0037,SKU_006,米
T02779,C0037,SKU_012,麵包
T02780,C0713,SKU_002,起司
T02780,C0713,SKU_004,紅酒
T02780,C0713,SKU_007,可樂
T02780,C0713,SKU_009,礦泉水
T02780,C0713,SKU_026,牙膏
T02781,C0778,SKU_007,可樂
T02781,C0778,SKU_010,寶特瓶飲料
T02781,C0778,SKU_012,麵包
T02781,C0778,SKU_014,雪碧
T02782,C0714,SKU_002,起司
T02782,C0714,SKU_004,紅酒
T02782,C0714,SKU_007,可樂
T02782,C0714,SKU_022,巧克力
T02783,C0756,SKU_001,尿布
T02783,C0756,SKU_003,啤酒
T02783,C0756,SKU_019,橘子
T02784,C0525,SKU_007,可樂
T02785,C0839,SKU_004,紅酒
T02785,C0839,SKU_006,米
T02785,C0839,SKU_008,醬油
T02785,C0839,SKU_010,寶特瓶飲料
T02785,C0839,SKU_011,杯麵
T02785,C0839,SKU_028,茶包
T02786,C0398,SKU_023,洋芋片
T02787,C0868,SKU_002,起司
T02787,C0868,SKU_004,紅酒
T02787,C0868,SKU_011,杯麵
T02787,C0868,SKU_021,餅乾
T02788,C0088,SKU_005,塑膠袋
T02788,C0088,SKU_011,杯麵
T02788,C0088,SKU_013,果醬
T02788,C0088,SKU_023,洋芋片
T02789,C0361,SKU_029,SKU_NEW_001
T02790,C0142,SKU_002,起司
T02790,C0142,SKU_004,紅酒
T02790,C0142,SKU_009,礦泉水
T02790,C0142,SKU_010,寶特瓶飲料
T02791,C0986,SKU_002,起司
T02791,C0986,SKU_004,紅酒
T02791,C0986,SKU_008,醬油
T02791,C0986,SKU_013,果醬
T02791,C0986,SKU_020,葡萄
T02791,C0986,SKU_022,巧克力
T02791,C0986,SKU_027,洗髮精
T02792,C0125,SKU_005,塑膠袋
T02792,C0125,SKU_006,米
T02793,C0149,SKU_002,起司
T02793,C0149,SKU_004,紅酒
T02793,C0149,SKU_010,寶特瓶飲料
T02793,C0149,SKU_013,果醬
T02793,C0149,SKU_014,雪碧
T02793,C0149,SKU_018,香蕉
T02793,C0149,SKU_021,餅乾
T02793,C0149,SKU_030,SKU_NEW_002
T02794,C0518,SKU_009,礦泉水
T02794,C0518,SKU_015,牛奶
T02794,C0518,SKU_017,蘋果
T02794,C0518,SKU_030,SKU_NEW_002
T02795,C0662,SKU_005,塑膠袋
T02795,C0662,SKU_014,雪碧
T02795,C0662,SKU_018,香蕉
T02796,C1381,SKU_006,米
T02796,C1381,SKU_008,醬油
T02796,C1381,SKU_011,杯麵
T02797,C0149,SKU_006,米
T02797,C0149,SKU_022,巧克力
T02798,C1486,SKU_010,寶特瓶飲料
T02798,C1486,SKU_016,豆漿
T02799,C0177,SKU_006,米
T02799,C0177,SKU_008,醬油
T02799,C0177,SKU_010,寶特瓶飲料
T02799,C0177,SKU_029,SKU_NEW_001
T02800,C0111,SKU_001,尿布
T02800,C0111,SKU_003,啤酒
T02800,C0111,SKU_006,米
T02800,C0111,SKU_008,醬油
T02801,C0090,SKU_006,米
T02801,C0090,SKU_007,可樂
T02801,C0090,SKU_008,醬油
T02802,C0122,SKU_005,塑膠袋
T02802,C0122,SKU_021,餅乾
T02803,C0797,SKU_001,尿布
T02803,C0797,SKU_003,啤酒
T02804,C0434,SKU_003,啤酒
T02804,C0434,SKU_008,醬油
T02804,C0434,SKU_014,雪碧
T02804,C0434,SKU_022,巧克力
T02805,C0579,SKU_007,可樂
T02805,C0579,SKU_009,礦泉水
T02805,C0579,SKU_015,牛奶
T02805,C0579,SKU_018,香蕉
T02805,C0579,SKU_019,橘子
T02805,C0579,SKU_028,茶包
T02806,C0256,SKU_006,米
T02806,C0256,SKU_008,醬油
T02806,C0256,SKU_009,礦泉水
T02806,C0256,SKU_018,香蕉
T02806,C0256,SKU_022,巧克力
T02807,C0319,SKU_006,米
T02807,C0319,SKU_007,可樂
T02807,C0319,SKU_008,醬油
T02807,C0319,SKU_016,豆漿
T02807,C0319,SKU_017,蘋果
T02807,C0319,SKU_026,牙膏
T02808,C0764,SKU_007,可樂
T02808,C0764,SKU_012,麵包
T02808,C0764,SKU_025,衛生紙
T02809,C0301,SKU_008,醬油
T02809,C0301,SKU_022,巧克力
T02809,C0301,SKU_025,衛生紙
T02810,C0887,SKU_006,米
T02810,C0887,SKU_008,醬油
T02810,C0887,SKU_009,礦泉水
T02810,C0887,SKU_012,麵包
T02810,C0887,SKU_030,SKU_NEW_002
T02811,C0854,SKU_004,紅酒
T02811,C0854,SKU_010,寶特瓶飲料
T02811,C0854,SKU_011,杯麵
T02811,C0854,SKU_016,豆漿
T02811,C0854,SKU_024,口香糖
T02811,C0854,SKU_025,衛生紙
T02811,C0854,SKU_027,洗髮精
T02812,C0101,SKU_009,礦泉水
T02812,C0101,SKU_011,杯麵
T02812,C0101,SKU_023,洋芋片
T02812,C0101,SKU_024,口香糖
T02813,C0226,SKU_002,起司
T02813,C0226,SKU_004,紅酒
T02813,C0226,SKU_018,香蕉
T02813,C0226,SKU_027,洗髮精
T02813,C0226,SKU_030,SKU_NEW_002
T02814,C0862,SKU_002,起司
T02814,C0862,SKU_004,紅酒
T02814,C0862,SKU_005,塑膠袋
T02814,C0862,SKU_006,米
T02814,C0862,SKU_007,可樂
T02814,C0862,SKU_008,醬油
T02814,C0862,SKU_009,礦泉水
T02814,C0862,SKU_022,巧克力
T02814,C0862,SKU_028,茶包
T02815,C1031,SKU_007,可樂
T02816,C0065,SKU_005,塑膠袋
T02816,C0065,SKU_010,寶特瓶飲料
T02816,C0065,SKU_015,牛奶
T02816,C0065,SKU_017,蘋果
T02817,C0036,SKU_006,米
T02817,C0036,SKU_007,可樂
T02817,C0036,SKU_008,醬油
T02817,C0036,SKU_009,礦泉水
T02817,C0036,SKU_010,寶特瓶飲料
T02817,C0036,SKU_023,洋芋片
T02818,C0151,SKU_007,可樂
T02818,C0151,SKU_010,寶特瓶飲料
T02819,C0394,SKU_005,塑膠袋
T02819,C0394,SKU_006,米
T02819,C0394,SKU_008,醬油
T02819,C0394,SKU_015,牛奶
T02820,C0038,SKU_002,起司
T02820,C0038,SKU_004,紅酒
T02820,C0038,SKU_009,礦泉水
T02820,C0038,SKU_030,SKU_NEW_002
T02821,C0010,SKU_001,尿布
T02821,C0010,SKU_003,啤酒
T02821,C0010,SKU_004,紅酒
T02821,C0010,SKU_011,杯麵
T02821,C0010,SKU_021,餅乾
T02821,C0010,SKU_026,牙膏
T02822,C0182,SKU_007,可樂
T02822,C0182,SKU_009,礦泉水
T02822,C0182,SKU_018,香蕉
T02823,C0248,SKU_001,尿布
T02823,C0248,SKU_002,起司
T02823,C0248,SKU_003,啤酒
T02823,C0248,SKU_004,紅酒
T02823,C0248,SKU_005,塑膠袋
T02823,C0248,SKU_028,茶包
T02824,C0842,SKU_006,米
T02824,C0842,SKU_007,可樂
T02824,C0842,SKU_013,果醬
T02825,C0010,SKU_002,起司
T02825,C0010,SKU_004,紅酒
T02825,C0010,SKU_008,醬油
T02825,C0010,SKU_010,寶特瓶飲料
T02825,C0010,SKU_013,果醬
T02825,C0010,SKU_017,蘋果
T02825,C0010,SKU_022,巧克力
T02825,C0010,SKU_026,牙膏
T02826,C0248,SKU_006,米
T02826,C0248,SKU_007,可樂
T02826,C0248,SKU_008,醬油
T02826,C0248,SKU_010,寶特瓶飲料
T02826,C0248,SKU_011,杯麵
T02826,C0248,SKU_019,橘子
T02827,C0154,SKU_002,起司
T02827,C0154,SKU_005,塑膠袋
T02827,C0154,SKU_007,可樂
T02827,C0154,SKU_026,牙膏
T02828,C0054,SKU_010,寶特瓶飲料
T02828,C0054,SKU_023,洋芋片
T02828,C0054,SKU_027,洗髮精
T02829,C0780,SKU_006,米
T02829,C0780,SKU_008,醬油
T02829,C0780,SKU_010,寶特瓶飲料
T02829,C0780,SKU_025,衛生紙
T02830,C0176,SKU_010,寶特瓶飲料
T02830,C0176,SKU_022,巧克力
T02831,C0188,SKU_010,寶特瓶飲料
T02831,C0188,SKU_024,口香糖
T02831,C0188,SKU_028,茶包
T02832,C0045,SKU_002,起司
T02832,C0045,SKU_009,礦泉水
T02832,C0045,SKU_020,葡萄
T02833,C0043,SKU_009,礦泉水
T02833,C0043,SKU_011,杯麵
T02833,C0043,SKU_023,洋芋片
T02834,C0054,SKU_006,米
T02834,C0054,SKU_007,可樂
T02834,C0054,SKU_008,醬油
T02835,C0024,SKU_006,米
T02835,C0024,SKU_007,可樂
T02835,C0024,SKU_008,醬油
T02835,C0024,SKU_010,寶特瓶飲料
T02835,C0024,SKU_030,SKU_NEW_002
T02836,C0221,SKU_008,醬油
T02836,C0221,SKU_015,牛奶
T02836,C0221,SKU_016,豆漿
T02836,C0221,SKU_019,橘子
T02836,C0221,SKU_027,洗髮精
T02837,C1081,SKU_004,紅酒
T02837,C1081,SKU_006,米
T02837,C1081,SKU_008,醬油
T02837,C1081,SKU_009,礦泉水
T02837,C1081,SKU_012,麵包
T02837,C1081,SKU_020,葡萄
T02838,C0072,SKU_001,尿布
T02838,C0072,SKU_002,起司
T02838,C0072,SKU_003,啤酒
T02838,C0072,SKU_004,紅酒
T02838,C0072,SKU_008,醬油
T02838,C0072,SKU_011,杯麵
T02838,C0072,SKU_021,餅乾
T02838,C0072,SKU_022,巧克力
T02839,C0158,SKU_006,米
T02839,C0158,SKU_008,醬油
T02839,C0158,SKU_016,豆漿
T02839,C0158,SKU_024,口香糖
T02840,C0164,SKU_007,可樂
T02840,C0164,SKU_020,葡萄
T02841,C0382,SKU_019,橘子
T02842,C0899,SKU_004,紅酒
T02842,C0899,SKU_005,塑膠袋
T02842,C0899,SKU_025,衛生紙
T02842,C0899,SKU_026,牙膏
T02843,C1230,SKU_002,起司
T02843,C1230,SKU_009,礦泉水
T02844,C0762,SKU_024,口香糖
T02844,C0762,SKU_026,牙膏
T02845,C0162,SKU_001,尿布
T02845,C0162,SKU_007,可樂
T02845,C0162,SKU_010,寶特瓶飲料
T02845,C0162,SKU_029,SKU_NEW_001
T02846,C0774,SKU_001,尿布
T02846,C0774,SKU_026,牙膏
T02847,C0855,SKU_006,米
T02847,C0855,SKU_007,可樂
T02847,C0855,SKU_008,醬油
T02847,C0855,SKU_010,寶特瓶飲料
T02848,C0717,SKU_009,礦泉水
T02848,C0717,SKU_010,寶特瓶飲料
T02848,C0717,SKU_011,杯麵
T02848,C0717,SKU_018,香蕉
T02848,C0717,SKU_021,餅乾
T02848,C0717,SKU_023,洋芋片
T02848,C0717,SKU_027,洗髮精
T02849,C0822,SKU_001,尿布
T02849,C0822,SKU_010,寶特瓶飲料
T02849,C0822,SKU_017,蘋果
T02850,C0112,SKU_016,豆漿
T02851,C0060,SKU_005,塑膠袋
T02851,C0060,SKU_009,礦泉水
T02851,C0060,SKU_024,口香糖
T02852,C0133,SKU_002,起司
T02852,C0133,SKU_006,米
T02852,C0133,SKU_008,醬油
T02852,C0133,SKU_013,果醬
T02852,C0133,SKU_015,牛奶
T02852,C0133,SKU_018,香蕉
T02852,C0133,SKU_019,橘子
T02852,C0133,SKU_028,茶包
T02853,C0030,SKU_004,紅酒
T02853,C0030,SKU_005,塑膠袋
T02853,C0030,SKU_011,杯麵
T02853,C0030,SKU_018,香蕉
T02854,C1013,SKU_011,杯麵
T02854,C1013,SKU_024,口香糖
T02854,C1013,SKU_029,SKU_NEW_001
T02855,C0342,SKU_001,尿布
T02855,C0342,SKU_010,寶特瓶飲料
T02855,C0342,SKU_015,牛奶
T02855,C0342,SKU_030,SKU_NEW_002
T02856,C0703,SKU_001,尿布
T02856,C0703,SKU_003,啤酒
T02856,C0703,SKU_008,醬油
T02857,C0439,SKU_001,尿布
T02857,C0439,SKU_005,塑膠袋
T02857,C0439,SKU_007,可樂
T02857,C0439,SKU_021,餅乾
T02857,C0439,SKU_022,巧克力
T02857,C0439,SKU_026,牙膏
T02857,C0439,SKU_028,茶包
T02857,C0439,SKU_030,SKU_NEW_002
T02858,C0106,SKU_001,尿布
T02858,C0106,SKU_006,米
T02858,C0106,SKU_008,醬油
T02858,C0106,SKU_016,豆漿
T02859,C0154,SKU_003,啤酒
T02859,C0154,SKU_008,醬油
T02859,C0154,SKU_009,礦泉水
T02859,C0154,SKU_028,茶包
T02860,C0244,SKU_001,尿布
T02860,C0244,SKU_016,豆漿
T02860,C0244,SKU_018,香蕉
T02860,C0244,SKU_019,橘子
T02860,C0244,SKU_029,SKU_NEW_001
T02861,C0239,SKU_009,礦泉水
T02861,C0239,SKU_010,寶特瓶飲料
T02861,C0239,SKU_014,雪碧
T02862,C0186,SKU_007,可樂
T02862,C0186,SKU_008,醬油
T02862,C0186,SKU_028,茶包
T02863,C0475,SKU_001,尿布
T02863,C0475,SKU_018,香蕉
T02863,C0475,SKU_023,洋芋片
T02864,C0704,SKU_002,起司
T02864,C0704,SKU_004,紅酒
T02864,C0704,SKU_009,礦泉水
T02864,C0704,SKU_019,橘子
T02864,C0704,SKU_021,餅乾
T02864,C0704,SKU_030,SKU_NEW_002
T02865,C1306,SKU_008,醬油
T02865,C1306,SKU_016,豆漿
T02865,C1306,SKU_026,牙膏
T02865,C1306,SKU_027,洗髮精
T02866,C0205,SKU_007,可樂
T02866,C0205,SKU_010,寶特瓶飲料
T02866,C0205,SKU_015,牛奶
T02866,C0205,SKU_030,SKU_NEW_002
T02867,C0080,SKU_001,尿布
T02867,C0080,SKU_003,啤酒
T02867,C0080,SKU_020,葡萄
T02867,C0080,SKU_028,茶包
T02868,C0219,SKU_002,起司
T02868,C0219,SKU_004,紅酒
T02868,C0219,SKU_010,寶特瓶飲料
T02868,C0219,SKU_012,麵包
T02868,C0219,SKU_013,果醬
T02868,C0219,SKU_027,洗髮精
T02869,C0048,SKU_001,尿布
T02869,C0048,SKU_012,麵包
T02869,C0048,SKU_016,豆漿
T02869,C0048,SKU_028,茶包
T02870,C0148,SKU_009,礦泉水
T02871,C0276,SKU_004,紅酒
T02871,C0276,SKU_015,牛奶
T02871,C0276,SKU_028,茶包
T02872,C0095,SKU_006,米
T02872,C0095,SKU_012,麵包
T02873,C0968,SKU_003,啤酒
T02873,C0968,SKU_015,牛奶
T02873,C0968,SKU_025,衛生紙
T02873,C0968,SKU_028,茶包
T02873,C0968,SKU_030,SKU_NEW_002
T02874,C0815,SKU_010,寶特瓶飲料
T02874,C0815,SKU_012,麵包
T02874,C0815,SKU_013,果醬
T02874,C0815,SKU_025,衛生紙
T02874,C0815,SKU_030,SKU_NEW_002
T02875,C0354,SKU_005,塑膠袋
T02875,C0354,SKU_017,蘋果
T02875,C0354,SKU_022,巧克力
T02875,C0354,SKU_025,衛生紙
T02875,C0354,SKU_027,洗髮精
T02875,C0354,SKU_030,SKU_NEW_002
T02876,C0690,SKU_005,塑膠袋
T02876,C0690,SKU_018,香蕉
T02876,C0690,SKU_027,洗髮精
T02876,C0690,SKU_029,SKU_NEW_001
T02877,C0629,SKU_004,紅酒
T02877,C0629,SKU_005,塑膠袋
T02877,C0629,SKU_007,可樂
T02877,C0629,SKU_009,礦泉水
T02877,C0629,SKU_011,杯麵
T02877,C0629,SKU_013,果醬
T02877,C0629,SKU_030,SKU_NEW_002
T02878,C0525,SKU_001,尿布
T02878,C0525,SKU_003,啤酒
T02878,C0525,SKU_014,雪碧
T02879,C0366,SKU_004,紅酒
T02879,C0366,SKU_006,米
T02879,C0366,SKU_007,可樂
T02879,C0366,SKU_008,醬油
T02879,C0366,SKU_027,洗髮精
T02880,C0078,SKU_004,紅酒
T02880,C0078,SKU_010,寶特瓶飲料
T02880,C0078,SKU_014,雪碧
T02880,C0078,SKU_021,餅乾
T02880,C0078,SKU_026,牙膏
T02880,C0078,SKU_030,SKU_NEW_002
T02881,C1223,SKU_002,起司
T02881,C1223,SKU_010,寶特瓶飲料
T02881,C1223,SKU_017,蘋果
T02881,C1223,SKU_022,巧克力
T02881,C1223,SKU_026,牙膏
T02882,C0189,SKU_001,尿布
T02882,C0189,SKU_009,礦泉水
T02882,C0189,SKU_010,寶特瓶飲料
T02882,C0189,SKU_021,餅乾
T02883,C0111,SKU_005,塑膠袋
T02883,C0111,SKU_010,寶特瓶飲料
T02883,C0111,SKU_013,果醬
T02883,C0111,SKU_014,雪碧
T02884,C0404,SKU_002,起司
T02884,C0404,SKU_004,紅酒
T02884,C0404,SKU_011,杯麵
T02884,C0404,SKU_014,雪碧
T02885,C0684,SKU_001,尿布
T02885,C0684,SKU_003,啤酒
T02885,C0684,SKU_005,塑膠袋
T02885,C0684,SKU_009,礦泉水
T02886,C0874,SKU_010,寶特瓶飲料
T02886,C0874,SKU_011,杯麵
T02887,C0621,SKU_010,寶特瓶飲料
T02888,C0397,SKU_001,尿布
T02888,C0397,SKU_002,起司
T02888,C0397,SKU_004,紅酒
T02888,C0397,SKU_010,寶特瓶飲料
T02888,C0397,SKU_015,牛奶
T02888,C0397,SKU_019,橘子
T02888,C0397,SKU_028,茶包
T02889,C0441,SKU_002,起司
T02889,C0441,SKU_004,紅酒
T02889,C0441,SKU_010,寶特瓶飲料
T02889,C0441,SKU_017,蘋果
T02890,C0842,SKU_001,尿布
T02890,C0842,SKU_003,啤酒
T02890,C0842,SKU_008,醬油
T02890,C0842,SKU_012,麵包
T02890,C0842,SKU_013,果醬
T02890,C0842,SKU_014,雪碧
T02891,C0823,SKU_030,SKU_NEW_002
T02892,C0772,SKU_006,米
T02892,C0772,SKU_009,礦泉水
T02892,C0772,SKU_016,豆漿
T02893,C0215,SKU_006,米
T02893,C0215,SKU_008,醬油
T02893,C0215,SKU_020,葡萄
T02893,C0215,SKU_025,衛生紙
T02894,C0225,SKU_001,尿布
T02894,C0225,SKU_002,起司
T02894,C0225,SKU_004,紅酒
T02894,C0225,SKU_007,可樂
T02894,C0225,SKU_020,葡萄
T02895,C0121,SKU_009,礦泉水
T02895,C0121,SKU_010,寶特瓶飲料
T02895,C0121,SKU_017,蘋果
T02896,C0082,SKU_005,塑膠袋
T02896,C0082,SKU_007,可樂
T02896,C0082,SKU_009,礦泉水
T02897,C0636,SKU_004,紅酒
T02897,C0636,SKU_009,礦泉水
T02897,C0636,SKU_017,蘋果
T02897,C0636,SKU_018,香蕉
T02898,C0100,SKU_002,起司
T02898,C0100,SKU_004,紅酒
T02898,C0100,SKU_010,寶特瓶飲料
T02899,C0051,SKU_002,起司
T02899,C0051,SKU_004,紅酒
T02899,C0051,SKU_018,香蕉
T02900,C0854,SKU_001,尿布
T02900,C0854,SKU_028,茶包
T02900,C0854,SKU_030,SKU_NEW_002
T02901,C0560,SKU_003,啤酒
T02901,C0560,SKU_005,塑膠袋
T02901,C0560,SKU_011,杯麵
T02901,C0560,SKU_018,香蕉
T02902,C0424,SKU_006,米
T02902,C0424,SKU_008,醬油
T02902,C0424,SKU_012,麵包
T02902,C0424,SKU_017,蘋果
T02902,C0424,SKU_024,口香糖
T02903,C0210,SKU_007,可樂
T02903,C0210,SKU_017,蘋果
T02903,C0210,SKU_023,洋芋片
T02904,C0768,SKU_010,寶特瓶飲料
T02904,C0768,SKU_019,橘子
T02904,C0768,SKU_029,SKU_NEW_001
T02905,C0134,SKU_009,礦泉水
T02905,C0134,SKU_014,雪碧
T02905,C0134,SKU_028,茶包
T02906,C0503,SKU_005,塑膠袋
T02906,C0503,SKU_006,米
T02906,C0503,SKU_027,洗髮精
T02907,C0243,SKU_004,紅酒
T02907,C0243,SKU_006,米
T02907,C0243,SKU_010,寶特瓶飲料
T02908,C0385,SKU_006,米
T02908,C0385,SKU_008,醬油
T02908,C0385,SKU_009,礦泉水
T02909,C0627,SKU_009,礦泉水
T02909,C0627,SKU_026,牙膏
T02909,C0627,SKU_029,SKU_NEW_001
T02910,C0548,SKU_021,餅乾
T02911,C0241,SKU_006,米
T02911,C0241,SKU_009,礦泉水
T02911,C0241,SKU_027,洗髮精
T02912,C0790,SKU_012,麵包
T02912,C0790,SKU_025,衛生紙
T02913,C1386,SKU_007,可樂
T02913,C1386,SKU_010,寶特瓶飲料
T02914,C0101,SKU_001,尿布
T02914,C0101,SKU_003,啤酒
T02914,C0101,SKU_004,紅酒
T02914,C0101,SKU_006,米
T02914,C0101,SKU_008,醬油
T02914,C0101,SKU_010,寶特瓶飲料
T02914,C0101,SKU_019,橘子
T02914,C0101,SKU_023,洋芋片
T02914,C0101,SKU_026,牙膏
T02914,C0101,SKU_030,SKU_NEW_002
T02915,C0150,SKU_006,米
T02915,C0150,SKU_008,醬油
T02915,C0150,SKU_030,SKU_NEW_002
T02916,C0105,SKU_001,尿布
T02916,C0105,SKU_003,啤酒
T02916,C0105,SKU_005,塑膠袋
T02916,C0105,SKU_014,雪碧
T02916,C0105,SKU_023,洋芋片
T02917,C1200,SKU_007,可樂
T02917,C1200,SKU_010,寶特瓶飲料
T02917,C1200,SKU_017,蘋果
T02918,C0452,SKU_011,杯麵
T02918,C0452,SKU_021,餅乾
T02918,C0452,SKU_022,巧克力
T02918,C0452,SKU_025,衛生紙
T02918,C0452,SKU_027,洗髮精
T02918,C0452,SKU_028,茶包
T02919,C0072,SKU_005,塑膠袋
T02919,C0072,SKU_008,醬油
T02919,C0072,SKU_028,茶包
T02919,C0072,SKU_030,SKU_NEW_002
T02920,C0753,SKU_009,礦泉水
T02920,C0753,SKU_010,寶特瓶飲料
T02920,C0753,SKU_027,洗髮精
T02921,C0082,SKU_004,紅酒
T02921,C0082,SKU_005,塑膠袋
T02921,C0082,SKU_007,可樂
T02921,C0082,SKU_008,醬油
T02921,C0082,SKU_009,礦泉水
T02921,C0082,SKU_020,葡萄
T02922,C1180,SKU_004,紅酒
T02922,C1180,SKU_007,可樂
T02922,C1180,SKU_009,礦泉水
T02922,C1180,SKU_014,雪碧
T02922,C1180,SKU_019,橘子
T02922,C1180,SKU_025,衛生紙
T02923,C0702,SKU_006,米
T02923,C0702,SKU_010,寶特瓶飲料
T02923,C0702,SKU_017,蘋果
T02923,C0702,SKU_018,香蕉
T02923,C0702,SKU_023,洋芋片
T02923,C0702,SKU_028,茶包
T02924,C0672,SKU_005,塑膠袋
T02924,C0672,SKU_006,米
T02924,C0672,SKU_008,醬油
T02924,C0672,SKU_010,寶特瓶飲料
T02924,C0672,SKU_019,橘子
T02924,C0672,SKU_024,口香糖
T02925,C0773,SKU_006,米
T02925,C0773,SKU_008,醬油
T02925,C0773,SKU_010,寶特瓶飲料
T02926,C0383,SKU_004,紅酒
T02926,C0383,SKU_006,米
T02926,C0383,SKU_008,醬油
T02926,C0383,SKU_010,寶特瓶飲料
T02926,C0383,SKU_012,麵包
T02926,C0383,SKU_013,果醬
T02926,C0383,SKU_014,雪碧
T02926,C0383,SKU_021,餅乾
T02927,C0064,SKU_001,尿布
T02927,C0064,SKU_003,啤酒
T02927,C0064,SKU_004,紅酒
T02927,C0064,SKU_005,塑膠袋
T02928,C0817,SKU_005,塑膠袋
T02928,C0817,SKU_016,豆漿
T02928,C0817,SKU_028,茶包
T02928,C0817,SKU_029,SKU_NEW_001
T02928,C0817,SKU_030,SKU_NEW_002
T02929,C0544,SKU_002,起司
T02929,C0544,SKU_012,麵包
T02929,C0544,SKU_028,茶包
T02930,C0576,SKU_006,米
T02930,C0576,SKU_008,醬油
T02930,C0576,SKU_027,洗髮精
T02931,C1021,SKU_001,尿布
T02931,C1021,SKU_002,起司
T02931,C1021,SKU_003,啤酒
T02931,C1021,SKU_004,紅酒
T02931,C1021,SKU_008,醬油
T02931,C1021,SKU_009,礦泉水
T02931,C1021,SKU_028,茶包
T02931,C1021,SKU_030,SKU_NEW_002
T02932,C0161,SKU_001,尿布
T02932,C0161,SKU_002,起司
T02932,C0161,SKU_004,紅酒
T02932,C0161,SKU_005,塑膠袋
T02932,C0161,SKU_007,可樂
T02932,C0161,SKU_009,礦泉水
T02932,C0161,SKU_030,SKU_NEW_002
T02933,C0548,SKU_007,可樂
T02933,C0548,SKU_015,牛奶
T02933,C0548,SKU_022,巧克力
T02933,C0548,SKU_030,SKU_NEW_002
T02934,C1118,SKU_001,尿布
T02934,C1118,SKU_003,啤酒
T02934,C1118,SKU_005,塑膠袋
T02934,C1118,SKU_008,醬油
T02934,C1118,SKU_011,杯麵
T02935,C0941,SKU_007,可樂
T02935,C0941,SKU_008,醬油
T02935,C0941,SKU_009,礦泉水
T02935,C0941,SKU_012,麵包
T02935,C0941,SKU_015,牛奶
T02935,C0941,SKU_029,SKU_NEW_001
T02936,C1219,SKU_002,起司
T02936,C1219,SKU_009,礦泉水
T02936,C1219,SKU_010,寶特瓶飲料
T02936,C1219,SKU_013,果醬
T02936,C1219,SKU_029,SKU_NEW_001
T02937,C1041,SKU_004,紅酒
T02938,C0681,SKU_005,塑膠袋
T02938,C0681,SKU_019,橘子
T02938,C0681,SKU_026,牙膏
T02938,C0681,SKU_027,洗髮精
T02938,C0681,SKU_028,茶包
T02939,C0514,SKU_007,可樂
T02939,C0514,SKU_028,茶包
T02940,C0311,SKU_001,尿布
T02940,C0311,SKU_002,起司
T02940,C0311,SKU_004,紅酒
T02940,C0311,SKU_007,可樂
T02940,C0311,SKU_010,寶特瓶飲料
T02940,C0311,SKU_022,巧克力
T02941,C0644,SKU_004,紅酒
T02941,C0644,SKU_005,塑膠袋
T02941,C0644,SKU_007,可樂
T02941,C0644,SKU_008,醬油
T02941,C0644,SKU_012,麵包
T02941,C0644,SKU_023,洋芋片
T02942,C0220,SKU_001,尿布
T02942,C0220,SKU_003,啤酒
T02942,C0220,SKU_014,雪碧
T02942,C0220,SKU_029,SKU_NEW_001
T02943,C0643,SKU_002,起司
T02943,C0643,SKU_004,紅酒
T02943,C0643,SKU_010,寶特瓶飲料
T02944,C1053,SKU_001,尿布
T02944,C1053,SKU_003,啤酒
T02944,C1053,SKU_011,杯麵
T02944,C1053,SKU_023,洋芋片
T02944,C1053,SKU_026,牙膏
T02945,C0886,SKU_022,巧克力
T02946,C0582,SKU_001,尿布
T02946,C0582,SKU_002,起司
T02946,C0582,SKU_003,啤酒
T02946,C0582,SKU_010,寶特瓶飲料
T02946,C0582,SKU_014,雪碧
T02946,C0582,SKU_023,洋芋片
T02947,C0166,SKU_001,尿布
T02947,C0166,SKU_013,果醬
T02948,C0594,SKU_005,塑膠袋
T02948,C0594,SKU_017,蘋果
T02949,C0429,SKU_009,礦泉水
T02949,C0429,SKU_011,杯麵
T02949,C0429,SKU_013,果醬
T02949,C0429,SKU_027,洗髮精
T02949,C0429,SKU_029,SKU_NEW_001
T02950,C0404,SKU_011,杯麵
T02950,C0404,SKU_015,牛奶
T02951,C0563,SKU_005,塑膠袋
T02952,C0215,SKU_007,可樂
T02952,C0215,SKU_027,洗髮精
T02953,C0042,SKU_015,牛奶
T02953,C0042,SKU_024,口香糖
T02954,C0677,SKU_005,塑膠袋
T02954,C0677,SKU_006,米
T02954,C0677,SKU_014,雪碧
T02954,C0677,SKU_020,葡萄
T02955,C0907,SKU_008,醬油
T02955,C0907,SKU_025,衛生紙
T02956,C0031,SKU_023,洋芋片
T02957,C0227,SKU_004,紅酒
T02957,C0227,SKU_007,可樂
T02957,C0227,SKU_016,豆漿
T02958,C0853,SKU_001,尿布
T02958,C0853,SKU_003,啤酒
T02958,C0853,SKU_005,塑膠袋
T02958,C0853,SKU_010,寶特瓶飲料
T02958,C0853,SKU_013,果醬
T02958,C0853,SKU_014,雪碧
T02959,C0038,SKU_001,尿布
T02959,C0038,SKU_003,啤酒
T02959,C0038,SKU_008,醬油
T02959,C0038,SKU_018,香蕉
T02960,C0786,SKU_002,起司
T02960,C0786,SKU_005,塑膠袋
T02960,C0786,SKU_007,可樂
T02960,C0786,SKU_022,巧克力
T02960,C0786,SKU_025,衛生紙
T02961,C0007,SKU_001,尿布
T02961,C0007,SKU_003,啤酒
T02961,C0007,SKU_009,礦泉水
T02961,C0007,SKU_017,蘋果
T02961,C0007,SKU_024,口香糖
T02961,C0007,SKU_027,洗髮精
T02962,C0866,SKU_003,啤酒
T02962,C0866,SKU_005,塑膠袋
T02962,C0866,SKU_007,可樂
T02962,C0866,SKU_009,礦泉水
T02962,C0866,SKU_020,葡萄
T02963,C0167,SKU_006,米
T02963,C0167,SKU_007,可樂
T02963,C0167,SKU_008,醬油
T02963,C0167,SKU_009,礦泉水
T02963,C0167,SKU_014,雪碧
T02963,C0167,SKU_023,洋芋片
T02963,C0167,SKU_025,衛生紙
T02964,C1305,SKU_001,尿布
T02964,C1305,SKU_003,啤酒
T02964,C1305,SKU_004,紅酒
T02965,C0431,SKU_023,洋芋片
T02965,C0431,SKU_026,牙膏
T02966,C0589,SKU_004,紅酒
T02966,C0589,SKU_005,塑膠袋
T02967,C0935,SKU_005,塑膠袋
T02967,C0935,SKU_009,礦泉水
T02967,C0935,SKU_013,果醬
T02967,C0935,SKU_014,雪碧
T02968,C0131,SKU_006,米
T02968,C0131,SKU_007,可樂
T02969,C0180,SKU_021,餅乾
T02970,C1039,SKU_002,起司
T02970,C1039,SKU_004,紅酒
T02970,C1039,SKU_010,寶特瓶飲料
T02970,C1039,SKU_019,橘子
T02970,C1039,SKU_020,葡萄
T02971,C0200,SKU_005,塑膠袋
T02971,C0200,SKU_010,寶特瓶飲料
T02971,C0200,SKU_025,衛生紙
T02971,C0200,SKU_028,茶包
T02972,C0588,SKU_004,紅酒
T02972,C0588,SKU_007,可樂
T02972,C0588,SKU_014,雪碧
T02972,C0588,SKU_015,牛奶
T02973,C0494,SKU_007,可樂
T02973,C0494,SKU_027,洗髮精
T02973,C0494,SKU_030,SKU_NEW_002
T02974,C0738,SKU_005,塑膠袋
T02974,C0738,SKU_009,礦泉水
T02974,C0738,SKU_013,果醬
T02975,C0163,SKU_002,起司
T02975,C0163,SKU_010,寶特瓶飲料
T02975,C0163,SKU_030,SKU_NEW_002
T02976,C0689,SKU_017,蘋果
T02976,C0689,SKU_030,SKU_NEW_002
T02977,C0364,SKU_006,米
T02977,C0364,SKU_008,醬油
T02977,C0364,SKU_012,麵包
T02977,C0364,SKU_017,蘋果
T02977,C0364,SKU_024,口香糖
T02977,C0364,SKU_025,衛生紙
T02978,C0640,SKU_001,尿布
T02978,C0640,SKU_003,啤酒
T02978,C0640,SKU_009,礦泉水
T02978,C0640,SKU_014,雪碧
T02978,C0640,SKU_019,橘子
T02978,C0640,SKU_021,餅乾
T02978,C0640,SKU_028,茶包
T02979,C0841,SKU_001,尿布
T02979,C0841,SKU_010,寶特瓶飲料
T02979,C0841,SKU_025,衛生紙
T02980,C0093,SKU_001,尿布
T02980,C0093,SKU_003,啤酒
T02980,C0093,SKU_010,寶特瓶飲料
T02980,C0093,SKU_022,巧克力
T02981,C0029,SKU_004,紅酒
T02981,C0029,SKU_009,礦泉水
T02982,C0408,SKU_016,豆漿
T02982,C0408,SKU_019,橘子
T02982,C0408,SKU_027,洗髮精
T02983,C0590,SKU_005,塑膠袋
T02983,C0590,SKU_007,可樂
T02983,C0590,SKU_011,杯麵
T02983,C0590,SKU_013,果醬
T02984,C0609,SKU_012,麵包
T02984,C0609,SKU_027,洗髮精
T02985,C0845,SKU_001,尿布
T02985,C0845,SKU_002,起司
T02985,C0845,SKU_004,紅酒
T02985,C0845,SKU_009,礦泉水
T02985,C0845,SKU_019,橘子
T02986,C0150,SKU_003,啤酒
T02986,C0150,SKU_006,米
T02986,C0150,SKU_009,礦泉水
T02987,C0245,SKU_002,起司
T02987,C0245,SKU_004,紅酒
T02987,C0245,SKU_005,塑膠袋
T02987,C0245,SKU_006,米
T02987,C0245,SKU_008,醬油
T02987,C0245,SKU_009,礦泉水
T02987,C0245,SKU_010,寶特瓶飲料
T02987,C0245,SKU_020,葡萄
T02988,C0650,SKU_005,塑膠袋
T02988,C0650,SKU_009,礦泉水
T02988,C0650,SKU_015,牛奶
T02988,C0650,SKU_017,蘋果
T02989,C0105,SKU_006,米
T02989,C0105,SKU_008,醬油
T02990,C0835,SKU_002,起司
T02990,C0835,SKU_004,紅酒
T02990,C0835,SKU_009,礦泉水
T02990,C0835,SKU_010,寶特瓶飲料
T02990,C0835,SKU_019,橘子
T02991,C0624,SKU_006,米
T02991,C0624,SKU_008,醬油
T02991,C0624,SKU_010,寶特瓶飲料
T02991,C0624,SKU_018,香蕉
T02991,C0624,SKU_022,巧克力
T02991,C0624,SKU_023,洋芋片
T02991,C0624,SKU_028,茶包
T02992,C0467,SKU_015,牛奶
T02993,C0102,SKU_029,SKU_NEW_001
T02994,C0171,SKU_016,豆漿
T02995,C0140,SKU_008,醬油
T02995,C0140,SKU_009,礦泉水
T02995,C0140,SKU_011,杯麵
T02995,C0140,SKU_014,雪碧
T02995,C0140,SKU_018,香蕉
T02995,C0140,SKU_026,牙膏
T02996,C0053,SKU_005,塑膠袋
T02996,C0053,SKU_011,杯麵
T02996,C0053,SKU_017,蘋果
T02996,C0053,SKU_026,牙膏
T02996,C0053,SKU_028,茶包
T02997,C0335,SKU_001,尿布
T02997,C0335,SKU_003,啤酒
T02997,C0335,SKU_006,米
T02997,C0335,SKU_021,餅乾
T02997,C0335,SKU_024,口香糖
T02998,C0551,SKU_017,蘋果
T02998,C0551,SKU_019,橘子
T02998,C0551,SKU_023,洋芋片
T02999,C1334,SKU_001,尿布
T02999,C1334,SKU_002,起司
T02999,C1334,SKU_004,紅酒
T02999,C1334,SKU_007,可樂
T02999,C1334,SKU_010,寶特瓶飲料
T02999,C1334,SKU_022,巧克力
T03000,C0340,SKU_012,麵包
T03001,C1278,SKU_001,尿布
T03001,C1278,SKU_003,啤酒
T03001,C1278,SKU_010,寶特瓶飲料
T03001,C1278,SKU_012,麵包
T03001,C1278,SKU_014,雪碧
T03001,C1278,SKU_029,SKU_NEW_001
T03002,C0182,SKU_001,尿布
T03002,C0182,SKU_003,啤酒
T03002,C0182,SKU_005,塑膠袋
T03002,C0182,SKU_006,米
T03002,C0182,SKU_024,口香糖
T03003,C0093,SKU_005,塑膠袋
T03003,C0093,SKU_030,SKU_NEW_002
T03004,C0406,SKU_012,麵包
T03004,C0406,SKU_026,牙膏
T03005,C0394,SKU_003,啤酒
T03005,C0394,SKU_005,塑膠袋
T03005,C0394,SKU_009,礦泉水
T03005,C0394,SKU_013,果醬
T03005,C0394,SKU_020,葡萄
T03006,C0003,SKU_002,起司
T03006,C0003,SKU_003,啤酒
T03006,C0003,SKU_004,紅酒
T03006,C0003,SKU_005,塑膠袋
T03007,C0539,SKU_005,塑膠袋
T03007,C0539,SKU_012,麵包
T03007,C0539,SKU_014,雪碧
T03008,C0636,SKU_007,可樂
T03008,C0636,SKU_009,礦泉水
T03008,C0636,SKU_013,果醬
T03008,C0636,SKU_020,葡萄
T03009,C0515,SKU_002,起司
T03009,C0515,SKU_004,紅酒
T03009,C0515,SKU_011,杯麵
T03009,C0515,SKU_016,豆漿
T03009,C0515,SKU_026,牙膏
T03010,C0149,SKU_001,尿布
T03010,C0149,SKU_013,果醬
T03010,C0149,SKU_029,SKU_NEW_001
T03011,C0034,SKU_005,塑膠袋
T03011,C0034,SKU_006,米
T03011,C0034,SKU_008,醬油
T03011,C0034,SKU_010,寶特瓶飲料
T03011,C0034,SKU_017,蘋果
T03012,C0220,SKU_009,礦泉水
T03012,C0220,SKU_013,果醬
T03012,C0220,SKU_022,巧克力
T03012,C0220,SKU_027,洗髮精
T03013,C0033,SKU_013,果醬
T03013,C0033,SKU_020,葡萄
T03014,C0129,SKU_028,茶包
T03015,C0507,SKU_005,塑膠袋
T03015,C0507,SKU_008,醬油
T03016,C0048,SKU_002,起司
T03016,C0048,SKU_007,可樂
T03016,C0048,SKU_008,醬油
T03016,C0048,SKU_027,洗髮精
T03017,C0136,SKU_002,起司
T03017,C0136,SKU_011,杯麵
T03017,C0136,SKU_013,果醬
T03017,C0136,SKU_025,衛生紙
T03018,C0047,SKU_006,米
T03018,C0047,SKU_008,醬油
T03018,C0047,SKU_018,香蕉
T03018,C0047,SKU_027,洗髮精
T03019,C0412,SKU_001,尿布
T03019,C0412,SKU_003,啤酒
T03019,C0412,SKU_007,可樂
T03019,C0412,SKU_028,茶包
T03020,C0142,SKU_002,起司
T03020,C0142,SKU_006,米
T03020,C0142,SKU_008,醬油
T03020,C0142,SKU_021,餅乾
T03021,C0007,SKU_012,麵包
T03021,C0007,SKU_017,蘋果
T03022,C1340,SKU_007,可樂
T03022,C1340,SKU_010,寶特瓶飲料
T03022,C1340,SKU_022,巧克力
T03022,C1340,SKU_027,洗髮精
T03023,C0624,SKU_005,塑膠袋
T03023,C0624,SKU_007,可樂
T03023,C0624,SKU_009,礦泉水
T03024,C0023,SKU_008,醬油
T03024,C0023,SKU_013,果醬
T03024,C0023,SKU_014,雪碧
T03025,C0840,SKU_001,尿布
T03025,C0840,SKU_003,啤酒
T03025,C0840,SKU_013,果醬
T03025,C0840,SKU_023,洋芋片
T03026,C0852,SKU_007,可樂
T03026,C0852,SKU_030,SKU_NEW_002
T03027,C0265,SKU_001,尿布
T03027,C0265,SKU_002,起司
T03027,C0265,SKU_003,啤酒
T03027,C0265,SKU_012,麵包
T03027,C0265,SKU_020,葡萄
T03027,C0265,SKU_025,衛生紙
T03028,C1230,SKU_006,米
T03028,C1230,SKU_007,可樂
T03028,C1230,SKU_008,醬油
T03028,C1230,SKU_017,蘋果
T03028,C1230,SKU_030,SKU_NEW_002
T03029,C0010,SKU_002,起司
T03029,C0010,SKU_003,啤酒
T03029,C0010,SKU_004,紅酒
T03029,C0010,SKU_018,香蕉
T03029,C0010,SKU_026,牙膏
T03030,C1334,SKU_005,塑膠袋
T03030,C1334,SKU_006,米
T03030,C1334,SKU_007,可樂
T03030,C1334,SKU_008,醬油
T03030,C1334,SKU_010,寶特瓶飲料
T03030,C1334,SKU_011,杯麵
T03031,C0585,SKU_008,醬油
T03031,C0585,SKU_009,礦泉水
T03031,C0585,SKU_012,麵包
T03031,C0585,SKU_013,果醬
T03031,C0585,SKU_023,洋芋片
T03032,C0163,SKU_004,紅酒
T03032,C0163,SKU_006,米
T03032,C0163,SKU_018,香蕉
T03033,C0138,SKU_026,牙膏
T03034,C0734,SKU_001,尿布
T03034,C0734,SKU_002,起司
T03034,C0734,SKU_003,啤酒
T03034,C0734,SKU_004,紅酒
T03034,C0734,SKU_006,米
T03034,C0734,SKU_011,杯麵
T03034,C0734,SKU_020,葡萄
T03035,C1491,SKU_007,可樂
T03035,C1491,SKU_022,巧克力
T03035,C1491,SKU_024,口香糖
T03036,C0469,SKU_007,可樂
T03036,C0469,SKU_008,醬油
T03036,C0469,SKU_009,礦泉水
T03036,C0469,SKU_011,杯麵
T03036,C0469,SKU_026,牙膏
T03037,C0752,SKU_001,尿布
T03037,C0752,SKU_003,啤酒
T03037,C0752,SKU_005,塑膠袋
T03037,C0752,SKU_018,香蕉
T03037,C0752,SKU_020,葡萄
T03037,C0752,SKU_027,洗髮精
T03037,C0752,SKU_029,SKU_NEW_001
T03038,C0262,SKU_001,尿布
T03038,C0262,SKU_003,啤酒
T03038,C0262,SKU_012,麵包
T03038,C0262,SKU_029,SKU_NEW_001
T03039,C0504,SKU_002,起司
T03039,C0504,SKU_004,紅酒
T03039,C0504,SKU_010,寶特瓶飲料
T03040,C0523,SKU_005,塑膠袋
T03040,C0523,SKU_009,礦泉水
T03041,C0622,SKU_001,尿布
T03041,C0622,SKU_003,啤酒
T03041,C0622,SKU_009,礦泉水
T03042,C0770,SKU_007,可樂
T03042,C0770,SKU_010,寶特瓶飲料
T03042,C0770,SKU_014,雪碧
T03043,C0335,SKU_007,可樂
T03043,C0335,SKU_009,礦泉水
T03043,C0335,SKU_020,葡萄
T03043,C0335,SKU_021,餅乾
T03043,C0335,SKU_029,SKU_NEW_001
T03044,C0778,SKU_009,礦泉水
T03044,C0778,SKU_021,餅乾
T03044,C0778,SKU_022,巧克力
T03044,C0778,SKU_028,茶包
T03045,C0141,SKU_005,塑膠袋
T03045,C0141,SKU_012,麵包
T03045,C0141,SKU_014,雪碧
T03045,C0141,SKU_019,橘子
T03045,C0141,SKU_026,牙膏
T03045,C0141,SKU_028,茶包
T03046,C0748,SKU_001,尿布
T03046,C0748,SKU_003,啤酒
T03046,C0748,SKU_005,塑膠袋
T03046,C0748,SKU_006,米
T03046,C0748,SKU_008,醬油
T03046,C0748,SKU_012,麵包
T03046,C0748,SKU_025,衛生紙
T03046,C0748,SKU_030,SKU_NEW_002
T03047,C1183,SKU_001,尿布
T03047,C1183,SKU_027,洗髮精
T03048,C0896,SKU_002,起司
T03048,C0896,SKU_004,紅酒
T03048,C0896,SKU_005,塑膠袋
T03048,C0896,SKU_027,洗髮精
T03049,C0148,SKU_001,尿布
T03049,C0148,SKU_002,起司
T03049,C0148,SKU_003,啤酒
T03049,C0148,SKU_004,紅酒
T03049,C0148,SKU_007,可樂
T03049,C0148,SKU_014,雪碧
T03049,C0148,SKU_017,蘋果
T03049,C0148,SKU_018,香蕉
T03049,C0148,SKU_027,洗髮精
T03050,C0024,SKU_006,米
T03050,C0024,SKU_008,醬油
T03050,C0024,SKU_009,礦泉水
T03050,C0024,SKU_010,寶特瓶飲料
T03050,C0024,SKU_012,麵包
T03050,C0024,SKU_017,蘋果
T03050,C0024,SKU_023,洋芋片
T03051,C0076,SKU_001,尿布
T03051,C0076,SKU_003,啤酒
T03051,C0076,SKU_018,香蕉
T03051,C0076,SKU_020,葡萄
T03052,C0414,SKU_001,尿布
T03052,C0414,SKU_003,啤酒
T03052,C0414,SKU_004,紅酒
T03052,C0414,SKU_005,塑膠袋
T03052,C0414,SKU_010,寶特瓶飲料
T03052,C0414,SKU_012,麵包
T03053,C0851,SKU_009,礦泉水
T03053,C0851,SKU_027,洗髮精
T03053,C0851,SKU_028,茶包
T03054,C0055,SKU_006,米
T03054,C0055,SKU_007,可樂
T03054,C0055,SKU_008,醬油
T03054,C0055,SKU_011,杯麵
T03054,C0055,SKU_020,葡萄
T03054,C0055,SKU_028,茶包
T03055,C0488,SKU_013,果醬
T03055,C0488,SKU_022,巧克力
T03056,C1302,SKU_002,起司
T03057,C0852,SKU_007,可樂
T03057,C0852,SKU_009,礦泉水
T03057,C0852,SKU_010,寶特瓶飲料
T03057,C0852,SKU_012,麵包
T03057,C0852,SKU_019,橘子
T03057,C0852,SKU_029,SKU_NEW_001
T03058,C0865,SKU_002,起司
T03058,C0865,SKU_003,啤酒
T03058,C0865,SKU_004,紅酒
T03058,C0865,SKU_005,塑膠袋
T03058,C0865,SKU_009,礦泉水
T03058,C0865,SKU_010,寶特瓶飲料
T03058,C0865,SKU_012,麵包
T03058,C0865,SKU_016,豆漿
T03059,C0978,SKU_002,起司
T03059,C0978,SKU_007,可樂
T03059,C0978,SKU_011,杯麵
T03059,C0978,SKU_020,葡萄
T03060,C1333,SKU_002,起司
T03060,C1333,SKU_004,紅酒
T03060,C1333,SKU_017,蘋果
T03060,C1333,SKU_030,SKU_NEW_002
T03061,C0632,SKU_010,寶特瓶飲料
T03061,C0632,SKU_024,口香糖
T03061,C0632,SKU_026,牙膏
T03062,C0141,SKU_002,起司
T03062,C0141,SKU_004,紅酒
T03062,C0141,SKU_007,可樂
T03062,C0141,SKU_012,麵包
T03062,C0141,SKU_019,橘子
T03063,C0017,SKU_002,起司
T03063,C0017,SKU_004,紅酒
T03063,C0017,SKU_009,礦泉水
T03063,C0017,SKU_022,巧克力
T03063,C0017,SKU_023,洋芋片
T03063,C0017,SKU_027,洗髮精
T03063,C0017,SKU_028,茶包
T03064,C1173,SKU_007,可樂
T03064,C1173,SKU_010,寶特瓶飲料
T03064,C1173,SKU_016,豆漿
T03064,C1173,SKU_018,香蕉
T03064,C1173,SKU_026,牙膏
T03065,C0042,SKU_008,醬油
T03065,C0042,SKU_010,寶特瓶飲料
T03066,C0120,SKU_005,塑膠袋
T03066,C0120,SKU_007,可樂
T03066,C0120,SKU_010,寶特瓶飲料
T03066,C0120,SKU_021,餅乾
T03067,C0561,SKU_002,起司
T03067,C0561,SKU_004,紅酒
T03067,C0561,SKU_006,米
T03067,C0561,SKU_008,醬油
T03067,C0561,SKU_009,礦泉水
T03067,C0561,SKU_010,寶特瓶飲料
T03068,C0256,SKU_001,尿布
T03068,C0256,SKU_004,紅酒
T03068,C0256,SKU_009,礦泉水
T03068,C0256,SKU_012,麵包
T03068,C0256,SKU_015,牛奶
T03069,C1118,SKU_002,起司
T03069,C1118,SKU_007,可樂
T03069,C1118,SKU_009,礦泉水
T03069,C1118,SKU_016,豆漿
T03069,C1118,SKU_024,口香糖
T03069,C1118,SKU_025,衛生紙
T03069,C1118,SKU_028,茶包
T03069,C1118,SKU_030,SKU_NEW_002
T03070,C0874,SKU_004,紅酒
T03070,C0874,SKU_018,香蕉
T03070,C0874,SKU_022,巧克力
T03070,C0874,SKU_030,SKU_NEW_002
T03071,C0855,SKU_005,塑膠袋
T03071,C0855,SKU_016,豆漿
T03071,C0855,SKU_018,香蕉
T03071,C0855,SKU_019,橘子
T03071,C0855,SKU_023,洋芋片
T03071,C0855,SKU_026,牙膏
T03071,C0855,SKU_030,SKU_NEW_002
T03072,C0627,SKU_006,米
T03072,C0627,SKU_009,礦泉水
T03072,C0627,SKU_010,寶特瓶飲料
T03072,C0627,SKU_015,牛奶
T03072,C0627,SKU_030,SKU_NEW_002
T03073,C1270,SKU_002,起司
T03073,C1270,SKU_006,米
T03073,C1270,SKU_008,醬油
T03073,C1270,SKU_015,牛奶
T03073,C1270,SKU_029,SKU_NEW_001
T03074,C0897,SKU_005,塑膠袋
T03074,C0897,SKU_007,可樂
T03074,C0897,SKU_009,礦泉水
T03074,C0897,SKU_010,寶特瓶飲料
T03074,C0897,SKU_021,餅乾
T03074,C0897,SKU_029,SKU_NEW_001
T03075,C1030,SKU_005,塑膠袋
T03075,C1030,SKU_007,可樂
T03075,C1030,SKU_008,醬油
T03075,C1030,SKU_011,杯麵
T03075,C1030,SKU_021,餅乾
T03076,C0027,SKU_015,牛奶
T03076,C0027,SKU_022,巧克力
T03077,C0116,SKU_003,啤酒
T03077,C0116,SKU_004,紅酒
T03077,C0116,SKU_005,塑膠袋
T03077,C0116,SKU_006,米
T03077,C0116,SKU_008,醬油
T03077,C0116,SKU_009,礦泉水
T03077,C0116,SKU_018,香蕉
T03077,C0116,SKU_022,巧克力
T03077,C0116,SKU_025,衛生紙
T03078,C0166,SKU_002,起司
T03078,C0166,SKU_004,紅酒
T03078,C0166,SKU_007,可樂
T03078,C0166,SKU_018,香蕉
T03078,C0166,SKU_029,SKU_NEW_001
T03079,C0125,SKU_010,寶特瓶飲料
T03079,C0125,SKU_022,巧克力
T03080,C0735,SKU_002,起司
T03080,C0735,SKU_004,紅酒
T03080,C0735,SKU_007,可樂
T03080,C0735,SKU_010,寶特瓶飲料
T03080,C0735,SKU_013,果醬
T03080,C0735,SKU_019,橘子
T03080,C0735,SKU_028,茶包
T03080,C0735,SKU_030,SKU_NEW_002
T03081,C0408,SKU_001,尿布
T03081,C0408,SKU_003,啤酒
T03081,C0408,SKU_011,杯麵
T03081,C0408,SKU_016,豆漿
T03082,C0881,SKU_005,塑膠袋
T03082,C0881,SKU_009,礦泉水
T03082,C0881,SKU_012,麵包
T03082,C0881,SKU_015,牛奶
T03082,C0881,SKU_019,橘子
T03082,C0881,SKU_025,衛生紙
T03083,C0253,SKU_002,起司
T03083,C0253,SKU_003,啤酒
T03083,C0253,SKU_004,紅酒
T03083,C0253,SKU_011,杯麵
T03083,C0253,SKU_015,牛奶
T03083,C0253,SKU_024,口香糖
T03084,C0069,SKU_001,尿布
T03084,C0069,SKU_003,啤酒
T03084,C0069,SKU_004,紅酒
T03084,C0069,SKU_005,塑膠袋
T03084,C0069,SKU_007,可樂
T03084,C0069,SKU_009,礦泉水
T03084,C0069,SKU_010,寶特瓶飲料
T03084,C0069,SKU_023,洋芋片
T03084,C0069,SKU_028,茶包
T03085,C0005,SKU_001,尿布
T03085,C0005,SKU_005,塑膠袋
T03085,C0005,SKU_008,醬油
T03086,C0268,SKU_001,尿布
T03086,C0268,SKU_003,啤酒
T03086,C0268,SKU_006,米
T03086,C0268,SKU_007,可樂
T03086,C0268,SKU_008,醬油
T03086,C0268,SKU_023,洋芋片
T03086,C0268,SKU_027,洗髮精
T03087,C0613,SKU_001,尿布
T03087,C0613,SKU_003,啤酒
T03087,C0613,SKU_005,塑膠袋
T03087,C0613,SKU_006,米
T03087,C0613,SKU_007,可樂
T03087,C0613,SKU_008,醬油
T03087,C0613,SKU_013,果醬
T03087,C0613,SKU_027,洗髮精
T03087,C0613,SKU_028,茶包
T03088,C0913,SKU_001,尿布
T03088,C0913,SKU_007,可樂
T03088,C0913,SKU_013,果醬
T03088,C0913,SKU_028,茶包
T03088,C0913,SKU_030,SKU_NEW_002
T03089,C0664,SKU_006,米
T03089,C0664,SKU_008,醬油
T03089,C0664,SKU_015,牛奶
T03090,C0180,SKU_002,起司
T03090,C0180,SKU_004,紅酒
T03090,C0180,SKU_015,牛奶
T03091,C0943,SKU_001,尿布
T03091,C0943,SKU_003,啤酒
T03091,C0943,SKU_006,米
T03091,C0943,SKU_007,可樂
T03091,C0943,SKU_008,醬油
T03091,C0943,SKU_015,牛奶
T03091,C0943,SKU_020,葡萄
T03091,C0943,SKU_025,衛生紙
T03092,C0762,SKU_007,可樂
T03092,C0762,SKU_009,礦泉水
T03093,C0087,SKU_005,塑膠袋
T03093,C0087,SKU_007,可樂
T03093,C0087,SKU_009,礦泉水
T03093,C0087,SKU_025,衛生紙
T03094,C0673,SKU_007,可樂
T03094,C0673,SKU_017,蘋果
T03094,C0673,SKU_021,餅乾
T03095,C0511,SKU_001,尿布
T03095,C0511,SKU_007,可樂
T03095,C0511,SKU_009,礦泉水
T03095,C0511,SKU_024,口香糖
T03096,C0350,SKU_007,可樂
T03096,C0350,SKU_010,寶特瓶飲料
T03096,C0350,SKU_018,香蕉
T03096,C0350,SKU_025,衛生紙
T03097,C0598,SKU_002,起司
T03097,C0598,SKU_004,紅酒
T03097,C0598,SKU_015,牛奶
T03097,C0598,SKU_017,蘋果
T03098,C0545,SKU_001,尿布
T03098,C0545,SKU_003,啤酒
T03098,C0545,SKU_022,巧克力
T03099,C0394,SKU_009,礦泉水
T03100,C0070,SKU_008,醬油
T03101,C0135,SKU_012,麵包
T03101,C0135,SKU_020,葡萄
T03102,C0386,SKU_001,尿布
T03102,C0386,SKU_011,杯麵
T03102,C0386,SKU_022,巧克力
T03102,C0386,SKU_029,SKU_NEW_001
T03103,C0235,SKU_010,寶特瓶飲料
T03103,C0235,SKU_011,杯麵
T03104,C0037,SKU_002,起司
T03104,C0037,SKU_004,紅酒
T03104,C0037,SKU_019,橘子
T03104,C0037,SKU_020,葡萄
T03104,C0037,SKU_025,衛生紙
T03105,C0515,SKU_006,米
T03105,C0515,SKU_007,可樂
T03105,C0515,SKU_008,醬油
T03105,C0515,SKU_021,餅乾
T03106,C0489,SKU_027,洗髮精
T03106,C0489,SKU_028,茶包
T03106,C0489,SKU_029,SKU_NEW_001
T03107,C0032,SKU_002,起司
T03107,C0032,SKU_004,紅酒
T03107,C0032,SKU_007,可樂
T03107,C0032,SKU_008,醬油
T03107,C0032,SKU_021,餅乾
T03108,C0102,SKU_005,塑膠袋
T03108,C0102,SKU_022,巧克力
T03108,C0102,SKU_023,洋芋片
T03108,C0102,SKU_029,SKU_NEW_001
T03109,C0563,SKU_006,米
T03109,C0563,SKU_008,醬油
T03109,C0563,SKU_019,橘子
T03109,C0563,SKU_030,SKU_NEW_002
T03110,C0609,SKU_007,可樂
T03111,C0874,SKU_001,尿布
T03111,C0874,SKU_024,口香糖
T03111,C0874,SKU_025,衛生紙
T03111,C0874,SKU_029,SKU_NEW_001
T03112,C0506,SKU_004,紅酒
T03112,C0506,SKU_006,米
T03112,C0506,SKU_008,醬油
T03112,C0506,SKU_009,礦泉水
T03112,C0506,SKU_011,杯麵
T03112,C0506,SKU_024,口香糖
T03112,C0506,SKU_029,SKU_NEW_001
T03113,C0520,SKU_011,杯麵
T03113,C0520,SKU_021,餅乾
T03113,C0520,SKU_027,洗髮精
T03114,C0448,SKU_001,尿布
T03114,C0448,SKU_003,啤酒
T03114,C0448,SKU_009,礦泉水
T03114,C0448,SKU_015,牛奶
T03115,C0299,SKU_009,礦泉水
T03115,C0299,SKU_019,橘子
T03115,C0299,SKU_029,SKU_NEW_001
T03116,C0675,SKU_009,礦泉水
T03116,C0675,SKU_018,香蕉
T03117,C0010,SKU_001,尿布
T03117,C0010,SKU_003,啤酒
T03117,C0010,SKU_009,礦泉水
T03117,C0010,SKU_010,寶特瓶飲料
T03117,C0010,SKU_017,蘋果
T03118,C0046,SKU_008,醬油
T03118,C0046,SKU_010,寶特瓶飲料
T03118,C0046,SKU_020,葡萄
T03119,C0095,SKU_006,米
T03119,C0095,SKU_007,可樂
T03119,C0095,SKU_016,豆漿
T03119,C0095,SKU_020,葡萄
T03120,C0286,SKU_007,可樂
T03120,C0286,SKU_009,礦泉水
T03120,C0286,SKU_014,雪碧
T03121,C0380,SKU_005,塑膠袋
T03121,C0380,SKU_007,可樂
T03121,C0380,SKU_010,寶特瓶飲料
T03121,C0380,SKU_017,蘋果
T03122,C0194,SKU_006,米
T03122,C0194,SKU_008,醬油
T03122,C0194,SKU_023,洋芋片
T03123,C0749,SKU_010,寶特瓶飲料
T03123,C0749,SKU_023,洋芋片
T03124,C0108,SKU_007,可樂
T03124,C0108,SKU_008,醬油
T03124,C0108,SKU_009,礦泉水
T03124,C0108,SKU_010,寶特瓶飲料
T03124,C0108,SKU_022,巧克力
T03125,C0070,SKU_004,紅酒
T03125,C0070,SKU_013,果醬
T03125,C0070,SKU_014,雪碧
T03125,C0070,SKU_015,牛奶
T03126,C0881,SKU_025,衛生紙
T03126,C0881,SKU_026,牙膏
T03126,C0881,SKU_028,茶包
T03126,C0881,SKU_030,SKU_NEW_002
T03127,C0295,SKU_004,紅酒
T03127,C0295,SKU_010,寶特瓶飲料
T03127,C0295,SKU_013,果醬
T03127,C0295,SKU_014,雪碧
T03127,C0295,SKU_021,餅乾
T03128,C0629,SKU_001,尿布
T03128,C0629,SKU_009,礦泉水
T03128,C0629,SKU_010,寶特瓶飲料
T03129,C0287,SKU_006,米
T03129,C0287,SKU_008,醬油
T03129,C0287,SKU_021,餅乾
T03129,C0287,SKU_024,口香糖
T03129,C0287,SKU_026,牙膏
T03130,C0652,SKU_001,尿布
T03130,C0652,SKU_002,起司
T03130,C0652,SKU_004,紅酒
T03130,C0652,SKU_005,塑膠袋
T03130,C0652,SKU_006,米
T03130,C0652,SKU_009,礦泉水
T03130,C0652,SKU_015,牛奶
T03130,C0652,SKU_029,SKU_NEW_001
T03131,C0046,SKU_005,塑膠袋
T03132,C0635,SKU_012,麵包
T03132,C0635,SKU_023,洋芋片
T03132,C0635,SKU_026,牙膏
T03133,C0171,SKU_005,塑膠袋
T03134,C0588,SKU_003,啤酒
T03135,C0799,SKU_004,紅酒
T03135,C0799,SKU_009,礦泉水
T03135,C0799,SKU_014,雪碧
T03135,C0799,SKU_020,葡萄
T03136,C0334,SKU_002,起司
T03136,C0334,SKU_004,紅酒
T03137,C0019,SKU_007,可樂
T03137,C0019,SKU_018,香蕉
T03137,C0019,SKU_027,洗髮精
T03138,C0705,SKU_007,可樂
T03138,C0705,SKU_008,醬油
T03138,C0705,SKU_017,蘋果
T03138,C0705,SKU_023,洋芋片
T03139,C0810,SKU_025,衛生紙
T03140,C0669,SKU_005,塑膠袋
T03140,C0669,SKU_009,礦泉水
T03140,C0669,SKU_021,餅乾
T03141,C0423,SKU_023,洋芋片
T03141,C0423,SKU_029,SKU_NEW_001
T03142,C0043,SKU_004,紅酒
T03142,C0043,SKU_023,洋芋片
T03143,C0068,SKU_002,起司
T03143,C0068,SKU_004,紅酒
T03143,C0068,SKU_005,塑膠袋
T03143,C0068,SKU_020,葡萄
T03143,C0068,SKU_021,餅乾
T03143,C0068,SKU_026,牙膏
T03144,C0652,SKU_002,起司
T03144,C0652,SKU_004,紅酒
T03144,C0652,SKU_009,礦泉水
T03144,C0652,SKU_013,果醬
T03144,C0652,SKU_014,雪碧
T03145,C0331,SKU_007,可樂
T03145,C0331,SKU_010,寶特瓶飲料
T03145,C0331,SKU_029,SKU_NEW_001
T03145,C0331,SKU_030,SKU_NEW_002
T03146,C0407,SKU_001,尿布
T03146,C0407,SKU_003,啤酒
T03146,C0407,SKU_020,葡萄
T03147,C0286,SKU_003,啤酒
T03147,C0286,SKU_004,紅酒
T03147,C0286,SKU_009,礦泉水
T03147,C0286,SKU_010,寶特瓶飲料
T03148,C1393,SKU_002,起司
T03148,C1393,SKU_004,紅酒
T03148,C1393,SKU_027,洗髮精
T03149,C0281,SKU_005,塑膠袋
T03149,C0281,SKU_027,洗髮精
T03150,C0009,SKU_001,尿布
T03150,C0009,SKU_003,啤酒
T03150,C0009,SKU_004,紅酒
T03150,C0009,SKU_024,口香糖
T03151,C0018,SKU_004,紅酒
T03151,C0018,SKU_005,塑膠袋
T03151,C0018,SKU_019,橘子
T03151,C0018,SKU_020,葡萄
T03151,C0018,SKU_030,SKU_NEW_002
T03152,C0888,SKU_005,塑膠袋
T03152,C0888,SKU_007,可樂
T03152,C0888,SKU_008,醬油
T03152,C0888,SKU_010,寶特瓶飲料
T03152,C0888,SKU_017,蘋果
T03152,C0888,SKU_023,洋芋片
T03152,C0888,SKU_024,口香糖
T03153,C0382,SKU_004,紅酒
T03153,C0382,SKU_023,洋芋片
T03154,C1168,SKU_005,塑膠袋
T03154,C1168,SKU_014,雪碧
T03155,C0401,SKU_007,可樂
T03155,C0401,SKU_008,醬油
T03155,C0401,SKU_010,寶特瓶飲料
T03156,C1354,SKU_001,尿布
T03156,C1354,SKU_003,啤酒
T03156,C1354,SKU_005,塑膠袋
T03156,C1354,SKU_006,米
T03156,C1354,SKU_008,醬油
T03156,C1354,SKU_023,洋芋片
T03157,C0102,SKU_005,塑膠袋
T03157,C0102,SKU_022,巧克力
T03157,C0102,SKU_028,茶包
T03157,C0102,SKU_029,SKU_NEW_001
T03158,C0736,SKU_002,起司
T03158,C0736,SKU_004,紅酒
T03158,C0736,SKU_008,醬油
T03158,C0736,SKU_019,橘子
T03159,C0839,SKU_002,起司
T03159,C0839,SKU_003,啤酒
T03159,C0839,SKU_004,紅酒
T03159,C0839,SKU_005,塑膠袋
T03159,C0839,SKU_008,醬油
T03159,C0839,SKU_013,果醬
T03159,C0839,SKU_018,香蕉
T03160,C0396,SKU_012,麵包
T03160,C0396,SKU_023,洋芋片
T03160,C0396,SKU_026,牙膏
T03161,C0099,SKU_002,起司
T03161,C0099,SKU_004,紅酒
T03161,C0099,SKU_006,米
T03161,C0099,SKU_009,礦泉水
T03161,C0099,SKU_014,雪碧
T03161,C0099,SKU_028,茶包
T03162,C1203,SKU_021,餅乾
T03162,C1203,SKU_029,SKU_NEW_001
T03163,C0142,SKU_001,尿布
T03163,C0142,SKU_003,啤酒
T03163,C0142,SKU_007,可樂
T03163,C0142,SKU_016,豆漿
T03164,C0143,SKU_005,塑膠袋
T03164,C0143,SKU_015,牛奶
T03164,C0143,SKU_016,豆漿
T03164,C0143,SKU_023,洋芋片
T03164,C0143,SKU_027,洗髮精
T03165,C0274,SKU_002,起司
T03165,C0274,SKU_006,米
T03165,C0274,SKU_007,可樂
T03165,C0274,SKU_008,醬油
T03165,C0274,SKU_013,果醬
T03165,C0274,SKU_014,雪碧
T03165,C0274,SKU_022,巧克力
T03166,C0477,SKU_005,塑膠袋
T03166,C0477,SKU_006,米
T03166,C0477,SKU_008,醬油
T03166,C0477,SKU_010,寶特瓶飲料
T03166,C0477,SKU_012,麵包
T03167,C0376,SKU_015,牛奶
T03168,C1154,SKU_002,起司
T03168,C1154,SKU_003,啤酒
T03168,C1154,SKU_004,紅酒
T03168,C1154,SKU_005,塑膠袋
T03168,C1154,SKU_007,可樂
T03168,C1154,SKU_016,豆漿
T03168,C1154,SKU_017,蘋果
T03169,C0210,SKU_005,塑膠袋
T03169,C0210,SKU_008,醬油
T03169,C0210,SKU_011,杯麵
T03169,C0210,SKU_013,果醬
T03169,C0210,SKU_016,豆漿
T03169,C0210,SKU_020,葡萄
T03170,C0100,SKU_018,香蕉
T03171,C0159,SKU_007,可樂
T03171,C0159,SKU_016,豆漿
T03171,C0159,SKU_028,茶包
T03172,C0317,SKU_002,起司
T03172,C0317,SKU_006,米
T03172,C0317,SKU_007,可樂
T03172,C0317,SKU_008,醬油
T03173,C1055,SKU_004,紅酒
T03173,C1055,SKU_012,麵包
T03174,C0042,SKU_005,塑膠袋
T03174,C0042,SKU_007,可樂
T03174,C0042,SKU_010,寶特瓶飲料
T03175,C0343,SKU_010,寶特瓶飲料
T03175,C0343,SKU_017,蘋果
T03176,C0245,SKU_003,啤酒
T03176,C0245,SKU_006,米
T03176,C0245,SKU_008,醬油
T03176,C0245,SKU_009,礦泉水
T03177,C0606,SKU_013,果醬
T03177,C0606,SKU_014,雪碧
T03178,C0819,SKU_001,尿布
T03178,C0819,SKU_003,啤酒
T03178,C0819,SKU_005,塑膠袋
T03178,C0819,SKU_010,寶特瓶飲料
T03178,C0819,SKU_016,豆漿
T03179,C1423,SKU_005,塑膠袋
T03179,C1423,SKU_008,醬油
T03179,C1423,SKU_009,礦泉水
T03180,C0338,SKU_009,礦泉水
T03180,C0338,SKU_010,寶特瓶飲料
T03180,C0338,SKU_014,雪碧
T03181,C0290,SKU_006,米
T03181,C0290,SKU_008,醬油
T03181,C0290,SKU_015,牛奶
T03182,C0936,SKU_002,起司
T03182,C0936,SKU_004,紅酒
T03182,C0936,SKU_005,塑膠袋
T03182,C0936,SKU_013,果醬
T03182,C0936,SKU_016,豆漿
T03182,C0936,SKU_024,口香糖
T03182,C0936,SKU_026,牙膏
T03183,C0218,SKU_006,米
T03183,C0218,SKU_007,可樂
T03183,C0218,SKU_008,醬油
T03183,C0218,SKU_027,洗髮精
T03184,C0122,SKU_007,可樂
T03184,C0122,SKU_009,礦泉水
T03184,C0122,SKU_016,豆漿
T03184,C0122,SKU_028,茶包
T03185,C0172,SKU_009,礦泉水
T03185,C0172,SKU_026,牙膏
T03186,C0283,SKU_001,尿布
T03186,C0283,SKU_003,啤酒
T03186,C0283,SKU_007,可樂
T03186,C0283,SKU_010,寶特瓶飲料
T03186,C0283,SKU_011,杯麵
T03186,C0283,SKU_018,香蕉
T03186,C0283,SKU_020,葡萄
T03186,C0283,SKU_023,洋芋片
T03186,C0283,SKU_030,SKU_NEW_002
T03187,C0604,SKU_001,尿布
T03187,C0604,SKU_003,啤酒
T03187,C0604,SKU_004,紅酒
T03187,C0604,SKU_010,寶特瓶飲料
T03187,C0604,SKU_016,豆漿
T03187,C0604,SKU_023,洋芋片
T03188,C0551,SKU_001,尿布
T03188,C0551,SKU_003,啤酒
T03188,C0551,SKU_013,果醬
T03188,C0551,SKU_027,洗髮精
T03189,C1016,SKU_002,起司
T03189,C1016,SKU_006,米
T03189,C1016,SKU_009,礦泉水
T03189,C1016,SKU_027,洗髮精
T03190,C0111,SKU_008,醬油
T03190,C0111,SKU_009,礦泉水
T03191,C0765,SKU_007,可樂
T03191,C0765,SKU_010,寶特瓶飲料
T03191,C0765,SKU_028,茶包
T03192,C0336,SKU_005,塑膠袋
T03192,C0336,SKU_015,牛奶
T03192,C0336,SKU_025,衛生紙
T03192,C0336,SKU_027,洗髮精
T03193,C0473,SKU_005,塑膠袋
T03193,C0473,SKU_006,米
T03193,C0473,SKU_007,可樂
T03193,C0473,SKU_008,醬油
T03193,C0473,SKU_009,礦泉水
T03193,C0473,SKU_010,寶特瓶飲料
T03193,C0473,SKU_023,洋芋片
T03193,C0473,SKU_025,衛生紙
T03194,C1160,SKU_005,塑膠袋
T03194,C1160,SKU_025,衛生紙
T03195,C0025,SKU_002,起司
T03195,C0025,SKU_006,米
T03195,C0025,SKU_008,醬油
T03195,C0025,SKU_016,豆漿
T03195,C0025,SKU_020,葡萄
T03196,C0782,SKU_026,牙膏
T03196,C0782,SKU_030,SKU_NEW_002
T03197,C0053,SKU_002,起司
T03197,C0053,SKU_005,塑膠袋
T03197,C0053,SKU_010,寶特瓶飲料
T03197,C0053,SKU_021,餅乾
T03197,C0053,SKU_023,洋芋片
T03197,C0053,SKU_030,SKU_NEW_002
T03198,C0835,SKU_007,可樂
T03198,C0835,SKU_010,寶特瓶飲料
T03198,C0835,SKU_025,衛生紙
T03199,C0150,SKU_003,啤酒
T03199,C0150,SKU_019,橘子
T03199,C0150,SKU_025,衛生紙
T03200,C0511,SKU_005,塑膠袋
T03200,C0511,SKU_007,可樂
T03201,C0073,SKU_009,礦泉水
T03201,C0073,SKU_030,SKU_NEW_002
T03202,C1324,SKU_006,米
T03202,C1324,SKU_008,醬油
T03202,C1324,SKU_009,礦泉水
T03202,C1324,SKU_011,杯麵
T03202,C1324,SKU_014,雪碧
T03203,C0040,SKU_002,起司
T03203,C0040,SKU_004,紅酒
T03203,C0040,SKU_009,礦泉水
T03203,C0040,SKU_015,牛奶
T03204,C0465,SKU_004,紅酒
T03204,C0465,SKU_011,杯麵
T03204,C0465,SKU_015,牛奶
T03205,C0681,SKU_019,橘子
T03205,C0681,SKU_022,巧克力
T03205,C0681,SKU_030,SKU_NEW_002
T03206,C0763,SKU_005,塑膠袋
T03206,C0763,SKU_006,米
T03206,C0763,SKU_010,寶特瓶飲料
T03206,C0763,SKU_023,洋芋片
T03206,C0763,SKU_028,茶包
T03207,C0026,SKU_006,米
T03207,C0026,SKU_007,可樂
T03207,C0026,SKU_008,醬油
T03207,C0026,SKU_012,麵包
T03207,C0026,SKU_020,葡萄
T03207,C0026,SKU_028,茶包
T03208,C0597,SKU_005,塑膠袋
T03208,C0597,SKU_009,礦泉水
T03208,C0597,SKU_011,杯麵
T03209,C0013,SKU_005,塑膠袋
T03209,C0013,SKU_008,醬油
T03209,C0013,SKU_012,麵包
T03210,C0246,SKU_002,起司
T03210,C0246,SKU_008,醬油
T03210,C0246,SKU_015,牛奶
T03211,C0412,SKU_001,尿布
T03211,C0412,SKU_003,啤酒
T03211,C0412,SKU_005,塑膠袋
T03211,C0412,SKU_006,米
T03211,C0412,SKU_012,麵包
T03211,C0412,SKU_014,雪碧
T03211,C0412,SKU_024,口香糖
T03211,C0412,SKU_028,茶包
T03212,C0173,SKU_009,礦泉水
T03212,C0173,SKU_013,果醬
T03212,C0173,SKU_025,衛生紙
T03212,C0173,SKU_030,SKU_NEW_002
T03213,C0096,SKU_006,米
T03213,C0096,SKU_008,醬油
T03213,C0096,SKU_009,礦泉水
T03213,C0096,SKU_030,SKU_NEW_002
T03214,C0941,SKU_001,尿布
T03214,C0941,SKU_027,洗髮精
T03215,C0426,SKU_002,起司
T03215,C0426,SKU_004,紅酒
T03215,C0426,SKU_008,醬油
T03215,C0426,SKU_024,口香糖
T03215,C0426,SKU_030,SKU_NEW_002
T03216,C0319,SKU_002,起司
T03216,C0319,SKU_004,紅酒
T03216,C0319,SKU_009,礦泉水
T03216,C0319,SKU_018,香蕉
T03216,C0319,SKU_019,橘子
T03217,C0149,SKU_002,起司
T03217,C0149,SKU_005,塑膠袋
T03217,C0149,SKU_026,牙膏
T03217,C0149,SKU_029,SKU_NEW_001
T03218,C0306,SKU_012,麵包
T03218,C0306,SKU_018,香蕉
T03218,C0306,SKU_024,口香糖
T03218,C0306,SKU_025,衛生紙
T03219,C0031,SKU_020,葡萄
T03219,C0031,SKU_025,衛生紙
T03220,C0046,SKU_022,巧克力
T03220,C0046,SKU_030,SKU_NEW_002
T03221,C0224,SKU_017,蘋果
T03221,C0224,SKU_022,巧克力
T03221,C0224,SKU_026,牙膏
T03222,C0328,SKU_002,起司
T03222,C0328,SKU_004,紅酒
T03222,C0328,SKU_011,杯麵
T03222,C0328,SKU_012,麵包
T03223,C0451,SKU_008,醬油
T03223,C0451,SKU_011,杯麵
T03223,C0451,SKU_015,牛奶
T03223,C0451,SKU_019,橘子
T03224,C0024,SKU_016,豆漿
T03224,C0024,SKU_019,橘子
T03225,C0349,SKU_015,牛奶
T03225,C0349,SKU_016,豆漿
T03225,C0349,SKU_023,洋芋片
T03226,C0191,SKU_001,尿布
T03226,C0191,SKU_002,起司
T03226,C0191,SKU_003,啤酒
T03226,C0191,SKU_004,紅酒
T03226,C0191,SKU_006,米
T03226,C0191,SKU_008,醬油
T03226,C0191,SKU_020,葡萄
T03226,C0191,SKU_021,餅乾
T03227,C1126,SKU_002,起司
T03227,C1126,SKU_004,紅酒
T03227,C1126,SKU_010,寶特瓶飲料
T03227,C1126,SKU_026,牙膏
T03227,C1126,SKU_030,SKU_NEW_002
T03228,C0895,SKU_001,尿布
T03228,C0895,SKU_003,啤酒
T03228,C0895,SKU_004,紅酒
T03228,C0895,SKU_025,衛生紙
T03229,C0363,SKU_001,尿布
T03229,C0363,SKU_003,啤酒
T03229,C0363,SKU_004,紅酒
T03229,C0363,SKU_009,礦泉水
T03229,C0363,SKU_014,雪碧
T03229,C0363,SKU_017,蘋果
T03229,C0363,SKU_030,SKU_NEW_002
T03230,C0097,SKU_004,紅酒
T03230,C0097,SKU_006,米
T03230,C0097,SKU_008,醬油
T03230,C0097,SKU_010,寶特瓶飲料
T03230,C0097,SKU_019,橘子
T03231,C0099,SKU_002,起司
T03231,C0099,SKU_004,紅酒
T03231,C0099,SKU_006,米
T03231,C0099,SKU_015,牛奶
T03231,C0099,SKU_021,餅乾
T03231,C0099,SKU_026,牙膏
T03232,C0567,SKU_015,牛奶
T03232,C0567,SKU_022,巧克力
T03233,C0817,SKU_009,礦泉水
T03233,C0817,SKU_018,香蕉
T03233,C0817,SKU_028,茶包
T03234,C0398,SKU_001,尿布
T03234,C0398,SKU_003,啤酒
T03234,C0398,SKU_007,可樂
T03234,C0398,SKU_010,寶特瓶飲料
T03235,C0488,SKU_001,尿布
T03235,C0488,SKU_017,蘋果
T03235,C0488,SKU_020,葡萄
T03235,C0488,SKU_022,巧克力
T03235,C0488,SKU_027,洗髮精
T03236,C0076,SKU_001,尿布
T03236,C0076,SKU_007,可樂
T03236,C0076,SKU_009,礦泉水
T03236,C0076,SKU_010,寶特瓶飲料
T03236,C0076,SKU_018,香蕉
T03237,C0462,SKU_005,塑膠袋
T03238,C0406,SKU_006,米
T03238,C0406,SKU_008,醬油
T03238,C0406,SKU_009,礦泉水
T03238,C0406,SKU_010,寶特瓶飲料
T03238,C0406,SKU_021,餅乾
T03238,C0406,SKU_023,洋芋片
T03239,C0194,SKU_014,雪碧
T03239,C0194,SKU_019,橘子
T03239,C0194,SKU_022,巧克力
T03240,C0114,SKU_021,餅乾
T03240,C0114,SKU_022,巧克力
T03240,C0114,SKU_025,衛生紙
T03240,C0114,SKU_027,洗髮精
T03241,C0711,SKU_001,尿布
T03241,C0711,SKU_003,啤酒
T03241,C0711,SKU_007,可樂
T03241,C0711,SKU_012,麵包
T03241,C0711,SKU_016,豆漿
T03242,C0051,SKU_001,尿布
T03242,C0051,SKU_002,起司
T03242,C0051,SKU_004,紅酒
T03242,C0051,SKU_005,塑膠袋
T03242,C0051,SKU_012,麵包
T03242,C0051,SKU_016,豆漿
T03242,C0051,SKU_026,牙膏
T03243,C0283,SKU_001,尿布
T03243,C0283,SKU_003,啤酒
T03243,C0283,SKU_014,雪碧
T03243,C0283,SKU_022,巧克力
T03243,C0283,SKU_024,口香糖
T03244,C0875,SKU_002,起司
T03244,C0875,SKU_004,紅酒
T03245,C0637,SKU_007,可樂
T03246,C0073,SKU_002,起司
T03246,C0073,SKU_004,紅酒
T03246,C0073,SKU_024,口香糖
T03247,C0091,SKU_006,米
T03247,C0091,SKU_008,醬油
T03247,C0091,SKU_012,麵包
T03247,C0091,SKU_015,牛奶
T03248,C0280,SKU_001,尿布
T03248,C0280,SKU_002,起司
T03248,C0280,SKU_003,啤酒
T03248,C0280,SKU_004,紅酒
T03248,C0280,SKU_007,可樂
T03248,C0280,SKU_014,雪碧
T03248,C0280,SKU_023,洋芋片
T03249,C0381,SKU_006,米
T03249,C0381,SKU_008,醬油
T03249,C0381,SKU_010,寶特瓶飲料
T03249,C0381,SKU_022,巧克力
T03249,C0381,SKU_023,洋芋片
T03250,C0694,SKU_002,起司
T03250,C0694,SKU_004,紅酒
T03250,C0694,SKU_006,米
T03250,C0694,SKU_007,可樂
T03250,C0694,SKU_008,醬油
T03250,C0694,SKU_014,雪碧
T03250,C0694,SKU_015,牛奶
T03250,C0694,SKU_028,茶包
T03251,C0771,SKU_006,米
T03251,C0771,SKU_014,雪碧
T03251,C0771,SKU_018,香蕉
T03252,C1270,SKU_006,米
T03252,C1270,SKU_008,醬油
T03252,C1270,SKU_009,礦泉水
T03252,C1270,SKU_011,杯麵
T03253,C0138,SKU_009,礦泉水
T03253,C0138,SKU_011,杯麵
T03254,C0041,SKU_002,起司
T03254,C0041,SKU_005,塑膠袋
T03254,C0041,SKU_008,醬油
T03254,C0041,SKU_010,寶特瓶飲料
T03254,C0041,SKU_026,牙膏
T03255,C0146,SKU_005,塑膠袋
T03255,C0146,SKU_008,醬油
T03255,C0146,SKU_011,杯麵
T03256,C0007,SKU_009,礦泉水
T03256,C0007,SKU_010,寶特瓶飲料
T03257,C0770,SKU_002,起司
T03257,C0770,SKU_004,紅酒
T03257,C0770,SKU_007,可樂
T03257,C0770,SKU_023,洋芋片
T03257,C0770,SKU_030,SKU_NEW_002
T03258,C0986,SKU_002,起司
T03258,C0986,SKU_004,紅酒
T03258,C0986,SKU_005,塑膠袋
T03258,C0986,SKU_008,醬油
T03259,C0648,SKU_011,杯麵
T03259,C0648,SKU_027,洗髮精
T03260,C0303,SKU_002,起司
T03260,C0303,SKU_004,紅酒
T03260,C0303,SKU_006,米
T03260,C0303,SKU_008,醬油
T03260,C0303,SKU_016,豆漿
T03260,C0303,SKU_019,橘子
T03260,C0303,SKU_027,洗髮精
T03261,C0389,SKU_003,啤酒
T03261,C0389,SKU_007,可樂
T03261,C0389,SKU_017,蘋果
T03262,C0135,SKU_009,礦泉水
T03262,C0135,SKU_010,寶特瓶飲料
T03262,C0135,SKU_029,SKU_NEW_001
T03263,C0118,SKU_005,塑膠袋
T03263,C0118,SKU_009,礦泉水
T03263,C0118,SKU_010,寶特瓶飲料
T03264,C0121,SKU_016,豆漿
T03264,C0121,SKU_020,葡萄
T03264,C0121,SKU_029,SKU_NEW_001
T03265,C1134,SKU_001,尿布
T03265,C1134,SKU_007,可樂
T03265,C1134,SKU_008,醬油
T03265,C1134,SKU_030,SKU_NEW_002
T03266,C0186,SKU_015,牛奶
T03267,C0008,SKU_005,塑膠袋
T03267,C0008,SKU_017,蘋果
T03267,C0008,SKU_030,SKU_NEW_002
T03268,C1177,SKU_004,紅酒
T03268,C1177,SKU_007,可樂
T03268,C1177,SKU_010,寶特瓶飲料
T03268,C1177,SKU_019,橘子
T03269,C0413,SKU_001,尿布
T03269,C0413,SKU_002,起司
T03269,C0413,SKU_003,啤酒
T03269,C0413,SKU_008,醬油
T03269,C0413,SKU_012,麵包
T03270,C0913,SKU_018,香蕉
T03271,C0394,SKU_001,尿布
T03271,C0394,SKU_003,啤酒
T03271,C0394,SKU_014,雪碧
T03271,C0394,SKU_020,葡萄
T03272,C0742,SKU_005,塑膠袋
T03272,C0742,SKU_008,醬油
T03272,C0742,SKU_023,洋芋片
T03273,C0046,SKU_005,塑膠袋
T03274,C0260,SKU_010,寶特瓶飲料
T03274,C0260,SKU_014,雪碧
T03274,C0260,SKU_030,SKU_NEW_002
T03275,C0125,SKU_003,啤酒
T03275,C0125,SKU_013,果醬
T03276,C0573,SKU_001,尿布
T03276,C0573,SKU_003,啤酒
T03276,C0573,SKU_015,牛奶
T03276,C0573,SKU_024,口香糖
T03277,C1425,SKU_001,尿布
T03277,C1425,SKU_005,塑膠袋
T03278,C0651,SKU_006,米
T03278,C0651,SKU_008,醬油
T03278,C0651,SKU_009,礦泉水
T03278,C0651,SKU_027,洗髮精
T03278,C0651,SKU_028,茶包
T03279,C0133,SKU_009,礦泉水
T03279,C0133,SKU_014,雪碧
T03279,C0133,SKU_019,橘子
T03279,C0133,SKU_024,口香糖
T03279,C0133,SKU_030,SKU_NEW_002
T03280,C0576,SKU_009,礦泉水
T03280,C0576,SKU_014,雪碧
T03280,C0576,SKU_017,蘋果
T03281,C0122,SKU_005,塑膠袋
T03282,C0099,SKU_006,米
T03282,C0099,SKU_014,雪碧
T03282,C0099,SKU_015,牛奶
T03282,C0099,SKU_022,巧克力
T03283,C0229,SKU_002,起司
T03283,C0229,SKU_003,啤酒
T03283,C0229,SKU_004,紅酒
T03283,C0229,SKU_005,塑膠袋
T03283,C0229,SKU_013,果醬
T03283,C0229,SKU_030,SKU_NEW_002
T03284,C0601,SKU_003,啤酒
T03284,C0601,SKU_016,豆漿
T03284,C0601,SKU_026,牙膏
T03285,C0884,SKU_002,起司
T03285,C0884,SKU_017,蘋果
T03286,C0420,SKU_002,起司
T03286,C0420,SKU_004,紅酒
T03286,C0420,SKU_009,礦泉水
T03286,C0420,SKU_012,麵包
T03286,C0420,SKU_025,衛生紙
T03287,C1111,SKU_005,塑膠袋
T03288,C0352,SKU_001,尿布
T03288,C0352,SKU_003,啤酒
T03288,C0352,SKU_006,米
T03288,C0352,SKU_008,醬油
T03288,C0352,SKU_011,杯麵
T03288,C0352,SKU_016,豆漿
T03288,C0352,SKU_022,巧克力
T03289,C0233,SKU_005,塑膠袋
T03289,C0233,SKU_010,寶特瓶飲料
T03289,C0233,SKU_024,口香糖
T03290,C0308,SKU_008,醬油
T03290,C0308,SKU_018,香蕉
T03291,C1285,SKU_004,紅酒
T03291,C1285,SKU_005,塑膠袋
T03291,C1285,SKU_010,寶特瓶飲料
T03291,C1285,SKU_018,香蕉
T03292,C0141,SKU_001,尿布
T03293,C0206,SKU_007,可樂
T03293,C0206,SKU_009,礦泉水
T03294,C0097,SKU_004,紅酒
T03294,C0097,SKU_008,醬油
T03294,C0097,SKU_016,豆漿
T03294,C0097,SKU_027,洗髮精
T03295,C0598,SKU_001,尿布
T03295,C0598,SKU_003,啤酒
T03295,C0598,SKU_015,牛奶
T03295,C0598,SKU_018,香蕉
T03295,C0598,SKU_020,葡萄
T03295,C0598,SKU_026,牙膏
T03296,C0539,SKU_001,尿布
T03296,C0539,SKU_003,啤酒
T03296,C0539,SKU_024,口香糖
T03297,C0546,SKU_002,起司
T03297,C0546,SKU_004,紅酒
T03297,C0546,SKU_007,可樂
T03297,C0546,SKU_030,SKU_NEW_002
T03298,C1455,SKU_007,可樂
T03298,C1455,SKU_016,豆漿
T03299,C0370,SKU_001,尿布
T03299,C0370,SKU_002,起司
T03299,C0370,SKU_003,啤酒
T03299,C0370,SKU_004,紅酒
T03299,C0370,SKU_009,礦泉水
T03299,C0370,SKU_018,香蕉
